date,order_cnt,amount,pay_amount,discountAmount,refuelLiters,path,text_day,text_night,high,low,wc_day,wd_day,wc_night,wd_night,week,holidays,305_price,305_price_竞争站点,305_order_cnt,305_refuelLiters,305_amount,其它油品也都列出来305这五个字段
2023-1-1,902538,268544969.5,268544969.5,75.34,35358429.18,"南京,南京市,江苏省,中国",阴,阴,8,5,<3级,东风,<3级,东北风,星期日,元旦,7.54,"[7.21,8.13]",546095,16307411.16,123147634.4,
2023-1-2,1066437,323796828.3,323796828.3,15,42657973.35,"南京,南京市,江苏省,中国",阴,多云,9,0,<3级,北风,<3级,东风,星期一,元旦,7.54,,635905,19102708.45,144261568.3,
2023-1-3,1216502,386938985.1,386938998.8,13.73,51190308.39,"南京,南京市,江苏省,中国",多云,多云,9,0,<3级,东南风,<3级,东风,星期二,平时,7.54,,700728,21199890.56,160083029.5,
2023-1-4,874633,271284119,271284177.6,58.6,35199415.35,"南京,南京市,江苏省,中国",多云,多云,12,3,3~4级,东南风,<3级,东风,星期三,平时,7.74,,499980,14725749.74,114163925.4,
2023-1-5,901227,283022796,283022840.6,44.66,36791330.48,"南京,南京市,江苏省,中国",多云,多云,13,2,<3级,南风,<3级,西风,星期四,平时,7.74,,514479,15118148.18,117201013.4,
2023-1-6,1154679,355309546.9,355309623.6,76.65,45997139.16,"南京,南京市,江苏省,中国",晴,晴,14,1,3~4级,西风,<3级,西风,星期五,平时,7.74,,664992,19589916.68,151802322.6,
2023-1-7,1426030,422864378.1,422864509.5,131.37,54609389.5,"南京,南京市,江苏省,中国",晴,晴,16,3,3~4级,西南风,<3级,东南风,星期六,平时,7.74,,848516,24628165.2,190866135.6,
2023-1-8,996354,303850021.4,303850117.7,96.3,39507559.53,"南京,南京市,江苏省,中国",晴,晴,19,4,3~4级,南风,<3级,北风,星期日,平时,7.74,,581862,16993744.51,131725473.1,
2023-1-9,1068087,332675995.9,332676141.1,145.22,42872574.42,"南京,南京市,江苏省,中国",晴,多云,16,2,3~4级,北风,<3级,东北风,星期一,平时,7.74,,614400,18331962.96,142115278,
2023-1-10,1133381,351609569.4,351609675.1,105.74,45333761.36,"南京,南京市,江苏省,中国",多云,多云,12,3,3~4级,东南风,3~4级,东风,星期二,平时,7.74,,657425,19708566.56,152768490.1,
2023-1-11,1181269,363007545.6,363007743.3,197.7,46931182.11,"南京,南京市,江苏省,中国",多云,多云,16,9,3~4级,东风,<3级,东南风,星期三,平时,7.74,,687191,20612063.84,159788091.9,
2023-1-12,1156945,355137082.9,355137301.1,218.18,45907439.24,"南京,南京市,江苏省,中国",阵雨,小雨,16,11,3~4级,东南风,<3级,西风,星期四,平时,7.74,,675754,20403290.33,158163853.4,
2023-1-13,1567200,457451157,457451390,233.07,59197911.17,"南京,南京市,江苏省,中国",小雨,中雨,18,7,3~4级,东风,4~5级,东北风,星期五,平时,7.74,,946450,28327241.05,219538371.3,
2023-1-14,1257478,374612525.7,374612839.4,313.74,48326298.39,"南京,南京市,江苏省,中国",雨夹雪,小雪,7,-2,4~5级,北风,4~5级,北风,星期六,平时,7.74,,753525,23108234.63,179152242.8,
2023-1-15,1292128,376420960.3,376421264.8,304.56,49069147.73,"南京,南京市,江苏省,中国",阴,多云,0,-5,3~4级,北风,<3级,西北风,星期日,平时,7.74,,775986,23594117.99,182950520.4,
2023-1-16,1357553,392833106.1,392833331.2,225.11,50279612.57,"南京,南京市,江苏省,中国",晴,多云,2,-3,<3级,西北风,<3级,南风,星期一,平时,7.74,,809301,24534006.41,190230627.8,
2023-1-17,1317814,373745018,373745202.4,184.41,47941643.29,"南京,南京市,江苏省,中国",晴,晴,5,-3,3~4级,西北风,<3级,西风,星期二,平时,7.74,,788625,23739914.3,184036071.6,
2023-1-18,1497278,432844675.1,432845199.3,524.2,56235000.39,"南京,南京市,江苏省,中国",晴,多云,8,-1,<3级,西北风,<3级,南风,星期三,平时,7.58,,898569,28384383.86,215528128.8,
2023-1-19,1415888,398291277.9,398292013.9,736.05,51720343.93,"南京,南京市,江苏省,中国",晴,晴,11,-1,<3级,东南风,<3级,北风,星期四,平时,7.58,,848632,26460333.24,200889040.5,
2023-1-20,1512962,416236088.6,416236965.3,876.72,54450191.82,"南京,南京市,江苏省,中国",晴,多云,8,0,3~4级,北风,4~5级,东北风,星期五,平时,7.58,,907994,28091318.65,213222410.6,
2023-1-21,1436048,381503210.1,381503507.9,297.8,49163078.02,"南京,南京市,江苏省,中国",多云,小雨,10,5,3~4级,东南风,3~4级,东风,星期六,春节,7.58,,875775,26495004.9,201094119,
2023-1-22,543894,147753437.9,147753522.6,84.71,19047192.91,"南京,南京市,江苏省,中国",阴,阴,8,3,3~4级,北风,3~4级,北风,星期日,春节,7.58,,322159,9949981.66,75546290.28,
2023-1-23,783300,212772932.1,212773106.2,174.17,27362450.05,"南京,南京市,江苏省,中国",小雨,雨夹雪,7,-5,3~4级,北风,5~6级,北风,星期一,春节,7.58,,468725,14450184.13,109715104.5,
2023-1-24,909693,249285399,249285501.2,102.19,32093983.01,"南京,南京市,江苏省,中国",多云,多云,-1,-7,3~4级,北风,5~6级,北风,星期二,春节,7.58,,542108,16826872.61,127771961.7,
2023-1-25,1034945,282068419.7,282068618.8,199.1,36426491.44,"南京,南京市,江苏省,中国",多云,多云,0,-3,3~4级,东南风,<3级,东南风,星期三,春节,7.58,,618643,19050357.21,144669928.3,
2023-1-26,1532384,408548439.4,408548636.8,197.43,52723033.81,"南京,南京市,江苏省,中国",多云,多云,6,-3,3~4级,北风,<3级,北风,星期四,春节,7.58,,941830,28586967.72,217038282,
2023-1-27,1296471,346636615,346636803.6,188.64,44991807.67,"南京,南京市,江苏省,中国",多云,晴,3,-6,3~4级,北风,<3级,西北风,星期五,春节,7.58,,802309,24116195.57,183066268.6,
2023-1-28,1151469,318238998.2,318239167.5,169.24,41322252.74,"南京,南京市,江苏省,中国",晴,晴,7,-2,3~4级,西南风,<3级,西南风,星期六,平时,7.58,,702564,21190850.66,160851210.4,
2023-1-29,1127244,323338994.6,323339180.8,186.21,42135054.14,"南京,南京市,江苏省,中国",晴,晴,11,-1,3~4级,西风,<3级,西南风,星期日,平时,7.58,,682174,20535439.23,155895660,
2023-1-30,1115829,329852976.2,329853195.8,219.58,43162015.32,"南京,南京市,江苏省,中国",晴,晴,13,0,3~4级,东南风,<3级,东南风,星期一,平时,7.58,,668926,20120561.74,152762290.8,
2023-1-31,1136740,341844840.5,341845132.2,291.7,44908159.25,"南京,南京市,江苏省,中国",晴,多云,18,2,<3级,西风,<3级,东北风,星期二,平时,7.58,,678487,20379582.01,154697099.8,
2023-2-1,1143159,352429614.8,352429773.8,159.03,46515104.64,"南京,南京市,江苏省,中国",多云,多云,14,1,3~4级,东北风,5~6级,东北风,星期三,平时,7.58,,676050,20522054.86,155815369.6,
2023-2-2,1264053,393981821.2,393981959.7,138.52,51633515.39,"南京,南京市,江苏省,中国",阴,阴,6,2,3~4级,东风,<3级,东北风,星期四,平时,7.58,,744202,22773633.09,172912364.8,
2023-2-3,1500923,468015946.1,468016328.3,382.19,61228232.89,"南京,南京市,江苏省,中国",多云,多云,9,-1,<3级,东南风,<3级,东风,星期五,平时,7.58,,871999,26595254.4,201856099.1,
2023-2-4,944206,278100000,278100258.4,258.45,35502774.54,"南京,南京市,江苏省,中国",多云,阴,11,3,3~4级,东风,<3级,东风,星期六,平时,7.75,,557475,16176603.92,125509707.4,
2023-2-5,969887,280032597.8,280032936.8,338.97,35704602.16,"南京,南京市,江苏省,中国",多云,小雨,12,6,3~4级,东南风,3~4级,东南风,星期日,平时,7.75,,583371,16781653.5,130241727.3,
2023-2-6,1382032,407781763.6,407781938.4,174.8,52128043.84,"南京,南京市,江苏省,中国",小雨,小雨,9,7,<3级,北风,<3级,东北风,星期一,平时,7.75,,844361,25152546.26,195247600.7,
2023-2-7,1075067,331553937,331554199.2,262.16,42496323.61,"南京,南京市,江苏省,中国",阴,阴,9,5,<3级,东南风,3~4级,东风,星期二,平时,7.75,,632232,18692355.71,145074679.2,
2023-2-8,1071509,335478510.7,335478722.2,211.53,43098492.14,"南京,南京市,江苏省,中国",阴,小雨,9,6,3~4级,东风,4~5级,东风,星期三,平时,7.75,,624545,18561889.63,144078901.1,
2023-2-9,1332719,409122285.7,409122503.1,217.43,52345609.67,"南京,南京市,江苏省,中国",中雨,阴,7,4,3~4级,东南风,<3级,北风,星期四,平时,7.75,,794457,24111381.67,187172052.7,
2023-2-10,1169744,364123637.2,364123874.7,237.51,46671238.11,"南京,南京市,江苏省,中国",小雨,小雨,8,5,3~4级,东北风,3~4级,东风,星期五,平时,7.75,,680625,20331129.04,157767152.2,
2023-2-11,1051668,324780859.5,324781091.2,231.68,41612115.58,"南京,南京市,江苏省,中国",小雨,小雨,9,7,3~4级,东风,3~4级,东风,星期六,平时,7.75,,620259,18578795.03,144175523,
2023-2-12,997278,301475488,301475711.8,223.84,38567666.28,"南京,南京市,江苏省,中国",小雨,小雨,10,4,3~4级,西北风,5~6级,北风,星期日,平时,7.75,,597571,17949575.96,139322669.5,
2023-2-13,1149049,356517273.9,356517483.9,209.97,45628945.33,"南京,南京市,江苏省,中国",小雨,阴,4,0,3~4级,北风,3~4级,北风,星期一,平时,7.75,,670743,20253235.02,157253989.8,
2023-2-14,1157043,360970268.5,360970520.3,251.76,46448430.19,"南京,南京市,江苏省,中国",多云,多云,6,-1,3~4级,北风,<3级,北风,星期二,平时,7.75,,663350,19626797.53,152354755.1,
2023-2-15,1127752,355375291.8,355375589.1,297.28,45653598.35,"南京,南京市,江苏省,中国",晴,晴,9,0,3~4级,北风,<3级,东风,星期三,平时,7.75,,642489,19057371.47,147952196.4,
2023-2-16,1101633,345688432,345688625,193.04,44451636.05,"南京,南京市,江苏省,中国",晴,阴,11,6,3~4级,东南风,3~4级,东风,星期四,平时,7.75,,628237,18541817.62,143946724.7,
2023-2-17,1151707,360467330,360467588.1,258.13,46345807.63,"南京,南京市,江苏省,中国",阴,阴,12,8,<3级,东南风,3~4级,东南风,星期五,平时,7.75,,651594,19347136.52,150118882.7,
2023-2-18,1150771,358285461.4,358285797.6,336.17,45929644.32,"南京,南京市,江苏省,中国",阴,阴,13,3,3~4级,北风,<3级,北风,星期六,平时,7.75,,666957,19781927.12,153476872,
2023-2-19,1136622,341322256.9,341322521.8,264.96,43708132.99,"南京,南京市,江苏省,中国",多云,晴,11,0,3~4级,北风,<3级,东北风,星期日,平时,7.75,,670514,19594229.85,152074790.9,
2023-2-20,1108763,351045094,351045356.9,262.87,45240126.01,"南京,南京市,江苏省,中国",晴,晴,12,2,<3级,北风,4~5级,东北风,星期一,平时,7.75,,629782,18733016.73,145413830.8,
2023-2-21,1099546,352361791.8,352361994.4,202.63,45338528.31,"南京,南京市,江苏省,中国",多云,多云,6,1,3~4级,东风,3~4级,东北风,星期二,平时,7.75,,622986,18596827.97,144343777.9,
2023-2-22,1077761,347458696.1,347458916.9,220.79,44768391.84,"南京,南京市,江苏省,中国",阴,阴,6,1,3~4级,东风,3~4级,东风,星期三,平时,7.75,,609255,18198190.24,141276100.4,
2023-2-23,1036948,335326811.6,335327018.8,207.17,43214955.14,"南京,南京市,江苏省,中国",小雨,小雨,7,3,3~4级,东风,<3级,北风,星期四,平时,7.75,,587037,17677367.28,137235584,
2023-2-24,1177588,371485408.9,371485729,320.05,47868269.68,"南京,南京市,江苏省,中国",阴,多云,11,2,3~4级,北风,<3级,东北风,星期五,平时,7.75,,667971,19958871.28,154877736.4,
2023-2-25,1132030,350412942.2,350413296.8,354.65,45027342.49,"南京,南京市,江苏省,中国",多云,多云,8,-1,3~4级,北风,3~4级,东风,星期六,平时,7.75,,653686,19239409.01,149300963.2,
2023-2-26,1125361,337572326.6,337572609.9,283.26,43345129.69,"南京,南京市,江苏省,中国",晴,晴,10,0,3~4级,东南风,3~4级,东南风,星期日,平时,7.75,,659776,19158924.48,148706599.9,
2023-2-27,1117161,351161237.9,351161461,223.16,45379913.36,"南京,南京市,江苏省,中国",晴,多云,13,2,3~4级,东南风,4~5级,东南风,星期一,平时,7.75,,635807,18805397.47,145985142.6,
2023-2-28,1074400,341718211.1,341718518.9,307.82,44553253.58,"南京,南京市,江苏省,中国",阴,阴,16,7,3~4级,西南风,<3级,西北风,星期二,平时,7.75,,606261,17850084.34,138520062.3,
2023-3-1,1056144,334785937,334786169,1091.63,43132769.78,"南京,南京市,江苏省,中国",多云,多云,17,4,3~4级,北风,3~4级,东北风,星期三,平时,7.75,,597521,17584559.75,136493388.8,
2023-3-2,1053139,334376077.8,334376358.4,1297.22,42997298.88,"南京,南京市,江苏省,中国",多云,多云,13,4,3~4级,东南风,<3级,东南风,星期四,平时,7.75,,592090,17402160.68,135085918.2,
2023-3-3,1123804,353793196.1,353793537.8,1496.92,45482077.51,"南京,南京市,江苏省,中国",多云,多云,16,5,3~4级,东南风,<3级,南风,星期五,平时,7.75,,631220,18606197.15,144375662.3,
2023-3-4,1106650,342037188,342037495.9,1364.42,43923590.79,"南京,南京市,江苏省,中国",晴,晴,21,8,3~4级,西南风,<3级,东南风,星期六,平时,7.75,,635405,18587561.84,144213100.5,
2023-3-5,1085189,324561418.9,324561812.4,1745.82,41515924.2,"南京,南京市,江苏省,中国",晴,晴,22,8,<3级,西北风,<3级,南风,星期日,平时,7.75,,635908,18332918.2,142288523,
2023-3-6,1063090,335369933.3,335370121.1,998.82,43094271.67,"南京,南京市,江苏省,中国",多云,多云,24,10,3~4级,南风,<3级,南风,星期一,平时,7.75,,599501,17617163.07,136733160.4,
2023-3-7,1028887,327633980.9,327634286.3,1446.52,42380270.7,"南京,南京市,江苏省,中国",多云,多云,25,12,3~4级,南风,<3级,西南风,星期二,平时,7.75,,577415,16897577.73,131130640.2,
2023-3-8,1036602,329670821,329671060.7,1157.31,42415447.02,"南京,南京市,江苏省,中国",多云,多云,24,12,3~4级,西南风,3~4级,西南风,星期三,平时,7.75,,582385,17008304.88,132014928.8,
2023-3-9,1032086,327647272.2,327647577.3,1144.95,42175466.81,"南京,南京市,江苏省,中国",晴,多云,26,13,3~4级,西风,3~4级,南风,星期四,平时,7.75,,575160,16750083.52,130007231.3,
2023-3-10,1123730,356432950,356433345.9,1436.57,45908121.82,"南京,南京市,江苏省,中国",多云,多云,28,16,3~4级,西南风,<3级,东南风,星期五,平时,7.75,,627367,18416625.43,142900741,
2023-3-11,1077767,332644983.1,332645400.8,1737.65,42726324.47,"南京,南京市,江苏省,中国",多云,阴,23,10,3~4级,西北风,4~5级,北风,星期六,平时,7.75,,618998,17948870.17,139275569,
2023-3-12,1173114,350722170,350722663.1,2001.51,45023318.5,"南京,南京市,江苏省,中国",多云,多云,15,5,3~4级,北风,4~5级,东南风,星期日,平时,7.75,,692496,20025192.75,155432135.8,
2023-3-13,1096421,347744905.2,347745290.5,1400.12,44788906.55,"南京,南京市,江苏省,中国",晴,晴,16,7,3~4级,南风,3~4级,东南风,星期一,平时,7.75,,617268,18213274.25,141384920.6,
2023-3-14,1062550,341270011.2,341270327,1175.13,44090096.98,"南京,南京市,江苏省,中国",晴,多云,23,10,3~4级,南风,4~5级,南风,星期二,平时,7.75,,594189,17466935.26,135538223.8,
2023-3-15,1059696,341777060.6,341777364.9,1212.31,44182210.91,"南京,南京市,江苏省,中国",多云,多云,21,7,3~4级,北风,4~5级,东风,星期三,平时,7.75,,593750,17531603.05,136099948.8,
2023-3-16,1082309,347814645.7,347814986.2,1085.89,44837657.48,"南京,南京市,江苏省,中国",阴,中雨,16,6,4~5级,东南风,5~6级,东风,星期四,平时,7.75,,608443,18033713.2,139991815.6,
2023-3-17,1086088,337187116.4,337187523.1,1286.64,43279789.42,"南京,南京市,江苏省,中国",小雨,阴,7,4,3~4级,北风,<3级,北风,星期五,平时,7.75,,623532,18744512.88,145473504.3,
2023-3-18,1190885,368930944.4,368931369.8,1568.13,47815087.64,"南京,南京市,江苏省,中国",阴,多云,13,7,<3级,东南风,<3级,东风,星期六,平时,7.67,,685487,20396394.21,156644749,
2023-3-19,1138502,340802337.5,340802837.9,1569.04,44067730.06,"南京,南京市,江苏省,中国",多云,阴,14,8,3~4级,东南风,4~5级,东南风,星期日,平时,7.67,,667222,19479716.25,149622559.7,
2023-3-20,1107509,350429586,350429963,1408.59,45530167.04,"南京,南京市,江苏省,中国",小雨,中雨,16,12,3~4级,东南风,<3级,东北风,星期一,平时,7.67,,627493,18676607.8,143461767.4,
2023-3-21,1051751,334622984.1,334623234.5,1018.34,43479539.92,"南京,南京市,江苏省,中国",阵雨,阵雨,15,12,3~4级,东风,<3级,东北风,星期二,平时,7.67,,597734,17928060.21,137688467.3,
2023-3-22,1021967,332419323.4,332419645.8,1086.5,43119017.03,"南京,南京市,江苏省,中国",阵雨,阴,15,11,3~4级,北风,3~4级,北风,星期三,平时,7.67,,575064,17612550.27,135310219.6,
2023-3-23,1106146,356674078.4,356674466.6,1315.96,46395096,"南京,南京市,江苏省,中国",小雨,阴,13,8,3~4级,北风,4~5级,东北风,星期四,平时,7.67,,620046,18649286.87,143277357.1,
2023-3-24,1201697,382027837.5,382028172.5,1378.96,49685183.83,"南京,南京市,江苏省,中国",小雨,阴,9,4,3~4级,东北风,4~5级,东北风,星期五,平时,7.67,,670591,20123695.49,154579528.8,
2023-3-25,1288093,392488295,392488729.9,1868.76,50998180.34,"南京,南京市,江苏省,中国",阵雨,阴,10,3,3~4级,北风,<3级,北风,星期六,平时,7.67,,737839,21639618.35,166175492.3,
2023-3-26,1178553,351099376.4,351099732.2,1150.78,45437853.78,"南京,南京市,江苏省,中国",多云,多云,16,6,3~4级,东北风,<3级,东风,星期日,平时,7.67,,683345,19678411.54,151148893.2,
2023-3-27,1136674,355884776.1,355885156.5,1345.28,46305063.92,"南京,南京市,江苏省,中国",多云,多云,17,7,3~4级,东南风,3~4级,东南风,星期一,平时,7.67,,634056,18569237.05,142636647.8,
2023-3-28,1105855,349113754.8,349114021.2,911.49,45369573.4,"南京,南京市,江苏省,中国",多云,多云,20,10,3~4级,东南风,<3级,东风,星期二,平时,7.67,,609632,17677156.9,135764974.1,
2023-3-29,1093892,343521224,343521576.7,1131.9,44743528.46,"南京,南京市,江苏省,中国",多云,阴,16,11,3~4级,东南风,4~5级,东南风,星期三,平时,7.67,,603834,17413478.6,133756000.7,
2023-3-30,1090818,334726597.3,334726898.6,1122.14,43551913.1,"南京,南京市,江苏省,中国",阵雨,多云,17,9,3~4级,东南风,<3级,东风,星期四,平时,7.67,,605767,17379618.87,133497912.1,
2023-3-31,1352417,384774885,384775261.6,1312.35,49835759.45,"南京,南京市,江苏省,中国",多云,阴,17,11,3~4级,东南风,<3级,东风,星期五,平时,7.67,,762277,21322447.4,163713262.7,
2023-4-1,2308178,687776521.9,687777135.9,614.03,92178323.21,"南京,南京市,江苏省,中国",多云,多云,20,11,<3级,东风,3~4级,东风,星期六,平时,7.4,,1352772,41107692.87,304519499.6,
2023-4-2,1327269,393256732.9,393257271.4,538.55,52681234.37,"南京,南京市,江苏省,中国",多云,多云,23,14,3~4级,东南风,4~5级,东风,星期日,平时,7.4,,772908,23079295.67,171023104.5,
2023-4-3,1165545,369180162.2,369180328.9,166.69,49683196.4,"南京,南京市,江苏省,中国",中雨,中到大雨,17,14,4~5级,东南风,5~6级,东南风,星期一,平时,7.4,,664950,20640439.52,152970764.8,
2023-4-4,1157858,363241728,363242084,355.94,48806804.28,"南京,南京市,江苏省,中国",小雨,阴,19,10,3~4级,西北风,4~5级,西北风,星期二,平时,7.4,,673113,20989557.07,155537014.4,
2023-4-5,1143482,337034424.5,337034894.6,470.13,45251413.67,"南京,南京市,江苏省,中国",阴,阴,13,9,3~4级,西风,3~4级,西北风,星期三,清明节,7.4,,691132,20657968.14,153110443.6,
2023-4-6,1122150,355605845.2,355606136.8,291.58,47887570.26,"南京,南京市,江苏省,中国",小雨,阴,14,8,<3级,西风,<3级,西风,星期四,平时,7.4,,633950,19390223.54,143718376.5,
2023-4-7,1171325,369383514.1,369383837.3,323.22,49773882.29,"南京,南京市,江苏省,中国",晴,多云,18,6,3~4级,北风,<3级,东风,星期五,平时,7.4,,649987,19609198.95,145297548.1,
2023-4-8,1141804,347529446.1,347529829.1,382.94,46793187.08,"南京,南京市,江苏省,中国",晴,多云,18,7,3~4级,北风,3~4级,东南风,星期六,平时,7.4,,646861,19095899.18,141472451.1,
2023-4-9,1455437,416421123.9,416421471.2,347.34,55828938.28,"南京,南京市,江苏省,中国",晴,多云,22,12,3~4级,东南风,<3级,南风,星期日,平时,7.4,,854709,24853084.97,184167397.4,
2023-4-10,1095108,341716803.4,341717051.5,248.02,46049173.94,"南京,南京市,江苏省,中国",多云,多云,26,16,3~4级,西南风,<3级,西南风,星期一,平时,7.4,,611675,18244027.59,135217039,
2023-4-11,1028582,331681398,331681573.8,175.89,44826749.28,"南京,南京市,江苏省,中国",多云,多云,27,12,3~4级,北风,4~5级,东北风,星期二,平时,7.4,,569211,17106247.21,126756054,
2023-4-12,1052901,339270976.3,339271311.8,335.48,45885991.21,"南京,南京市,江苏省,中国",多云,多云,23,14,3~4级,东南风,4~5级,东南风,星期三,平时,7.4,,580604,17430912.64,129188367,
2023-4-13,1055055,341962362.8,341962737.4,374.56,46237575.43,"南京,南京市,江苏省,中国",多云,阴,24,16,3~4级,东南风,3~4级,东南风,星期四,平时,7.4,,579284,17463161.56,129436854.9,
2023-4-14,1209388,385783957.7,385784512.9,555.22,52069472.77,"南京,南京市,江苏省,中国",小雨,多云,24,14,3~4级,北风,<3级,北风,星期五,平时,7.4,,668637,20422066.26,151295073.4,
2023-4-15,1240424,388255788.6,388256262.9,474.33,52283934.05,"南京,南京市,江苏省,中国",多云,多云,25,15,3~4级,西南风,4~5级,西风,星期六,平时,7.4,,707209,21354322.95,158192611.5,
2023-4-16,1547727,472176214.6,472176804.3,589.67,63393457.36,"南京,南京市,江苏省,中国",晴,晴,27,16,3~4级,东风,3~4级,东风,星期日,平时,7.4,,894639,26776313.4,198423690.7,
2023-4-17,2324507,720363247.4,720363712.9,465.51,96848762.24,"南京,南京市,江苏省,中国",晴,多云,34,21,3~4级,东南风,3~4级,西南风,星期一,平时,7.4,,1316412,39403796.81,292007649.6,
2023-4-18,1378412,387857369.1,387857498,128.88,49115517.12,"南京,南京市,江苏省,中国",雷阵雨,阴,30,18,3~4级,西南风,<3级,东北风,星期二,平时,7.84,,804993,22201521.54,174300886.4,
2023-4-19,913650,281039293.4,281039488.6,195.15,35703289.86,"南京,南京市,江苏省,中国",多云,多云,24,16,3~4级,北风,<3级,东南风,星期三,平时,7.84,,511536,14457921.9,113522854.5,
2023-4-20,1188197,358707609.5,358707839,229.5,45559010.62,"南京,南京市,江苏省,中国",雾,多云,26,15,3~4级,东南风,4~5级,东北风,星期四,平时,7.84,,676058,18960015.77,148872047.1,
2023-4-21,1015659,323257827.4,323258137.1,309.77,41176661.78,"南京,南京市,江苏省,中国",阴,多云,23,10,3~4级,东北风,5~6级,东北风,星期五,平时,7.84,,563235,16223971.82,127361923.9,
2023-4-22,1253845,377323596.8,377324035,438.23,48008195.67,"南京,南京市,江苏省,中国",阴,中雨,19,12,3~4级,东风,4~5级,东风,星期六,平时,7.84,,726394,20445566.56,160485817.8,
2023-4-23,1244397,380371155.5,380371390.4,234.89,48143102.8,"南京,南京市,江苏省,中国",小雨,小雨,13,11,3~4级,东南风,3~4级,东北风,星期日,平时,7.84,,730942,21381446.9,167881295.4,
2023-4-24,1164183,367474418,367474791.3,373.36,46824151.59,"南京,南京市,江苏省,中国",阴,阴,16,11,3~4级,东风,3~4级,东风,星期一,平时,7.84,,659119,19255039.75,151204362,
2023-4-25,1029383,332479002.2,332479187.4,185.13,42601223.89,"南京,南京市,江苏省,中国",阴,多云,17,9,3~4级,西北风,3~4级,西风,星期二,平时,7.84,,571707,16651471.84,130733458.6,
2023-4-26,1037205,332650380.5,332650638.4,257.86,42358756.75,"南京,南京市,江苏省,中国",多云,晴,21,12,<3级,东南风,<3级,东南风,星期三,平时,7.84,,573689,16671953.83,130911313.9,
2023-4-27,1093834,345610407.9,345610823,415.19,44096488.99,"南京,南京市,江苏省,中国",多云,阴,24,15,3~4级,东南风,3~4级,东南风,星期四,平时,7.84,,607187,17684094.35,138845812,
2023-4-28,1353026,402745615.7,402745956.2,340.47,51117070.75,"南京,南京市,江苏省,中国",阴,小雨,25,15,<3级,西南风,5~6级,西北风,星期五,平时,7.84,,772029,22530896.56,176854893.4,
2023-4-29,1512858,442822228.1,442822845.8,617.65,56829389.6,"南京,南京市,江苏省,中国",阴,晴,19,10,3~4级,西北风,<3级,西南风,星期六,劳动节,7.71,,900581,26791061.67,206815433.6,
2023-4-30,1612343,450511154.7,450511663.1,508.38,57619387.15,"南京,南京市,江苏省,中国",晴,晴,25,12,3~4级,西风,3~4级,西南风,星期日,劳动节,7.71,,983485,28692925.55,221538627.9,
2023-5-1,1701805,460528935.9,460529264.8,328.89,58716741.91,"南京,南京市,江苏省,中国",晴,多云,28,15,3~4级,东南风,4~5级,东南风,星期一,劳动节,7.71,,1062817,30817378.2,237955205.7,
2023-5-2,2252459,604564550.4,604564988.4,438.06,77051085.13,"南京,南京市,江苏省,中国",多云,雷阵雨,30,19,3~4级,东南风,4~5级,东风,星期二,劳动节,7.71,,1404541,40507484.11,312737346.1,
2023-5-3,1275055,364173244.1,364173807.8,563.69,46625297.79,"南京,南京市,江苏省,中国",中雨,大雨,22,20,3~4级,东风,4~5级,东南风,星期三,劳动节,7.71,,784881,23213878.96,179254815.3,
2023-5-4,1350635,403718016.9,403718229.7,212.88,51825809.95,"南京,南京市,江苏省,中国",中雨,雷阵雨,29,22,3~4级,西南风,3~4级,西北风,星期四,平时,7.71,,797512,23622617.77,182417756.4,
2023-5-5,1062601,332377090.9,332377403.2,312.33,42885845.7,"南京,南京市,江苏省,中国",小雨,阴,23,17,3~4级,西北风,4~5级,东北风,星期五,平时,7.71,,612497,18314242.83,141396090.2,
2023-5-6,1078438,335235435.4,335235688.8,253.45,43322044.86,"南京,南京市,江苏省,中国",雾,小雨,20,14,3~4级,北风,4~5级,北风,星期六,平时,7.71,,612874,17896478.9,138158455.7,
2023-5-7,1389491,402870609.9,402871140,530.12,51913808.57,"南京,南京市,江苏省,中国",雾,多云,21,12,3~4级,北风,3~4级,东北风,星期日,平时,7.71,,823027,23362141.43,180382936.3,
2023-5-8,1354783,404930166,404930535.2,369.17,52277302.41,"南京,南京市,江苏省,中国",多云,多云,21,9,3~4级,东风,<3级,东南风,星期一,平时,7.71,,780473,22237928.31,171726448.8,
2023-5-9,1054610,331119748.5,331120102.6,354.1,42872475.37,"南京,南京市,江苏省,中国",多云,多云,22,14,3~4级,东风,3~4级,东风,星期二,平时,7.71,,589566,17103132.65,132056990.7,
2023-5-10,1509491,448474979.6,448475297.2,317.6,57895997.65,"南京,南京市,江苏省,中国",阴,小雨,22,15,3~4级,东南风,<3级,东风,星期三,平时,7.71,,872803,24887383.98,192167615,
2023-5-11,1222495,371709160.3,371709559.2,398.87,48106878.35,"南京,南京市,江苏省,中国",多云,多云,22,15,3~4级,东南风,<3级,东南风,星期四,平时,7.71,,697242,19914598.74,153781415.9,
2023-5-12,1095795,335318899,335319224,324.94,43413970.8,"南京,南京市,江苏省,中国",多云,晴,25,16,<3级,西南风,<3级,西南风,星期五,平时,7.71,,612400,17521619.91,135256134,
2023-5-13,1382967,394943526.8,394944047.8,520.94,50940031.92,"南京,南京市,江苏省,中国",多云,多云,30,19,3~4级,西南风,<3级,西南风,星期六,平时,7.71,,806568,22336746.59,172385383.5,
2023-5-14,1058822,302005693.2,302006271.5,578.33,38932504.19,"南京,南京市,江苏省,中国",晴,晴,31,20,3~4级,西南风,3~4级,西南风,星期日,平时,7.71,,616850,16985388.21,131136069.6,
2023-5-15,1040722,308542103.5,308542530,426.44,39864309.32,"南京,南京市,江苏省,中国",晴,多云,33,19,3~4级,南风,<3级,东南风,星期一,平时,7.71,,586588,16475713.59,127228585.3,
2023-5-16,973672,281956323.9,281956683.9,360.03,36460827.07,"南京,南京市,江苏省,中国",多云,雷阵雨,33,22,3~4级,西南风,4~5级,东南风,星期二,平时,7.71,,547128,15106105.98,116623041.9,
2023-5-17,1184115,387801535.1,387801997.6,462.47,52271430.64,"南京,南京市,江苏省,中国",雷阵雨,阴,24,19,3~4级,东南风,3~4级,北风,星期三,平时,7.41,,666873,20835221.31,154644095.3,
2023-5-18,1090236,344948345.5,344948792.3,446.72,46491126.17,"南京,南京市,江苏省,中国",多云,多云,24,16,3~4级,北风,<3级,东北风,星期四,平时,7.41,,611332,18514583.54,137422051,
2023-5-19,1354360,407508343.2,407508902,558.77,54783337.65,"南京,南京市,江苏省,中国",晴,多云,27,18,3~4级,东南风,<3级,东南风,星期五,平时,7.41,,766936,22905762.5,169957105.2,
2023-5-20,1120906,333406814.6,333407288.3,473.73,44824768.44,"南京,南京市,江苏省,中国",多云,多云,28,18,3~4级,东南风,<3级,东风,星期六,平时,7.41,,640508,18865205.01,139945360.4,
2023-5-21,1050972,307323319,307323930.1,611.11,41267720.19,"南京,南京市,江苏省,中国",多云,雷阵雨,28,16,3~4级,北风,3~4级,北风,星期日,平时,7.41,,610135,17859894.5,132534471.9,
2023-5-22,1029203,314267212.9,314267648.7,435.79,42382043.61,"南京,南京市,江苏省,中国",阴,多云,22,13,3~4级,北风,<3级,东北风,星期一,平时,7.41,,588217,17789430.25,132044709.5,
2023-5-23,1020651,314914431.5,314914814.7,383.19,42450276.07,"南京,南京市,江苏省,中国",多云,阵雨,24,15,3~4级,东南风,<3级,东南风,星期二,平时,7.41,,568441,16876093.17,125231166.6,
2023-5-24,984644,306126803.1,306127253.2,450.11,41361667.84,"南京,南京市,江苏省,中国",多云,多云,19,14,3~4级,东南风,<3级,东南风,星期三,平时,7.41,,552197,16562876.91,122935711.4,
2023-5-25,1014479,313443632.7,313444001.5,368.83,42340305.79,"南京,南京市,江苏省,中国",雾,阴,26,19,<3级,东南风,3~4级,东南风,星期四,平时,7.41,,562344,16671955.57,123740837.3,
2023-5-26,1098024,337914082.2,337914499.1,416.92,45559182.59,"南京,南京市,江苏省,中国",雷阵雨,中雨,28,22,3~4级,东南风,<3级,东南风,星期五,平时,7.41,,612978,18448150.53,136876094,
2023-5-27,1080989,323343153.2,323343634.3,481.12,43500811.58,"南京,南京市,江苏省,中国",雷阵雨,阴,27,22,3~4级,南风,<3级,南风,星期六,平时,7.41,,623306,18635701.07,138246530.8,
2023-5-28,1070824,313904263.5,313904905.8,642.32,42103400.07,"南京,南京市,江苏省,中国",雾,雷阵雨,36,23,4~5级,北风,<3级,西北风,星期日,平时,7.41,,622894,18498067.19,137278297.8,
2023-5-29,1119979,343295857.2,343296345.7,488.51,46150123.39,"南京,南京市,江苏省,中国",阵雨,阴,32,22,3~4级,北风,<3级,东北风,星期一,平时,7.41,,635659,19302461.62,143265788,
2023-5-30,1540774,461693992.2,461694441.1,448.86,62094844.32,"南京,南京市,江苏省,中国",小雨,阴,22,20,3~4级,北风,<3级,东北风,星期二,平时,7.41,,882062,26118471.23,193791973.6,
2023-5-31,986784,303701430.6,303701796.1,365.51,40630545.24,"南京,南京市,江苏省,中国",阴,多云,25,20,<3级,东北风,<3级,东风,星期三,平时,7.49,,550283,16135217.41,121046159.5,
2023-6-1,1014325,313216208.9,313216589.3,24449.92,41812565.39,"南京,南京市,江苏省,中国",多云,多云,29,19,3~4级,北风,<3级,东北风,星期四,平时,7.49,,564129,16584922.43,124417502.6,
2023-6-2,1093223,337564648.1,337564993.1,7598.79,45041959.87,"南京,南京市,江苏省,中国",晴,多云,32,22,3~4级,西北风,<3级,东北风,星期五,平时,7.49,,606237,17942206.23,134581042.1,
2023-6-3,1047815,317473294.8,317473834.9,4874.68,42317550.52,"南京,南京市,江苏省,中国",阴,小雨,28,20,3~4级,东南风,<3级,东北风,星期六,平时,7.49,,591508,17166263.28,128725328.1,
2023-6-4,977570,290417329.5,290418016.9,5789.41,38618049.63,"南京,南京市,江苏省,中国",阴,中雨,27,18,3~4级,北风,<3级,东风,星期日,平时,7.49,,565791,16546496.67,124121632.4,
2023-6-5,998953,307561591.7,307561931.6,5438.31,40930327.8,"南京,南京市,江苏省,中国",小到中雨,阴,21,16,3~4级,西北风,3~4级,西北风,星期一,平时,7.49,,569645,17211260.08,129141489.3,
2023-6-6,1060667,326915369.6,326915710.5,5043.68,43591990.05,"南京,南京市,江苏省,中国",多云,多云,27,18,3~4级,南风,<3级,南风,星期二,平时,7.49,,590747,17330398.36,129990134.7,
2023-6-7,1372290,409159319.5,409159698.1,7977.13,54441116.62,"南京,南京市,江苏省,中国",多云,多云,30,20,<3级,南风,<3级,西南风,星期三,平时,7.49,,775932,22521547.5,168952821.9,
2023-6-8,1084263,338084860.6,338085326.7,5419.28,45148798.55,"南京,南京市,江苏省,中国",多云,多云,32,21,3~4级,西南风,<3级,西风,星期四,平时,7.49,,596275,17460645.16,130991508.1,
2023-6-9,1157838,359304407.6,359304851.4,5421.61,47923869.72,"南京,南京市,江苏省,中国",多云,晴,34,23,3~4级,西南风,3~4级,西南风,星期五,平时,7.49,,637004,18871439.35,141526963,
2023-6-10,1090712,334997159.7,334997693.7,17573.18,44693569.35,"南京,南京市,江苏省,中国",雷阵雨,多云,35,22,3~4级,西南风,3~4级,东北风,星期六,平时,7.49,,612538,17972368.18,134776887,
2023-6-11,1091184,322535777.9,322536424.1,25001.08,42951257.84,"南京,南京市,江苏省,中国",多云,多云,32,20,3~4级,东风,<3级,东风,星期日,平时,7.49,,624042,17960084.74,134732518.8,
2023-6-12,1101472,341528474.7,341528914.2,22471.73,45544313.57,"南京,南京市,江苏省,中国",多云,多云,30,21,3~4级,东风,<3级,东风,星期一,平时,7.49,,608989,17999427.75,135033291.1,
2023-6-13,1023408,320333494.7,320333965.4,21023.18,42832022.14,"南京,南京市,江苏省,中国",多云,多云,29,20,<3级,东南风,3~4级,西南风,星期二,平时,7.49,,561731,16548440.51,124135049.8,
2023-6-14,1149215,359588089.1,359588550.7,21898.49,48229995.4,"南京,南京市,江苏省,中国",多云,晴,32,21,3~4级,北风,<3级,东南风,星期三,平时,7.45,,634547,18913579.21,141111461.8,
2023-6-15,1086123,328634072.4,328634602.4,16119.27,43990824.33,"南京,南京市,江苏省,中国",多云,多云,34,23,3~4级,南风,<3级,东南风,星期四,平时,7.45,,604848,17851346.9,133185468.2,
2023-6-16,1130195,337588322.4,337588788.7,16551.07,45100113.35,"南京,南京市,江苏省,中国",多云,小雨,31,23,3~4级,东南风,3~4级,东风,星期五,平时,7.45,,630331,18595739.04,138737676.1,
2023-6-17,1024321,302427178.1,302428238.7,14385.19,40377885.71,"南京,南京市,江苏省,中国",中雨,大雨,27,22,3~4级,东南风,4~5级,东南风,星期六,平时,7.45,,591165,17585233.01,131212571,
2023-6-18,962413,276767353.7,276768007,10576.11,36804558.29,"南京,南京市,江苏省,中国",大雨,暴雨,24,23,<3级,东南风,3~4级,东南风,星期日,平时,7.45,,570720,17094060.08,127565983.5,
2023-6-19,1039968,306932494.3,306932933.8,10340.52,40859454.16,"南京,南京市,江苏省,中国",中雨,多云,28,23,3~4级,东南风,<3级,西风,星期一,平时,7.45,,603837,18397932.18,137296788,
2023-6-20,1206608,363979933.3,363980579.9,12888.87,48660308.7,"南京,南京市,江苏省,中国",多云,多云,30,22,3~4级,北风,<3级,北风,星期二,平时,7.45,,680688,20318163.71,151565200.9,
2023-6-21,1378440,408201311.5,408202064.8,8843.7,54395277.25,"南京,南京市,江苏省,中国",多云,多云,32,24,3~4级,东北风,<3级,东北风,星期三,平时,7.45,,784194,23591189.92,176001431.4,
2023-6-22,1423317,390574856.5,390575555.4,8580.74,51823997.62,"南京,南京市,江苏省,中国",多云,多云,32,22,<3级,南风,<3级,东风,星期四,端午,7.45,,859015,25003991.95,186560263.1,
2023-6-23,1123593,319125707.9,319126219.9,7407.3,42557990.59,"南京,南京市,江苏省,中国",多云,雷阵雨,30,21,3~4级,东风,3~4级,东风,星期五,端午,7.45,,659205,19057828.8,142140768.9,
2023-6-24,1243901,350331636.5,350332297.6,8035.67,46633525.78,"南京,南京市,江苏省,中国",小雨,雷阵雨,22,21,3~4级,东风,<3级,东风,星期六,端午,7.45,,737766,21655662.1,161524570.4,
2023-6-25,1246311,374358489.2,374359089.8,10286.91,49951664.44,"南京,南京市,江苏省,中国",大雨,阴,27,23,<3级,西南风,3~4级,西南风,星期日,平时,7.45,,724744,22026300.71,164325601.8,
2023-6-26,1205758,359833770.4,359834318.9,6563.1,48109977.85,"南京,南京市,江苏省,中国",多云,多云,29,23,3~4级,西风,<3级,西南风,星期一,平时,7.45,,689459,20534437.72,153213426.2,
2023-6-27,1272190,385429465.2,385430046.5,6511.44,51631334.51,"南京,南京市,江苏省,中国",多云,多云,32,26,3~4级,西南风,<3级,南风,星期二,平时,7.45,,714883,21215084.98,158244253.1,
2023-6-28,1295434,395777423.1,395777953.7,7263.86,53041980.2,"南京,南京市,江苏省,中国",多云,阴,34,28,3~4级,西南风,4~5级,西南风,星期三,平时,7.45,,728328,21783067.65,162516392.8,
2023-6-29,1409838,417818412.2,417819144.9,8329.67,55332251.71,"南京,南京市,江苏省,中国",中雨,大雨,32,25,3~4级,西南风,4~5级,西风,星期四,平时,7.5,,814575,24182800.08,181620824.8,
2023-6-30,1274951,383114225.3,383114891.5,6056.53,50766912.8,"南京,南京市,江苏省,中国",阵雨,阴,27,24,<3级,北风,<3级,东南风,星期五,平时,7.5,,731522,22157186.01,166382688,
2023-7-1,1394906,399489811.6,399490431.9,7417.32,52879299.1,"南京,南京市,江苏省,中国",多云,中雨,32,26,<3级,东南风,<3级,东南风,星期六,平时,7.5,,821866,24035083.48,180470553.5,
2023-7-2,1102538,319332533.9,319333491.5,7005.43,42272999.35,"南京,南京市,江苏省,中国",中雨,阴,31,27,3~4级,西风,<3级,西南风,星期日,平时,7.5,,649318,19148849.19,143831313.9,
2023-7-3,1324561,408004800.3,408005434.6,6774.79,54171986.56,"南京,南京市,江苏省,中国",雾,阴,33,28,3~4级,西风,4~5级,西南风,星期一,平时,7.5,,749366,22859612.87,171690653.8,
2023-7-4,1663761,499486117.7,499487110.8,7450.66,66396985.1,"南京,南京市,江苏省,中国",多云,雷阵雨,33,25,3~4级,西南风,<3级,西风,星期二,平时,7.5,,955044,28243581.21,212067063.8,
2023-7-5,1180913,356361412.9,356362163.4,7185.78,47420825.87,"南京,南京市,江苏省,中国",多云,阴,33,25,<3级,南风,<3级,西南风,星期三,平时,7.5,,672015,19854411.11,149129068.6,
2023-7-6,1534939,466360557.9,466361485.9,10642.07,62029498.58,"南京,南京市,江苏省,中国",多云,中雨,35,27,3~4级,西风,4~5级,西南风,星期四,平时,7.5,,872148,26080446.48,195883520.9,
2023-7-7,2043936,590650200.2,590650742.1,11263,78241829.97,"南京,南京市,江苏省,中国",大雨,中雨,31,26,<3级,东南风,4~5级,西南风,星期五,平时,7.5,,1200024,35725713.41,268269593.3,
2023-7-8,1495227,440202750.4,440203808.9,8072.8,58450401.28,"南京,南京市,江苏省,中国",阴,多云,33,27,3~4级,西南风,<3级,西南风,星期六,平时,7.5,,875834,25838013.56,194004253.5,
2023-7-9,1422774,439057076.6,439058398.5,7736.88,58517800.86,"南京,南京市,江苏省,中国",多云,中雨,33,26,3~4级,西南风,4~5级,南风,星期日,平时,7.5,,804592,23919679.39,179642153.1,
2023-7-10,1144090,342427421.7,342428058.9,6713.06,45519933.66,"南京,南京市,江苏省,中国",小雨,多云,30,27,3~4级,东南风,3~4级,南风,星期一,平时,7.5,,658326,19627596.44,147411490.8,
2023-7-11,1607016,470601074.5,470601589.2,11308.15,62481743.25,"南京,南京市,江苏省,中国",多云,多云,35,27,3~4级,南风,3~4级,南风,星期二,平时,7.5,,938721,27795150.86,208726153.6,
2023-7-12,1524251,461639712.8,461640492,9501.33,61389693.03,"南京,南京市,江苏省,中国",多云,阴,35,29,3~4级,西南风,<3级,西南风,星期三,平时,7.5,,876195,26095081.1,196006868.1,
2023-7-13,1113467,336547730,336548389.1,6214.73,44033362.85,"南京,南京市,江苏省,中国",阴,阴,33,28,3~4级,西南风,<3级,西南风,星期四,平时,7.62,,635867,18725195.75,142893043.3,
2023-7-14,1608991,466065546.5,466066104,8366.85,60686033.82,"南京,南京市,江苏省,中国",雷阵雨,多云,33,27,3~4级,西南风,3~4级,西南风,星期五,平时,7.62,,931813,27130444.85,206986470.1,
2023-7-15,1384049,400840728.2,400841550.2,7569.34,52339263.76,"南京,南京市,江苏省,中国",阴,雷阵雨,31,24,<3级,西风,3~4级,南风,星期六,平时,7.62,,815902,23410976.32,178582108,
2023-7-16,1209451,344147763.4,344148668.2,7233.05,44851339.05,"南京,南京市,江苏省,中国",小雨,中到大雨,26,24,<3级,西风,3~4级,东风,星期日,平时,7.62,,722758,20703285.77,157975812.2,
2023-7-17,1153315,347276374.4,347276871.9,6688.46,45499699.91,"南京,南京市,江苏省,中国",大雨,阴,28,23,3~4级,东北风,3~4级,东风,星期一,平时,7.62,,666324,19743466.85,150655054,
2023-7-18,1201653,367839494.5,367840265.8,8018.59,48145234.97,"南京,南京市,江苏省,中国",多云,阴,32,25,<3级,东风,<3级,东风,星期二,平时,7.62,,680811,20094213.94,153300283.4,
2023-7-19,1128567,348428001.3,348428594.2,6539.71,45601422.44,"南京,南京市,江苏省,中国",中雨,中雨,28,25,3~4级,东风,3~4级,东风,星期三,平时,7.62,,640783,19037057.58,145273004.1,
2023-7-20,1154504,357730317.7,357731287,7377.27,46790656.57,"南京,南京市,江苏省,中国",小雨,雷阵雨,31,25,3~4级,北风,<3级,南风,星期四,平时,7.62,,660529,19802823.34,151113690.4,
2023-7-21,1326038,400509424.6,400510189.4,7034.01,52303979,"南京,南京市,江苏省,中国",中雨,雷阵雨,31,26,<3级,西南风,<3级,南风,星期五,平时,7.62,,759343,22615425.64,172511394.4,
2023-7-22,1154236,344396424.1,344397348.7,7578.97,44992189.22,"南京,南京市,江苏省,中国",中雨,阴,31,25,3~4级,西南风,3~4级,西南风,星期六,平时,7.62,,671334,19682970.11,150142356.2,
2023-7-23,1316309,381189919.7,381191194.8,11376.05,49695251.09,"南京,南京市,江苏省,中国",阴,多云,32,26,3~4级,西南风,3~4级,西南风,星期日,平时,7.62,,774657,22423067.57,171090372.4,
2023-7-24,1201399,365494753.4,365495435.7,7991.68,47788361.51,"南京,南京市,江苏省,中国",晴,阴,33,26,3~4级,南风,<3级,东南风,星期一,平时,7.62,,687537,20300945.54,154900828.7,
2023-7-25,1372840,427044086.7,427044867.2,9059.98,55879430.86,"南京,南京市,江苏省,中国",雷阵雨,阴,34,26,3~4级,东南风,3~4级,东南风,星期二,平时,7.62,,778814,23350545.7,178143052.9,
2023-7-26,1357859,437492191.6,437493209.1,10180.61,57359933.45,"南京,南京市,江苏省,中国",阵雨,阴,32,27,3~4级,东风,<3级,东南风,星期三,平时,7.62,,761269,22978179.26,175343155,
2023-7-27,1343198,403281160.1,403282037.9,6591.13,51163937.84,"南京,南京市,江苏省,中国",雷阵雨,雷阵雨,32,26,3~4级,东南风,5~6级,东风,星期四,平时,7.84,,772048,22267730.15,174991106.3,
2023-7-28,1229699,381276642.4,381277432.8,6734.99,48491140.51,"南京,南京市,江苏省,中国",中雨,小雨,31,25,3~4级,东南风,4~5级,东南风,星期五,平时,7.84,,698335,20596880.09,161652424.4,
2023-7-29,1055465,316719583.5,316720390.9,6865.3,40305408.74,"南京,南京市,江苏省,中国",雷阵雨,雷阵雨,31,25,3~4级,东南风,5~6级,东南风,星期六,平时,7.84,,613995,17644588.54,138480504.2,
2023-7-30,1069357,314232134.3,314233239.2,6786.7,39856361.85,"南京,南京市,江苏省,中国",小雨,多云,29,26,3~4级,南风,4~5级,东南风,星期日,平时,7.84,,630214,17883603.97,140393326.4,
2023-7-31,1152078,352142685.8,352143388.4,6617.45,44754898.11,"南京,南京市,江苏省,中国",雷阵雨,多云,31,26,3~4级,东南风,4~5级,东风,星期一,平时,7.84,,660389,19079509.65,149781687.7,
2023-8-1,1226921,389963544.2,389964291.9,6932.45,49657941.22,"南京,南京市,江苏省,中国",雷阵雨,多云,32,25,3~4级,东南风,<3级,东南风,星期二,平时,7.84,,690913,20293198.69,159281559.4,
2023-8-2,1562138,466214358.2,466215039,14456.05,59143492.47,"南京,南京市,江苏省,中国",阴,多云,33,26,3~4级,东南风,<3级,东风,星期三,平时,7.84,,906424,25959641.06,203807753.4,
2023-8-3,1479583,451267469.6,451268459.8,11699.62,57374934.45,"南京,南京市,江苏省,中国",多云,晴,33,26,3~4级,东南风,<3级,东风,星期四,平时,7.84,,849925,24481810.37,192208349,
2023-8-4,1360022,423460694.4,423461435.3,7877.72,53884783.35,"南京,南京市,江苏省,中国",阴,多云,34,26,3~4级,东南风,3~4级,东风,星期五,平时,7.84,,771362,22604049.34,177407221.9,
2023-8-5,1263211,383271603.5,383272541.3,7965.96,48646792.27,"南京,南京市,江苏省,中国",多云,多云,35,27,<3级,东南风,<3级,东南风,星期六,平时,7.84,,732067,21202576.63,166405140.3,
2023-8-6,1299452,401778747.6,401780584.1,7855.36,50988046.81,"南京,南京市,江苏省,中国",阴,雷阵雨,35,27,3~4级,北风,<3级,东北风,星期日,平时,7.84,,750208,21850534.26,171539939.9,
2023-8-7,1318005,414908626.8,414909477.8,7274.47,52739467.74,"南京,南京市,江苏省,中国",阴,多云,33,26,3~4级,北风,<3级,东北风,星期一,平时,7.84,,749286,22019683.29,172862417.6,
2023-8-8,1519962,488248702.2,488250082.4,9875.08,62184943.22,"南京,南京市,江苏省,中国",多云,多云,32,24,3~4级,北风,3~4级,北风,星期二,平时,7.84,,856440,25208734.32,197859525.3,
2023-8-9,1772422,565945177.7,565946481,12358.13,71946170.6,"南京,南京市,江苏省,中国",阴,阴,32,25,3~4级,北风,3~4级,北风,星期三,平时,7.84,,1004623,29822617.34,234120667.3,
2023-8-10,1240554,387300711.5,387301598.7,6614.11,48017967.15,"南京,南京市,江苏省,中国",多云,多云,33,25,3~4级,北风,<3级,北风,星期四,平时,8.04,,699586,19972857.23,160791766.3,
2023-8-11,1470020,455304466.7,455305433.7,8174.28,56363392.03,"南京,南京市,江苏省,中国",多云,多云,35,25,3~4级,南风,3~4级,东南风,星期五,平时,8.04,,832465,24030676.48,193399484.2,
2023-8-12,1543803,457729987.4,457730880.4,11374.45,56564251.54,"南京,南京市,江苏省,中国",多云,多云,37,27,3~4级,东南风,3~4级,东南风,星期六,平时,8.04,,909522,25619212.92,206179193.1,
2023-8-13,1264213,373247734.5,373249042.7,8300.81,46111540.79,"南京,南京市,江苏省,中国",多云,雷阵雨,35,26,4~5级,北风,<3级,东北风,星期日,平时,8.04,,752611,21061699.57,169565551,
2023-8-14,1453608,442362089.7,442362976.7,7929.61,54733102.12,"南京,南京市,江苏省,中国",多云,多云,33,25,3~4级,西北风,<3级,东北风,星期一,平时,8.04,,846217,24061595.31,193714932.2,
2023-8-15,1227837,386454614.2,386455523.7,7871.16,47912355.16,"南京,南京市,江苏省,中国",多云,晴,32,25,3~4级,西风,<3级,东南风,星期二,平时,8.04,,703128,20246192.72,162986424.7,
2023-8-16,1216282,397674113.5,397674751.7,6850.75,49348453.62,"南京,南京市,江苏省,中国",阴,多云,33,26,3~4级,西风,<3级,东风,星期三,平时,8.04,,680016,19859113.42,159884759.1,
2023-8-17,1209772,384108289.6,384109216.4,7694.01,47600611.15,"南京,南京市,江苏省,中国",多云,晴,32,24,3~4级,东南风,<3级,东风,星期四,平时,8.04,,684740,19819090.38,159556387.1,
2023-8-18,1239868,394976989.2,394978088.5,9049.97,48956078,"南京,南京市,江苏省,中国",雷阵雨,多云,33,25,3~4级,东南风,<3级,东风,星期五,平时,8.04,,696653,20281718.36,163216402,
2023-8-19,1491921,455655186.8,455656334.2,13174.67,56403085.47,"南京,南京市,江苏省,中国",多云,多云,32,26,3~4级,东南风,3~4级,东南风,星期六,平时,8.04,,869856,24789953.91,199513341.9,
2023-8-20,1506853,444181246.4,444182319.1,9077.05,54855032.9,"南京,南京市,江苏省,中国",阴,多云,32,26,3~4级,东南风,4~5级,东南风,星期日,平时,8.04,,897880,25259461.76,203340112.1,
2023-8-21,1370085,428742520.7,428743415,8739.59,53038517.04,"南京,南京市,江苏省,中国",阴,中雨,33,25,3~4级,西南风,<3级,西南风,星期一,平时,8.04,,785708,22735423.99,183032343.3,
2023-8-22,1340691,421842409.3,421843323.1,8924.38,52202576.66,"南京,南京市,江苏省,中国",多云,阴,27,24,<3级,西风,<3级,北风,星期二,平时,8.04,,773748,22489107.95,181028290.5,
2023-8-23,1296241,413046992.6,413047922.5,15510.81,51179775.24,"南京,南京市,江苏省,中国",阴,多云,32,23,3~4级,北风,3~4级,东风,星期三,平时,8.04,,733070,21250411.76,171085361,
2023-8-24,1368321,422165717.5,422166736.2,9333.23,52065419.47,"南京,南京市,江苏省,中国",多云,多云,32,23,<3级,东南风,3~4级,东风,星期四,平时,8.08,,784328,22097421.16,178790592.4,
2023-8-25,1379425,438758613.2,438759760.9,8435.39,54094443.48,"南京,南京市,江苏省,中国",多云,阴,32,26,3~4级,东南风,<3级,东风,星期五,平时,8.08,,772677,22388939.04,181065536.8,
2023-8-26,1276088,394991493.9,394992832.9,9118.42,48654409.79,"南京,南京市,江苏省,中国",多云,阴,31,25,3~4级,东风,3~4级,东南风,星期六,平时,8.08,,733863,20913549.96,169124676.9,
2023-8-27,1224045,371719191.3,371720491.4,8052.59,45684467.78,"南京,南京市,江苏省,中国",阴,中雨,31,24,3~4级,东南风,5~6级,西风,星期日,平时,8.08,,724280,20792837.9,168220296.7,
2023-8-28,1308659,407771372,407772287.6,8619.31,50193000.13,"南京,南京市,江苏省,中国",阵雨,阴,25,22,3~4级,西北风,3~4级,北风,星期一,平时,8.08,,761674,22129244.15,179049465.5,
2023-8-29,1179237,372120969,372121965.1,8188.89,45931543.56,"南京,南京市,江苏省,中国",阴,阴,28,22,3~4级,北风,3~4级,北风,星期二,平时,8.08,,677115,19389026.8,156834609.3,
2023-8-30,1332375,407295066.3,407295965.2,12019.55,50132674.58,"南京,南京市,江苏省,中国",阴,阴,24,20,<3级,南风,<3级,北风,星期三,平时,8.08,,781070,22269944.53,180170497,
2023-8-31,1414617,428734338,428735242.8,9395.57,52871841.7,"南京,南京市,江苏省,中国",阴,多云,28,19,3~4级,东南风,3~4级,东风,星期四,平时,8.08,,821764,22839632.35,184769404.6,
2023-9-1,1284196,402852339.2,402853311.9,7830.62,49649721.23,"南京,南京市,江苏省,中国",阴,多云,29,20,3~4级,东风,4~5级,东北风,星期五,平时,8.08,,728680,20889802.91,168929543.4,
2023-9-2,1340898,406711623,406712865,8939.97,50061547.52,"南京,南京市,江苏省,中国",多云,多云,29,22,3~4级,东风,3~4级,东风,星期六,平时,8.08,,776911,21791379.45,176187007,
2023-9-3,1125847,339508379.1,339509746.9,8459.12,41821053.31,"南京,南京市,江苏省,中国",阴,阴,29,23,3~4级,北风,3~4级,东北风,星期日,平时,8.08,,657402,18312782.09,148124932,
2023-9-4,1093178,348665210.7,348666134.8,7397.12,43042260.01,"南京,南京市,江苏省,中国",阵雨,多云,30,24,3~4级,北风,3~4级,东北风,星期一,平时,8.08,,615842,17631412.88,142615625.2,
2023-9-5,1380860,436145922.2,436146831.7,11601.15,53891560.4,"南京,南京市,江苏省,中国",小雨,多云,31,24,3~4级,东风,3~4级,东北风,星期二,平时,8.08,,778373,22001172.41,177954914,
2023-9-6,1226732,401212149.5,401213116.7,8050.56,49616461.73,"南京,南京市,江苏省,中国",阴,多云,30,23,<3级,东风,<3级,东风,星期三,平时,8.08,,679751,19555919.77,158208923.9,
2023-9-7,1471634,460954168.2,460955088.2,11681.3,56837754.08,"南京,南京市,江苏省,中国",多云,晴,32,23,3~4级,东南风,<3级,东风,星期四,平时,8.08,,832321,23678313.54,191549585,
2023-9-8,1224774,394148551.4,394149376.2,8152.36,48461859.27,"南京,南京市,江苏省,中国",阴,晴,31,23,3~4级,东南风,3~4级,东风,星期五,平时,8.08,,674146,19323374.99,156260349.5,
2023-9-9,1135602,358426510.1,358427602.2,7922.2,44261969.91,"南京,南京市,江苏省,中国",晴,晴,31,22,3~4级,东南风,<3级,东风,星期六,平时,8.08,,646698,18361650.26,148486924.5,
2023-9-10,1394117,417495809.1,417497288.9,9650.77,51409501,"南京,南京市,江苏省,中国",多云,多云,31,24,3~4级,东南风,<3级,东风,星期日,平时,8.08,,812069,22472492.28,181775417.7,
2023-9-11,1125503,364538310.2,364539258.1,7300.38,45045259.74,"南京,南京市,江苏省,中国",小雨,中雨,31,24,3~4级,东南风,<3级,东北风,星期一,平时,8.08,,628601,18089116.42,146320162.8,
2023-9-12,1092757,356375500.2,356376249.8,6656.74,44055705.87,"南京,南京市,江苏省,中国",雷阵雨,大雨,27,23,3~4级,北风,3~4级,东北风,星期二,平时,8.08,,618238,18040367.29,145912169.2,
2023-9-13,1176450,381280934.7,381281897.5,8329.56,47039461.79,"南京,南京市,江苏省,中国",小雨,阴,22,21,3~4级,北风,4~5级,北风,星期三,平时,8.08,,676215,19894596.55,160956943.6,
2023-9-14,1168469,380681734.4,380682751.2,8340.96,47052938.93,"南京,南京市,江苏省,中国",阴,阴,25,21,3~4级,北风,<3级,北风,星期四,平时,8.08,,657937,19052365.36,154143539.6,
2023-9-15,1172685,380001132.8,380002054.4,8913.62,46901559.4,"南京,南京市,江苏省,中国",阴,阵雨,25,22,<3级,东南风,<3级,北风,星期五,平时,8.08,,663208,19490787.69,157601686.4,
2023-9-16,1288454,406027282,406028824.5,9418.25,50099980.7,"南京,南京市,江苏省,中国",中雨,多云,26,21,<3级,东风,<3级,东南风,星期六,平时,8.08,,741348,21236561.44,171714539.1,
2023-9-17,1504248,459337288.5,459338970,14820.62,56562058.45,"南京,南京市,江苏省,中国",多云,晴,30,23,<3级,南风,<3级,东南风,星期日,平时,8.08,,872642,24592382.37,198919643.9,
2023-9-18,1377627,446788387.4,446789507.1,9292.08,55155196.46,"南京,南京市,江苏省,中国",多云,多云,32,25,3~4级,东南风,3~4级,东南风,星期一,平时,8.08,,773524,22464451.91,181691688.2,
2023-9-19,1830826,608562675.5,608563953.8,12587.38,74978146.62,"南京,南京市,江苏省,中国",雷阵雨,雷阵雨,32,25,<3级,东南风,4~5级,西风,星期二,平时,8.08,,1026791,30923272.2,250131517.3,
2023-9-20,1967133,660760512.7,660762025.9,13504.15,81473486.17,"南京,南京市,江苏省,中国",阵雨,阴,26,21,3~4级,北风,4~5级,北风,星期三,平时,8.08,,1110168,33525765.62,271220790.2,
2023-9-21,1085841,351332226.3,351333068.9,6112.79,41736494.45,"南京,南京市,江苏省,中国",小雨,阴,21,19,3~4级,北风,<3级,东北风,星期四,平时,8.39,,599001,16917573.64,142116196.1,
2023-9-22,1109409,362095244.7,362096187.7,6584.5,43122990.66,"南京,南京市,江苏省,中国",阵雨,阵雨,22,18,3~4级,东风,3~4级,东北风,星期五,平时,8.39,,614465,17333179.12,145555612.6,
2023-9-23,1200176,383405931.6,383407563.4,12019.06,45560109.71,"南京,南京市,江苏省,中国",小雨,小雨,19,18,3~4级,东风,4~5级,东北风,星期六,平时,8.39,,685002,19264449.38,161764087.3,
2023-9-24,1107582,356412637.5,356414023.5,7777.28,42338773.57,"南京,南京市,江苏省,中国",小雨,阴,23,20,3~4级,东风,<3级,北风,星期日,平时,8.39,,631044,17718694.88,148822970.1,
2023-9-25,1314652,423011201.9,423012154.8,7423.21,50300396.96,"南京,南京市,江苏省,中国",阴,多云,26,21,3~4级,北风,<3级,北风,星期一,平时,8.39,,741418,20779738.95,174530489.9,
2023-9-26,1336420,449385977.1,449386930,6914.16,53470129.18,"南京,南京市,江苏省,中国",阴,阴,27,20,<3级,北风,<3级,北风,星期二,平时,8.39,,731304,20900766.57,175520268.3,
2023-9-27,1496725,493372443.8,493373640.2,9274.39,58555260.61,"南京,南京市,江苏省,中国",多云,多云,27,22,<3级,西北风,<3级,东北风,星期三,平时,8.39,,831549,24014121.95,201735323.4,
2023-9-28,1818880,576703508.6,576705714,10242.33,67996518.49,"南京,南京市,江苏省,中国",阴,阴,27,22,3~4级,北风,3~4级,东风,星期四,平时,8.39,,1050291,30682031.48,257753155.6,
2023-9-29,1718256,497588770,497590681.5,9213.11,58366211.63,"南京,南京市,江苏省,中国",阴,小雨,29,20,3~4级,东风,<3级,北风,星期五,国庆,8.39,,1074364,30717286.78,258013899.3,
2023-9-30,1299860,387606532.9,387607990,7618.11,45561410.3,"南京,南京市,江苏省,中国",阴,多云,23,18,3~4级,北风,3~4级,东北风,星期六,国庆,8.39,,786100,22441000.26,188465258.6,
2023-10-1,1252976,368000607.6,368001988.1,1380.53,43195813.88,"南京,南京市,江苏省,中国",阴,多云,26,18,3~4级,东风,3~4级,东风,星期日,国庆,8.39,,757286,21345341.22,179309637.2,
2023-10-2,1462914,430300515.1,430301734.4,1219.32,50546962.88,"南京,南京市,江苏省,中国",阴,小雨,22,19,3~4级,东南风,3~4级,东风,星期一,国庆,8.39,,884370,24955781.89,209653631,
2023-10-3,1285489,384310466.8,384311661.2,1194.47,45236531.09,"南京,南京市,江苏省,中国",小雨,阴,18,17,<3级,东风,3~4级,东北风,星期二,国庆,8.39,,768684,21865241.28,183674584.8,
2023-10-4,1664099,505637297.2,505638807.2,1510.01,59555069.89,"南京,南京市,江苏省,中国",阴,多云,25,18,3~4级,北风,3~4级,东北风,星期三,国庆,8.39,,989379,28343275.85,238108359.9,
2023-10-5,1363819,422758114,422759727.9,1613.92,49989348.86,"南京,南京市,江苏省,中国",多云,多云,24,15,3~4级,东风,3~4级,东北风,星期四,国庆,8.39,,793331,22341791.05,187693725.7,
2023-10-6,1434265,436158161.2,436159514.4,1353.26,51629618.4,"南京,南京市,江苏省,中国",多云,小雨,23,16,3~4级,东风,4~5级,东北风,星期五,国庆,8.39,,856030,23914388.99,200859046.6,
2023-10-7,1162856,380280149.9,380281135.5,985.54,45231075.24,"南京,南京市,江苏省,中国",中雨,小雨,16,13,3~4级,北风,3~4级,东北风,星期六,平时,8.39,,663489,18940038.18,159062116.4,
2023-10-8,1106936,365022484.2,365023317.8,833.52,43511586.96,"南京,南京市,江苏省,中国",阴,阴,20,14,<3级,北风,3~4级,北风,星期日,平时,8.39,,618158,17204122.08,144513064.1,
2023-10-9,1187975,381178518.6,381179299.5,780.95,45474641.57,"南京,南京市,江苏省,中国",阴,阴,24,15,3~4级,北风,<3级,北风,星期一,平时,8.39,,664453,18038047.37,151528055.7,
2023-10-10,1161805,373577271.4,373578076.5,805.14,44676627.85,"南京,南京市,江苏省,中国",多云,多云,21,14,3~4级,北风,3~4级,东北风,星期二,平时,8.39,,646480,17715609.59,148808733.1,
2023-10-11,1181751,405233185.5,405234182.6,997.16,48833828.71,"南京,南京市,江苏省,中国",多云,多云,23,14,<3级,北风,<3级,东北风,星期三,平时,8.32,,648639,18605472.87,154981262.9,
2023-10-12,1096382,372459377.2,372460359.9,982.7,44863641.42,"南京,南京市,江苏省,中国",阴,阴,23,17,3~4级,东南风,<3级,东风,星期四,平时,8.32,,600208,17096895.89,142430651.5,
2023-10-13,1390694,445609060.1,445610095.4,893.7,53541870.79,"南京,南京市,江苏省,中国",阴,多云,24,14,3~4级,北风,3~4级,西风,星期五,平时,8.32,,783147,21845655.52,181926660.4,
2023-10-14,1104616,358390373.3,358391813.3,1439.95,43063433.51,"南京,南京市,江苏省,中国",多云,晴,24,14,<3级,西北风,<3级,西南风,星期六,平时,8.32,,617363,17275722.51,143867422.8,
2023-10-15,1053821,331529465.1,331530951.7,1486.64,39743210.86,"南京,南京市,江苏省,中国",晴,晴,26,15,<3级,西风,<3级,东北风,星期日,平时,8.32,,600518,16557854.33,137932360.2,
2023-10-16,1091604,365789901.9,365790815.2,913.29,43962410.93,"南京,南京市,江苏省,中国",晴,晴,26,14,<3级,东南风,<3级,东风,星期一,平时,8.32,,598131,17007121.09,141670780.3,
2023-10-17,1075362,354604859,354605689.3,830.25,42654530.35,"南京,南京市,江苏省,中国",晴,晴,26,15,3~4级,东南风,3~4级,东南风,星期二,平时,8.32,,594973,16707384.22,139128888.2,
2023-10-18,1045483,347100152.8,347101317.2,872.42,41773493.41,"南京,南京市,江苏省,中国",晴,晴,27,16,<3级,东南风,3~4级,东风,星期三,平时,8.32,,576516,16156324.36,134585547.8,
2023-10-19,1239270,401398720.2,401399528.7,808.58,48199585.74,"南京,南京市,江苏省,中国",小雨,小雨,26,13,4~5级,北风,4~5级,北风,星期四,平时,8.32,,693384,19397304.85,161581260.7,
2023-10-20,1381203,446238356.6,446239322.9,966.31,53532329.3,"南京,南京市,江苏省,中国",晴,晴,20,9,3~4级,北风,3~4级,北风,星期五,平时,8.32,,772061,21704276.01,180755940.5,
2023-10-21,1227620,398410538.4,398411830.4,1292,47834202.87,"南京,南京市,江苏省,中国",晴,多云,21,9,<3级,东风,<3级,东风,星期六,平时,8.32,,684928,19198672.03,159890372.3,
2023-10-22,1099633,345778327.1,345779935,1607.91,41458436.03,"南京,南京市,江苏省,中国",晴,晴,23,12,<3级,东南风,<3级,东风,星期日,平时,8.32,,623497,17176006.4,143055847.3,
2023-10-23,1382789,453349568,453350753.2,1185.18,54406186.96,"南京,南京市,江苏省,中国",晴,晴,24,12,<3级,东南风,3~4级,东南风,星期一,平时,8.32,,757623,21363832.33,177934843.9,
2023-10-24,1086712,354953981.8,354954656,670.18,42710977.06,"南京,南京市,江苏省,中国",晴,多云,26,15,<3级,西风,<3级,东南风,星期二,平时,8.32,,597474,16594904.17,138200303.6,
2023-10-25,1440625,478892524.4,478893468.3,943.92,57997099.05,"南京,南京市,江苏省,中国",阴,多云,24,14,<3级,东南风,<3级,西北风,星期三,平时,8.26,,798648,22536407.97,186377084,
2023-10-26,1132459,379512931.1,379513823.3,892.18,46002855.9,"南京,南京市,江苏省,中国",晴,多云,27,15,<3级,东南风,<3级,东风,星期四,平时,8.26,,621347,17671742.13,146131318.1,
2023-10-27,1319223,429024376.2,429025504.1,1127.83,51865200.39,"南京,南京市,江苏省,中国",多云,阴,24,15,3~4级,东风,<3级,东风,星期五,平时,8.26,,730128,20745638.13,171498931.4,
2023-10-28,1270897,404382421.9,404383713.2,1291.25,48885836.55,"南京,南京市,江苏省,中国",多云,多云,24,14,3~4级,东南风,3~4级,东南风,星期六,平时,8.26,,717482,20061904.7,165836935.2,
2023-10-29,1089435,341091420.1,341093057,1636.84,41190701.27,"南京,南京市,江苏省,中国",多云,晴,25,14,3~4级,东风,<3级,东南风,星期日,平时,8.26,,619803,17132229,141651670,
2023-10-30,1061295,350328918.8,350329956,1037.25,42410399.8,"南京,南京市,江苏省,中国",阴,晴,25,15,<3级,南风,<3级,东南风,星期一,平时,8.26,,584771,16578282.98,137083808,
2023-10-31,1230823,398911506.1,398912371.8,865.67,48384431.88,"南京,南京市,江苏省,中国",晴,多云,28,16,<3级,东南风,<3级,南风,星期二,平时,8.26,,684232,19131596.22,158175656,
2023-11-1,1061270,350358429.9,350359119.9,689.99,42466252.51,"南京,南京市,江苏省,中国",晴,晴,28,15,3~4级,南风,<3级,东南风,星期三,平时,8.26,,585705,16547008.95,136846708.8,
2023-11-2,1207646,390130957.6,390131871.1,913.56,47232653.47,"南京,南京市,江苏省,中国",晴,多云,27,16,3~4级,西南风,3~4级,南风,星期四,平时,8.26,,670454,18930441.5,156553439.3,
2023-11-3,1152446,377100566.3,377114329.9,13763.61,45594589.7,"南京,南京市,江苏省,中国",多云,多云,28,17,<3级,东南风,<3级,东风,星期五,平时,8.26,,632086,17967525.1,148515221.3,
2023-11-4,1110151,357828646.1,357834360.9,5714.86,43258803.82,"南京,南京市,江苏省,中国",阴,多云,25,17,3~4级,东风,3~4级,东南风,星期六,平时,8.26,,622397,17522644.69,144848934.1,
2023-11-5,1220088,372186661.5,372187868.8,1207.34,44748863.34,"南京,南京市,江苏省,中国",中雨,小雨,24,11,3~4级,西风,5~6级,西北风,星期日,平时,8.26,,713338,19957724.37,165036082.1,
2023-11-6,1226280,398305419.2,398306264.7,845.47,48138081.44,"南京,南京市,江苏省,中国",晴,晴,16,6,3~4级,西风,3~4级,东北风,星期一,平时,8.26,,683063,19329987.88,159869819.6,
2023-11-7,1053666,340654849.4,340655552.9,703.52,41220829.8,"南京,南京市,江苏省,中国",晴,多云,19,11,3~4级,东南风,3~4级,东南风,星期二,平时,8.26,,579860,16337219.98,135085407.6,
2023-11-8,1150579,393027073.3,393028139.6,1066.32,48328651.44,"南京,南京市,江苏省,中国",多云,多云,22,12,<3级,南风,3~4级,东南风,星期三,平时,8.15,,624990,18244672.92,148874232.1,
2023-11-9,1169850,383818567.9,383819670.1,1102.26,47133840.04,"南京,南京市,江苏省,中国",中雨,小雨,19,11,3~4级,北风,4~5级,东北风,星期四,平时,8.15,,653189,18813993.99,153512871.8,
2023-11-10,1198466,389112152.5,389113426,1273.49,47630607.53,"南京,南京市,江苏省,中国",小雨,多云,13,10,3~4级,东北风,3~4级,东北风,星期五,平时,8.15,,669925,19586393.33,159787695.4,
2023-11-11,1126265,356606856.2,356608282.3,1426.09,43653509.85,"南京,南京市,江苏省,中国",阴,小雨,14,6,3~4级,北风,3~4级,北风,星期六,平时,8.15,,641951,18385286.27,149979098.9,
2023-11-12,1333599,402635413.3,402636842.3,1428.95,49095825.88,"南京,南京市,江苏省,中国",阴,小雨,11,6,3~4级,北风,3~4级,北风,星期日,平时,8.15,,779614,21953530.37,179160145.6,
2023-11-13,1319282,418258433,418259312.2,879.15,51140351.63,"南京,南京市,江苏省,中国",多云,多云,11,2,3~4级,西北风,<3级,东风,星期一,平时,8.15,,747233,21589115.62,176184715,
2023-11-14,1093103,356116687.4,356117660.5,973.14,43699889.97,"南京,南京市,江苏省,中国",晴,晴,12,2,<3级,西风,<3级,东风,星期二,平时,8.15,,605527,17414454.11,142079793.3,
2023-11-15,1074397,350430052.4,350430856.7,804.25,43030875.18,"南京,南京市,江苏省,中国",多云,小雨,15,7,<3级,东南风,4~5级,西风,星期三,平时,8.15,,596151,17044704.83,139087127.3,
2023-11-16,1140872,379283925.5,379284609.7,684.23,46565588.95,"南京,南京市,江苏省,中国",多云,晴,14,4,3~4级,西北风,3~4级,西风,星期四,平时,8.15,,627839,18238278.57,148820644.4,
2023-11-17,1354790,427292942,427294091.6,1149.64,52280177.01,"南京,南京市,江苏省,中国",晴,晴,14,1,3~4级,西北风,3~4级,西北风,星期五,平时,8.15,,752679,21389736.15,174465727.5,
2023-11-18,1183224,372728645.2,372730254,1608.82,45626845.98,"南京,南京市,江苏省,中国",晴,晴,14,5,<3级,西南风,<3级,南风,星期六,平时,8.15,,658699,18515658.49,151019327.6,
2023-11-19,1158292,357352969.1,357354395.8,1426.73,43763235.58,"南京,南京市,江苏省,中国",晴,晴,20,5,3~4级,西风,<3级,西北风,星期日,平时,8.15,,655197,18108984.66,147730616.5,
2023-11-20,1052080,326676039.4,326676831.4,791.96,40026230.32,"南京,南京市,江苏省,中国",多云,晴,20,7,<3级,东南风,<3级,东南风,星期一,平时,8.15,,585107,16175068.01,131963754.7,
2023-11-21,1026377,311354986.7,311355581.7,594.95,38162502.6,"南京,南京市,江苏省,中国",晴,晴,22,8,<3级,东南风,3~4级,东南风,星期二,平时,8.15,,567116,15452431.13,126044409.3,
2023-11-22,1235751,412903328.7,412904077.2,748.45,52541230.93,"南京,南京市,江苏省,中国",多云,多云,23,10,3~4级,西南风,3~4级,西北风,星期三,平时,7.88,,685857,20603628.95,162510303.4,
2023-11-23,1079058,351786220.7,351787048.5,827.84,44711635.09,"南京,南京市,江苏省,中国",晴,晴,17,2,3~4级,北风,4~5级,北风,星期四,平时,7.88,,597753,17648678.61,139213790,
2023-11-24,1182476,379296247.7,379296859.1,611.39,48094739.78,"南京,南京市,江苏省,中国",晴,多云,11,4,3~4级,北风,<3级,东风,星期五,平时,7.88,,657169,19559177.18,154243551.7,
2023-11-25,1323595,403363489.3,403364566.2,1076.86,51010831.51,"南京,南京市,江苏省,中国",晴,阴,14,8,3~4级,东南风,3~4级,东南风,星期六,平时,7.88,,762027,22122895.56,174456752.3,
2023-11-26,1087531,329213605.9,329214802.3,1196.4,41637825.12,"南京,南京市,江苏省,中国",阴,阴,11,5,<3级,西北风,<3级,西南风,星期日,平时,7.88,,632744,18246367.95,143906501.8,
2023-11-27,1088349,348542798.8,348543395.8,597.05,44198054.91,"南京,南京市,江苏省,中国",晴,晴,17,5,3~4级,西北风,4~5级,西北风,星期一,平时,7.88,,602496,17791787.41,140336696.3,
2023-11-28,1036039,331565667,331566405.5,738.43,42093257.13,"南京,南京市,江苏省,中国",多云,多云,15,7,3~4级,东南风,<3级,东南风,星期二,平时,7.88,,575360,16849841.2,132884132.4,
2023-11-29,1032897,331897948.8,331898728.7,779.83,42153601.87,"南京,南京市,江苏省,中国",阴,多云,16,2,3~4级,北风,5~6级,北风,星期三,平时,7.88,,572227,16767100.99,132260654.3,
2023-11-30,1104322,357062147.4,357062912,764.65,45309561.32,"南京,南京市,江苏省,中国",阴,多云,6,-1,3~4级,北风,4~5级,北风,星期四,平时,7.88,,612230,18118178.71,142929739.8,
2023-12-1,1192245,376640122.8,376640966,843.12,47623979.95,"南京,南京市,江苏省,中国",晴,多云,9,0,<3级,西北风,<3级,东南风,星期五,平时,7.88,,668749,19831269.69,156403655.9,
2023-12-2,1108960,342967110.1,342968194.8,1084.64,43367012.91,"南京,南京市,江苏省,中国",晴,多云,11,1,<3级,东南风,<3级,东风,星期六,平时,7.88,,632877,18468482.33,145644186.3,
2023-12-3,1085686,325914532.1,325915454.2,922.17,41131680.05,"南京,南京市,江苏省,中国",多云,多云,12,2,<3级,东南风,<3级,东南风,星期日,平时,7.88,,631952,18200678.79,143569055.9,
2023-12-4,1053251,332239269.3,332239908.4,639.06,42065939.57,"南京,南京市,江苏省,中国",多云,晴,14,5,<3级,东南风,<3级,西南风,星期一,平时,7.88,,592358,17356334.73,136905378.5,
2023-12-5,1068353,346723328.6,346723957.2,628.64,44013596.99,"南京,南京市,江苏省,中国",多云,阴,18,7,3~4级,西风,3~4级,西风,星期二,平时,7.88,,587076,17301337.08,136448690.9,
2023-12-6,1028452,331419514.5,331420048,533.56,42284933.43,"南京,南京市,江苏省,中国",晴,晴,16,5,3~4级,西北风,3~4级,南风,星期三,平时,7.84,,568407,16755935.42,131501988.6,
2023-12-7,1037717,334132866,334133241.3,375.23,42629547.63,"南京,南京市,江苏省,中国",晴,晴,20,11,3~4级,西南风,3~4级,西南风,星期四,平时,7.84,,570340,16764761.93,131570073.7,
2023-12-8,1126211,360182399.1,360182945.2,546.07,45892606.12,"南京,南京市,江苏省,中国",多云,多云,22,11,3~4级,西南风,3~4级,南风,星期五,平时,7.84,,617161,18136735.52,142277503.6,
2023-12-9,1037980,321147637.5,321148485.4,847.84,40912560.31,"南京,南京市,江苏省,中国",多云,阴,21,11,<3级,东南风,4~5级,东北风,星期六,平时,7.84,,585891,16860272.28,132262621.2,
2023-12-10,1003086,302326616.4,302327342.3,725.95,38371054.2,"南京,南京市,江苏省,中国",小雨,中雨,14,8,3~4级,北风,4~5级,北风,星期日,平时,7.84,,586108,17058037.73,133853640.8,
2023-12-11,1065067,336853062.4,336853581.2,503.66,42791812.09,"南京,南京市,江苏省,中国",小雨,阴,8,2,3~4级,北风,4~5级,北风,星期一,平时,7.84,,605218,18256913.36,143300967,
2023-12-12,1114056,352086177.7,352086649.6,471.9,44834302.13,"南京,南京市,江苏省,中国",阴,多云,7,1,3~4级,东北风,3~4级,东风,星期二,平时,7.84,,624956,18468979.54,144926607.9,
2023-12-13,1042699,335130684.4,335131270.9,586.5,42708377.16,"南京,南京市,江苏省,中国",小雨,中雨,10,9,3~4级,东南风,<3级,东风,星期三,平时,7.84,,577681,17125752.08,134408060.2,
2023-12-14,1033206,329922361.3,329923062.2,700.95,42026566.92,"南京,南京市,江苏省,中国",阴,小到中雨,16,5,<3级,西北风,5~6级,西北风,星期四,平时,7.84,,570206,16890557.7,132553107.8,
2023-12-15,1225962,387605429,387606154.8,725.77,49307949.99,"南京,南京市,江苏省,中国",小雨,雨夹雪,3,-3,3~4级,西北风,5~6级,西北风,星期五,平时,7.84,,674767,20103525.64,157730927.9,
2023-12-16,1228725,369148036.7,369148550.7,513.95,46842147.16,"南京,南京市,江苏省,中国",多云,多云,0,-5,3~4级,北风,3~4级,北风,星期六,平时,7.84,,702737,20380541.4,159906355,
2023-12-17,1133642,329325919.9,329326476.5,556.65,41728098.65,"南京,南京市,江苏省,中国",多云,阴,0,-2,3~4级,北风,3~4级,东北风,星期日,平时,7.84,,661436,18847379.52,147909904.5,
2023-12-18,1235805,366059607,366059932,324.95,46383272.24,"南京,南京市,江苏省,中国",大到暴雪,中雪,1,0,<3级,东风,<3级,西北风,星期一,平时,7.84,,710355,20710429.26,162570515.1,
2023-12-19,1011120,298968597.1,298968883.4,283.3,37977566.14,"南京,南京市,江苏省,中国",小雪,多云,1,-3,3~4级,北风,3~4级,北风,星期二,平时,7.84,,572212,16337460.39,128194347.3,
2023-12-20,1406640,448683845,448683845,0,59661890.1,"南京,南京市,江苏省,中国",晴,晴,2,-6,3~4级,北风,4~5级,北风,星期三,平时,7.5,,790574,24873644.02,186754985.7,
2023-12-21,1278218,396494586,396494586,0,52644696.94,"南京,南京市,江苏省,中国",晴,晴,-1,-7,3~4级,北风,3~4级,西北风,星期四,平时,7.5,,716276,22261091.83,167129141.2,
2023-12-22,1308745,404853449,404853449.1,0,53716222.81,"南京,南京市,江苏省,中国",多云,阴,0,-4,3~4级,北风,<3级,东北风,星期五,平时,7.5,,729757,22569163.59,169388637,
2023-12-23,1141009,345768641.1,345768641.1,0.07,45879059.38,"南京,南京市,江苏省,中国",多云,多云,2,-4,<3级,东南风,<3级,西风,星期六,平时,7.5,,651947,19892370.49,149278407.5,
2023-12-24,1119576,330935704.3,330935707.7,0,43846317.21,"南京,南京市,江苏省,中国",晴,晴,6,-4,3~4级,西北风,<3级,西北风,星期日,平时,7.5,,649307,19540947.34,146681814.6,
2023-12-25,1134511,349357790.1,349357790.1,0,46392936.64,"南京,南京市,江苏省,中国",晴,阴,7,-2,<3级,南风,3~4级,东南风,星期一,平时,7.5,,638155,19474026.41,146197141.5,
2023-12-26,1072045,335929197.6,335929197.6,0,44738960.24,"南京,南京市,江苏省,中国",阴,多云,9,0,3~4级,东风,3~4级,东风,星期二,平时,7.5,,598525,18197697.29,136598166.5,
2023-12-27,1054896,332618128.4,332618128.4,0,44334481.65,"南京,南京市,江苏省,中国",多云,晴,12,0,<3级,西北风,<3级,北风,星期三,平时,7.5,,584640,17697523.09,132897195.7,
2023-12-28,1032115,323028612.7,323028614.7,2,42986493.14,"南京,南京市,江苏省,中国",晴,多云,12,3,3~4级,北风,<3级,东风,星期四,平时,7.5,,579368,17582398.1,132027565.2,
2023-12-29,1218840,372592734.2,372592811.9,77.72,49432247.01,"南京,南京市,江苏省,中国",多云,小雨,12,5,3~4级,东南风,<3级,东南风,星期五,平时,7.5,,682637,20804389.52,156156281.9,
2023-12-30,1126207,341635923.3,341635926.3,3.01,45312200.19,"南京,南京市,江苏省,中国",阴,晴,14,1,<3级,西南风,4~5级,西北风,星期六,平时,7.5,,643768,19510503.81,146443772.7,
