日期,32801309-进站加油车量（汽油）,32801309-进站加油车量（柴油）,32801309-进站率（汽油）,32801309-进站率（柴油）,32801309-站前车流量（汽油）,32801309-站前车流量（柴油）,32801817-进站加油车量（汽油）,32801817-进站加油车量（柴油）,32801817-进站率（汽油）,32801817-进站率（柴油）,32801817-站前车流量（汽油）,32801817-站前车流量（柴油）,32807333-进站加油车量（汽油）,32807333-进站加油车量（柴油）,32807333-进站率（汽油）,32807333-进站率（柴油）,32807333-站前车流量（汽油）,32807333-站前车流量（柴油）
20230101,161,18,4.5,2.7,3576,668,222,12,9.14,12.12,2430,98,61,5,3.9,2.21,1565,226
20230102,212,37,5.73,4.51,3704,820,241,22,10.14,15.83,2376,139,54,5,3.66,2.12,1475,235
20230103,196,53,4.78,5.1,4099,1038,268,13,10.61,8.18,2524,158,95,20,5.76,6.08,1648,328
20230104,160,46,4.02,4.23,3980,1087,205,7,8.08,4.83,2538,145,82,6,4.96,1.72,1654,347
20230105,183,38,4.31,3.44,4246,1106,214,19,8.17,10.33,2619,183,69,10,3.81,2.82,1808,353
20230106,172,42,3.92,3.91,4385,1075,194,12,7.15,6.98,2712,172,67,12,4,3.65,1675,328
20230107,172,35,3.86,3.59,4458,977,178,16,6.86,10.06,2594,158,81,9,4.66,2.93,1739,307
20230108,186,38,4.33,4.29,4290,886,196,14,7.32,8.92,2679,156,56,7,3.11,2.55,1803,274
20230109,195,50,4.38,4.6,4447,1087,234,14,8.02,8.75,2918,160,75,13,4.19,3.92,1789,332
20230110,211,50,4.61,4.7,4574,1063,256,14,8.83,7.87,2899,178,64,9,3.58,3.11,1789,290
20230111,252,49,5.07,4.58,4966,1069,292,16,8.71,8.38,3354,191,75,4,3.71,1.34,2025,297
20230112,215,48,4.59,4.82,4682,996,244,11,8.19,6.04,2982,181,78,11,4.18,3.82,1866,288
20230113,303,45,4.54,4.01,6668,1121,265,14,7.63,8.14,3470,172,73,10,2.65,3.24,2758,309
20230114,195,33,4.52,4.26,4317,774,237,11,9.68,9.24,2449,120,62,9,3.64,3.93,1702,230
20230115,256,37,5.41,4.7,4730,787,231,10,9.41,8.33,2455,120,71,5,4.37,2.63,1625,189
20230116,205,38,5.04,5.63,4067,676,234,14,8.74,12.17,2677,116,76,3,4.56,1.67,1666,179
20230117,200,34,5.67,7.04,3526,483,249,9,9.48,9.18,2627,98,43,5,2.97,3.29,1449,152
20230118,193,25,5.98,6.36,3225,394,281,9,11.64,13.04,2414,69,46,7,3.14,5.98,1463,118
20230119,186,22,6.73,9.28,2766,237,258,9,10.57,18.75,2441,48,59,2,4.07,2.35,1449,85
20230120,199,4,8.77,3.51,2270,114,280,9,12.9,20.93,2171,42,80,2,6.09,4.26,1314,46
20230121,172,6,12.17,16.22,1413,37,257,3,13.77,15,1866,19,45,0,5.41,0,832,19
20230122,67,1,6.11,4.17,1096,23,102,2,7.05,10.53,1446,19,25,0,3.44,0,726,14
20230123,53,7,3.8,14.58,1395,48,123,3,7.5,17.65,1639,17,31,0,3.63,0,853,19
20230124,88,4,5.22,7.14,1685,56,145,5,7.89,29.41,1837,17,29,3,2.93,13.04,988,23
20230125,91,6,3.94,5.77,2310,104,157,4,7.89,19.05,1990,21,51,1,4.31,5,1183,19
20230126,131,12,1.9,4.35,6909,276,178,3,7.08,7.69,2515,39,58,2,3.78,4.88,1534,41
20230127,156,12,1.07,2.05,14631,587,214,8,5.28,8.89,4049,91,52,5,2.39,6.94,2175,71
20230128,108,5,1.05,0.83,10275,604,205,9,7.26,13.04,2822,69,48,2,2.66,2.17,1805,93
20230129,136,19,3,3.87,4534,490,216,4,7.83,5.26,2760,75,59,3,3.27,2.36,1806,127
20230130,158,11,3.82,2.14,4134,515,189,7,6.94,9.09,2725,77,40,3,2.3,1.85,1743,162
20230131,173,24,3.96,3.7,4366,648,194,11,6.57,11.11,2955,98,40,0,2.34,0,1706,195
20230201,170,22,4.05,3.1,4196,708,236,8,8.19,7.41,2881,108,52,8,2.82,3.36,1843,237
20230202,175,31,4.2,4.13,4171,751,218,13,7.78,10.74,2800,122,61,6,3.45,2.83,1768,212
20230203,236,51,5.14,5.82,4593,876,293,14,9.72,12.39,3013,114,65,8,3.38,3.42,1922,234
20230204,166,30,3.79,4.07,4379,737,218,14,7.39,11.11,2949,125,43,9,2.21,3.64,1945,247
20230205,169,16,4,2.65,4229,604,160,9,5.14,10,3113,91,39,5,2.11,2.81,1849,178
20230206,137,25,3.14,3.39,4366,737,207,11,7.31,9.17,2831,120,54,2,2.99,0.68,1808,291
20230207,167,26,3.63,2.65,4607,980,182,12,6.06,7.74,3003,154,47,6,2.56,1.99,1837,301
20230208,184,37,3.72,3.76,4941,984,192,8,6.19,5.48,3102,147,56,8,2.89,2.75,1940,291
20230209,144,28,3.19,3.1,4516,901,166,13,5.61,9.03,2957,145,79,8,4.28,2.89,1845,278
20230210,210,30,4.2,2.94,5001,1019,206,13,6.37,8.67,3237,151,69,11,3.42,3.37,2019,326
20230211,177,34,3.7,3.87,4783,878,175,8,5.7,5.56,3071,145,42,5,2.14,1.58,1963,317
20230212,158,22,3.52,2.76,4483,797,188,10,6.49,8.33,2897,120,45,8,2.31,2.88,1947,278
20230213,157,24,3.29,2.46,4779,975,203,12,6.75,9.09,3007,131,49,4,2.56,1.23,1913,326
20230214,223,34,4.34,2.99,5138,1139,282,19,8.77,11.11,3213,172,57,4,2.54,0.99,2243,403
20230215,206,40,4.03,3.4,5116,1177,222,20,7.04,10.58,3154,189,46,6,2.14,1.57,2146,382
20230216,200,35,3.95,3.01,5060,1162,180,13,5.89,7.6,3053,172,63,14,3.06,3.79,2057,369
20230217,189,33,3.61,2.84,5228,1162,204,14,6.43,7.95,3173,176,61,17,3.1,4.94,1969,344
20230218,184,30,3.42,2.86,5381,1050,208,8,6.37,5.16,3266,154,52,5,2.34,1.49,2223,336
20230219,206,31,3.83,3.46,5379,896,245,15,7.01,10.79,3493,139,44,3,1.83,1,2409,299
20230220,172,30,3.39,2.6,5082,1154,191,13,5.95,6.88,3212,189,68,9,3.38,2.47,2009,365
20230221,205,36,3.91,2.95,5248,1222,220,8,6.5,4.4,3383,181,36,2,1.63,0.54,2204,371
20230222,189,36,3.6,2.94,5250,1224,176,15,5.81,7.65,3026,197,60,17,2.88,4.44,2081,382
20230223,190,39,3.71,3.32,5116,1173,154,10,5.18,4.76,2972,210,64,4,3.13,1.13,2044,353
20230224,212,35,3.85,2.86,5508,1224,201,16,6.05,8.7,3325,183,58,6,2.71,1.54,2140,390
20230225,221,35,4.1,3.2,5390,1092,228,11,7.04,6.51,3240,170,48,13,2.09,3.13,2301,415
20230226,182,30,3.42,3.05,5319,984,232,6,6.71,4.62,3455,129,48,6,1.93,1.92,2486,313
20230227,165,35,3.07,3.07,5371,1141,235,11,7.23,6.25,3250,176,51,7,2.43,2.07,2100,338
20230228,202,32,3.74,2.63,5408,1218,175,12,5.41,6.38,3237,187,58,9,2.69,2.34,2160,384
20230301,166,38,3.14,3.04,5286,1249,196,14,5.95,7.18,3295,195,57,3,2.53,0.81,2256,372
20230302,184,38,3.47,3.06,5309,1241,192,9,6.25,5.08,3071,178,51,9,2.24,2.23,2281,403
20230303,187,46,3.36,3.78,5568,1218,196,6,6.08,3.28,3225,183,66,9,2.89,2.35,2287,382
20230304,216,46,3.97,4,5446,1150,226,14,7.15,8.86,3159,158,68,11,2.7,2.44,2517,450
20230305,210,20,3.76,1.93,5583,1034,195,11,5.9,7.43,3306,149,65,8,2.29,2.24,2841,357
20230306,225,40,4.03,3.25,5580,1231,173,7,5.51,3.37,3140,208,48,6,2.07,1.42,2322,423
20230307,186,38,3.33,3.15,5582,1206,176,18,5.52,9.05,3186,199,61,4,2.62,0.89,2330,448
20230308,220,43,3.92,3.38,5612,1272,177,9,5.38,4.55,3293,199,49,5,2.12,1.26,2310,398
20230309,205,43,3.79,3.41,5402,1260,207,21,6.65,9.81,3115,214,52,8,2.21,1.9,2358,421
20230310,200,44,3.43,3.42,5831,1287,202,18,5.71,8.61,3540,208,55,8,2.23,1.95,2468,409
20230311,195,45,3.53,4,5518,1125,188,10,5.56,5.75,3381,174,63,5,2.68,1.35,2353,371
20230312,199,26,3.68,2.82,5406,921,196,12,5.75,7.19,3406,168,57,5,2.5,1.62,2279,309
20230313,184,41,3.35,3.34,5485,1227,182,18,5.7,8.7,3190,207,35,7,1.61,1.98,2171,353
20230314,169,28,3.05,2.27,5537,1235,204,14,6.48,7.41,3150,189,56,5,2.47,1.24,2264,403
20230315,205,28,3.73,2.17,5495,1291,176,14,5.53,6.51,3185,214,53,9,2.49,2.44,2127,369
20230316,180,42,3.39,3.31,5304,1266,158,7,5.06,4.05,3125,174,38,4,1.72,0.98,2204,407
20230317,205,16,4.04,1.45,5076,1100,180,11,5.89,7.43,3055,149,56,11,2.7,3.2,2075,344
20230318,186,43,3.44,3.59,5412,1197,207,14,6.6,7.61,3136,183,55,9,2.51,2.47,2187,365
20230319,181,25,3.24,2.43,5582,1031,198,12,5.51,7.06,3592,170,46,5,1.71,1.47,2685,340
20230320,179,36,3.23,3.01,5547,1199,191,18,5.72,9.63,3341,187,47,6,2.17,1.67,2165,361
20230321,179,37,3.46,3.13,5174,1183,156,16,5.1,9.04,3059,178,61,7,3.07,1.85,1984,378
20230322,150,41,2.97,3.34,5057,1229,178,13,6.21,7.14,2868,181,55,15,2.75,3.61,2003,417
20230323,178,50,3.5,3.92,5086,1276,234,16,7.76,9.09,3017,176,71,3,3.34,0.72,2125,417
20230324,178,19,3.26,1.52,5468,1255,237,15,7.22,7.21,3281,208,67,10,3.1,2.61,2160,382
20230325,222,28,4.11,2.51,5400,1116,233,14,7.45,8.81,3127,158,53,9,2.4,2.07,2212,434
20230326,249,22,4.41,2.25,5649,977,271,8,7.78,5.8,3484,139,66,7,2.41,2.08,2735,336
20230327,204,37,3.74,3.01,5452,1229,214,9,6.4,4.84,3343,185,59,12,2.5,2.93,2364,409
20230328,192,34,3.45,2.53,5564,1341,201,13,6.22,6.67,3233,195,47,9,2.01,2.06,2335,436
20230329,170,44,3.02,3.24,5626,1357,172,14,5.3,6.7,3244,208,48,13,2.12,3.13,2266,415
20230330,190,31,3.46,2.46,5489,1262,196,10,6.32,5.41,3100,185,52,9,2.25,2.08,2316,432
20230331,191,34,3.34,2.77,5717,1227,232,10,6.9,5.03,3364,199,47,12,2.08,3.02,2262,398
20230401,235,40,4.03,3.68,5832,1087,277,15,7.91,7.85,3501,191,60,13,2.29,3.47,2615,374
20230402,209,28,3.56,2.97,5871,944,270,13,7.29,9.92,3706,131,73,6,2.88,1.88,2536,320
20230403,183,41,3.49,3.6,5250,1139,236,14,7.36,7.14,3208,197,60,6,2.91,1.74,2059,344
20230404,190,37,3.48,3.4,5458,1089,276,17,7.77,10.06,3549,170,44,3,2.32,0.99,1897,301
20230405,221,27,4.44,3.21,4981,840,331,9,8.86,9.78,3735,93,50,3,2.42,1.08,2063,278
20230406,180,43,3.25,3.51,5535,1226,267,15,7.89,7.85,3381,191,46,9,1.89,2.02,2438,446
20230407,221,41,3.75,3.13,5887,1309,278,21,7.85,9.68,3540,216,62,14,2.62,3.33,2364,421
20230408,213,44,3.89,3.9,5475,1127,251,15,7.34,9.04,3420,166,45,3,1.83,0.84,2453,359
20230409,198,25,3.63,2.47,5450,1011,229,13,6.28,8.18,3644,158,70,2,2.77,0.7,2528,288
20230410,222,49,4.07,3.94,5452,1243,238,11,6.97,6.63,3416,166,59,4,2.5,0.98,2357,407
20230411,203,41,3.71,3.37,5472,1216,230,20,6.84,10.36,3366,193,53,9,2.25,2.11,2353,427
20230412,230,43,4.12,3.31,5583,1299,270,21,8.17,10.24,3304,205,60,7,2.71,1.69,2212,415
20230413,201,46,3.66,3.86,5489,1193,214,19,6.9,10.56,3103,179,50,9,2.19,2.06,2287,436
20230414,221,51,3.87,3.97,5705,1285,262,13,7.49,6.67,3499,195,63,6,2.64,1.42,2387,423
20230415,210,38,3.69,3.48,5692,1092,286,20,8.53,10.31,3352,195,67,6,2.71,1.56,2468,384
20230416,262,44,4.53,4.42,5784,996,316,18,8.35,10.59,3787,170,63,5,2.43,1.43,2594,349
20230417,301,60,5.35,5.09,5628,1177,305,18,9.32,9.38,3273,191,87,12,3.93,3.17,2216,378
20230418,166,35,3.05,2.72,5441,1287,159,6,5.03,3.09,3163,195,38,4,1.79,1.1,2119,365
20230419,186,43,3.36,3.41,5529,1262,167,9,5.24,3.91,3188,230,46,5,2.06,1.22,2231,411
20230420,203,39,3.53,2.95,5753,1320,205,25,6.27,11.11,3267,226,46,3,1.97,0.73,2337,409
20230421,214,35,3.77,2.72,5680,1287,217,23,6.36,11.06,3412,208,47,7,2.13,1.74,2202,401
20230422,152,47,2.85,4.32,5335,1089,180,16,5.52,8.33,3260,191,50,4,2.23,1.11,2239,361
20230423,173,31,3.44,3.03,5024,1023,164,12,5.52,8.45,2972,143,57,7,2.97,2.39,1920,293
20230424,183,37,3.35,2.96,5466,1249,176,17,5.7,8.17,3090,208,51,7,2.56,2.01,1994,349
20230425,173,40,3.1,2.9,5585,1380,185,18,5.69,8.96,3248,201,46,5,2.33,1.29,1974,388
20230426,220,44,3.81,3.32,5775,1326,179,9,5.37,4,3335,226,38,9,1.74,2.16,2183,417
20230427,185,47,3.09,3.29,5989,1428,187,11,5.64,4.91,3316,224,64,12,3.03,2.76,2109,434
20230428,261,54,3.65,4.36,7155,1239,229,16,6.1,7.11,3754,226,66,5,2.55,1.25,2584,401
20230429,382,46,4.91,3.85,7774,1195,286,9,7.5,4.37,3814,207,45,4,1.92,1.15,2343,347
20230430,294,19,4.8,2.59,6118,733,326,6,7.51,4.32,4341,139,94,1,3.78,0.42,2486,235
20230501,266,29,4.26,6.16,6247,471,356,16,7.53,14.41,4727,112,58,1,2.2,0.62,2640,162
20230502,199,15,2.13,2.36,9337,635,260,11,5.54,9.02,4692,122,71,1,2.63,0.5,2702,201
20230503,189,20,2.05,2.21,9222,907,241,6,5.51,4.26,4373,141,70,3,2.54,1.28,2762,235
20230504,204,39,4.03,4.38,5064,890,198,16,6.15,10.74,3221,149,48,8,2.43,2.93,1972,272
20230505,198,31,3.95,3,5006,1034,163,11,5.15,5.7,3161,193,45,11,2.22,3.27,2028,336
20230506,229,38,4.27,3.63,5362,1048,181,15,5.25,7.61,3447,197,54,6,2.31,1.69,2339,355
20230507,213,31,4.08,3.33,5221,930,184,10,5.53,5.99,3327,168,49,7,2.09,2.08,2345,336
20230508,201,52,3.74,4.9,5373,1062,184,20,5.21,9.22,3532,216,50,5,2.37,1.38,2113,363
20230509,183,47,3.41,4.04,5365,1164,209,14,6.31,6.39,3310,218,50,6,2.34,1.52,2137,396
20230510,208,48,3.94,4.4,5282,1090,175,9,5.37,4.92,3258,183,51,8,2.43,2.17,2102,369
20230511,245,44,4.69,4.02,5225,1094,197,13,6.12,6.02,3217,216,38,6,1.77,1.7,2150,353
20230512,198,31,3.66,2.78,5412,1114,213,9,6.26,4.81,3405,187,42,5,1.99,1.55,2115,322
20230513,215,32,3.92,3.54,5481,903,209,9,6.33,5.56,3300,162,60,3,2.66,1,2256,299
20230514,186,17,3.74,2.33,4968,731,208,7,5.76,4.49,3609,156,49,6,2.25,2.48,2181,241
20230515,218,28,4.07,2.8,5354,1000,209,7,6.13,4.49,3410,156,42,4,2.01,1.37,2088,293
20230516,166,26,3.13,2.3,5298,1129,187,11,5.7,6.15,3279,179,52,6,2.58,1.99,2019,301
20230517,172,37,3.38,3.65,5093,1013,182,15,5.81,9.43,3132,158,55,3,2.8,0.94,1963,318
20230518,223,27,4.17,2.52,5342,1071,188,8,5.76,5,3264,160,55,5,2.65,1.54,2073,324
20230519,220,39,3.95,3.43,5566,1137,231,9,6.68,5.29,3457,170,47,6,2.21,1.78,2131,338
20230520,197,23,3.7,2.5,5327,919,298,18,8.45,10.84,3526,166,46,6,2.17,2.11,2115,284
20230521,188,30,3.57,3.81,5271,787,283,20,7.61,12.12,3717,164,44,4,2.02,1.5,2173,266
20230522,185,33,3.65,3.52,5074,938,236,24,7.36,14.12,3208,170,41,6,2.05,1.82,1998,328
20230523,208,36,3.94,3.35,5284,1077,269,19,7.95,11.11,3385,172,42,8,1.97,2.2,2133,365
20230524,210,29,4.11,2.71,5109,1071,235,13,7.16,6.7,3279,195,41,7,1.96,1.89,2098,371
20230525,181,29,3.52,2.61,5147,1110,257,13,8.03,7.56,3200,172,43,3,2.14,0.89,2013,338
20230526,177,35,3.33,3.44,5313,1017,253,15,7.45,10.14,3397,149,55,3,2.54,0.95,2169,317
20230527,190,19,3.83,2.14,4960,890,223,7,6.79,4.35,3285,160,42,3,2.17,1.14,1938,262
20230528,206,34,4.23,4.63,4873,733,191,6,5.6,4.14,3408,145,48,0,2.33,0,2061,224
20230529,181,35,3.61,3.56,5014,982,203,9,6.19,5.39,3281,168,55,5,2.72,1.52,2025,330
20230530,217,35,4.26,3.43,5093,1021,223,12,7.05,7.89,3161,152,66,8,3.16,2.52,2088,318
20230531,187,26,3.6,2.63,5188,990,203,15,6.29,8.52,3229,176,54,6,2.46,1.79,2192,336
20230601,192,27,3.72,2.64,5167,1025,201,8,5.8,4.47,3462,179,60,3,2.93,0.86,2048,347
20230602,185,28,3.37,2.67,5485,1048,235,9,6.72,5.2,3497,174,55,8,2.53,2.29,2177,349
20230603,168,30,3.27,3.44,5143,870,198,8,6.15,4.21,3221,189,47,7,2.13,2.11,2202,332
20230604,187,26,3.85,3.7,4854,703,200,4,6.16,2.74,3248,147,31,4,1.6,1.43,1940,280
20230605,154,24,3.38,2.82,4561,849,198,11,6.11,7.75,3239,143,34,6,1.91,2.34,1779,257
20230606,186,26,3.56,2.59,5225,1002,198,7,5.84,3.66,3389,191,36,5,1.82,1.7,1978,293
20230607,180,31,3.47,3,5194,1034,200,12,6.16,6.59,3248,181,47,12,2.31,4.05,2036,295
20230608,211,36,4.8,3.65,4397,986,180,9,7.33,6.25,2455,145,46,7,2.91,2.7,1581,259
20230609,185,29,3.39,2.94,5466,986,196,9,5.62,5.39,3489,168,47,13,2.27,4.58,2065,284
20230610,187,34,3.76,4.11,4974,826,228,5,7.17,3.55,3179,141,66,7,3.28,2.42,2011,290
20230611,208,25,4.21,3.86,4941,647,240,8,7.23,6.3,3318,127,47,3,2.31,1.33,2032,226
20230612,200,30,3.77,3.53,5306,849,229,9,6.72,6,3410,151,46,11,2.24,3.44,2054,320
20230613,192,31,3.68,3.07,5223,1009,240,11,7.17,6.15,3345,179,43,4,2.24,1.3,1916,309
20230614,175,39,3.44,4.12,5080,948,288,10,8.52,6.06,3381,164,65,5,3.23,1.72,2011,291
20230615,193,40,3.8,4.4,5084,911,285,23,8.28,11.86,3443,195,53,7,2.59,2.5,2048,280
20230616,206,40,3.71,4.31,5547,928,257,24,7.26,13.64,3540,176,52,11,2.43,3.67,2142,299
20230617,166,26,3.49,3.25,4754,799,224,7,7.18,4.86,3121,145,61,6,3.18,2.4,1918,251
20230618,155,21,3.65,3.34,4252,629,227,10,7.31,10.1,3103,98,44,4,2.57,2.09,1710,191
20230619,146,26,3.23,3.58,4514,726,259,16,7.82,13.56,3314,118,50,11,2.88,4.35,1737,253
20230620,173,31,3.18,3.14,5439,988,266,19,7.43,11.31,3578,168,70,4,3.35,1.3,2088,307
20230621,212,33,3.35,3.34,6334,988,351,20,8.14,11.11,4310,179,73,3,2.89,1.13,2524,266
20230622,231,20,3.81,2.99,6060,670,316,10,7.71,10,4099,100,62,4,2.41,2.17,2573,183
20230623,168,22,3.04,3.15,5520,699,255,7,7.29,5.88,3499,120,66,5,2.88,2.31,2295,216
20230624,172,19,3.24,2.46,5309,774,224,5,6.67,4.55,3358,110,48,5,2.28,2.08,2108,239
20230625,154,25,3.28,3.23,4688,774,210,8,6.49,6.5,3239,124,56,7,3.05,2.95,1837,237
20230626,180,20,3.39,2.21,5317,903,248,14,7.13,7.91,3476,178,52,8,2.55,3.03,2038,264
20230627,171,20,3.21,1.99,5323,1006,252,13,7.09,7.51,3555,174,43,8,2.14,2.48,2007,322
20230628,157,32,2.82,3.21,5562,996,285,16,7.61,8.51,3744,187,45,3,2.13,1.24,2113,241
20230629,187,30,3.57,3.14,5230,953,237,11,6.84,7.64,3462,145,37,7,1.94,2.87,1903,243
20230630,176,21,3.42,2.45,5151,857,240,14,6.64,9.21,3617,152,43,2,2.18,0.74,1976,270
20230701,181,21,3.35,2.51,5410,838,279,13,7.72,8.84,3615,147,57,4,2.51,1.74,2270,230
20230702,158,19,3.17,3.11,4983,610,238,14,7.23,10.85,3291,129,40,2,1.99,1.01,2007,199
20230703,158,19,2.95,2.3,5362,826,246,15,7,10.14,3513,149,62,9,3.18,3.7,1951,243
20230704,157,24,2.98,2.73,5269,878,261,13,7.44,9.09,3507,143,65,6,3.29,2.34,1976,257
20230705,152,23,2.79,2.44,5446,942,277,15,7.52,8.47,3684,178,60,5,2.74,1.85,2192,270
20230706,146,26,2.81,2.93,5199,888,269,19,7.58,12.34,3547,154,60,10,3.09,3.76,1942,266
20230707,144,20,2.8,2.45,5147,816,254,18,7.58,12.68,3350,143,53,5,2.8,1.87,1895,268
20230708,135,21,2.69,2.7,5012,778,251,20,7.43,13.99,3379,143,55,3,2.73,1.21,2017,247
20230709,165,26,3.16,3.59,5217,724,283,17,8,12.06,3538,141,71,4,3.18,1.56,2237,257
20230710,156,17,3.04,2.06,5138,826,283,17,7.99,13.08,3542,129,52,2,2.65,0.78,1961,257
20230711,166,20,3.12,2.14,5315,936,294,10,8.45,7.14,3480,141,48,3,2.38,1.15,2015,261
20230712,160,26,3.02,2.96,5306,876,309,16,8.93,9.7,3460,164,66,7,3.42,2.89,1928,241
20230713,148,21,2.8,2.28,5292,923,319,23,8.89,13.77,3588,168,50,10,2.46,4.13,2028,241
20230714,150,29,2.8,3.08,5356,942,313,16,8.68,8.89,3605,179,62,9,3.03,3.5,2048,257
20230715,148,18,2.86,2.33,5167,770,286,13,8.06,8.61,3547,151,54,4,2.67,1.51,2025,264
20230716,133,15,2.61,2.35,5099,639,250,12,7.22,9.16,3462,131,42,4,1.94,1.77,2165,226
20230717,153,20,3.05,2.44,5024,820,277,16,7.92,10.74,3495,149,57,5,2.84,1.97,2003,255
20230718,149,29,2.74,3.27,5445,888,234,15,6.54,9.8,3578,152,71,1,3.27,0.37,2169,268
20230719,128,26,2.52,3.08,5082,843,250,13,7.49,9.03,3341,145,59,4,3.12,1.67,1889,239
20230720,146,20,2.85,2.39,5124,838,279,7,8.14,5.22,3428,133,48,6,2.35,2.15,2046,280
20230721,153,22,2.8,2.47,5468,890,253,12,7.26,7.14,3486,168,63,10,3.12,3.64,2017,274
20230722,160,26,2.99,3.19,5352,814,264,16,7.76,11.59,3401,139,53,3,2.57,1.1,2061,272
20230723,142,26,2.6,3.86,5452,674,301,13,8.22,10.08,3663,129,67,3,2.95,1.24,2274,241
20230724,155,24,2.8,2.67,5535,897,313,23,8.72,12.04,3588,191,52,5,2.45,2.06,2119,243
20230725,121,28,2.22,2.93,5462,955,252,17,7.46,12.14,3376,141,46,10,2.3,3.68,2003,272
20230726,180,24,3.25,2.61,5541,921,308,26,8.93,16.25,3449,160,53,7,2.61,2.44,2027,288
20230727,138,26,2.63,2.83,5248,919,248,19,7.17,12.1,3460,156,54,8,2.57,2.71,2100,295
20230728,151,27,2.25,2.58,6720,1046,289,20,7.99,12.9,3615,154,51,6,2.41,2.19,2111,274
20230729,162,23,2.62,2.67,6193,863,228,11,6.85,7.64,3329,145,49,8,2.31,3.39,2117,235
20230730,161,16,2.05,1.94,7855,824,236,13,6.62,10.57,3567,124,48,7,2.22,3.24,2165,216
20230731,152,26,2.31,2.54,6583,1025,241,20,6.59,12.35,3659,162,88,16,4.04,5.41,2179,295
20230801,170,20,2.71,2.13,6280,936,303,18,7.93,11.61,3819,154,61,14,2.79,5.58,2189,251
20230802,144,22,2.33,2.11,6186,1040,255,20,6.85,11.83,3721,170,70,8,3.26,3.45,2150,232
20230803,172,25,2.71,2.37,6336,1056,254,13,6.9,7.3,3681,178,76,7,3.61,2.69,2106,261
20230804,152,23,2.3,2.27,6612,1013,288,22,7.83,11.96,3679,183,77,6,3.49,2.26,2208,264
20230805,182,20,2.85,2.29,6375,872,317,21,8.78,13.55,3609,154,59,7,2.52,2.81,2341,249
20230806,154,18,1.95,2.29,7915,786,319,24,8.39,16.9,3802,143,75,8,3.29,3.98,2283,201
20230807,164,29,2.66,3.13,6168,926,307,23,8.17,12.37,3756,185,68,8,3.27,3.11,2081,257
20230808,191,23,3.1,2.5,6164,921,286,29,7.35,15.03,3891,193,54,11,2.55,3.94,2117,280
20230809,189,31,3,3.17,6301,977,348,20,9,10.26,3868,195,68,5,3.24,1.97,2098,255
20230810,163,24,2.65,2.46,6159,977,254,16,6.81,8,3729,201,63,9,2.86,3.83,2204,235
20230811,188,36,2.94,3.97,6404,907,251,18,6.46,8.29,3885,216,79,11,3.48,3.86,2268,286
20230812,186,20,2.97,2.26,6263,886,266,18,6.78,10.11,3924,178,63,8,2.69,3.36,2337,237
20230813,150,24,2.68,3.4,5591,706,296,16,7.69,11.59,3850,139,62,5,2.71,1.94,2285,259
20230814,158,20,2.81,2.42,5616,828,238,15,6.36,8.15,3744,183,53,12,2.43,4.15,2181,290
20230815,181,30,3.14,3.31,5765,907,282,16,7.46,10.13,3779,158,64,7,2.64,2.13,2422,328
20230816,165,33,2.93,3.64,5634,905,275,16,7.17,9.47,3835,170,59,11,2.65,3.61,2227,305
20230817,156,44,2.82,4.74,5535,928,229,15,6.61,10.14,3462,149,67,9,2.95,3.17,2270,284
20230818,179,36,3.06,4.21,5852,855,268,14,7.47,9.09,3588,154,79,8,3.2,2.6,2470,309
20230819,182,19,3.31,2.51,5493,758,249,12,7.33,7.95,3397,151,61,7,2.7,2.67,2260,262
20230820,182,21,3.29,3.38,5526,621,191,15,5.11,15.31,3736,98,78,11,3.24,4.82,2405,228
20230821,186,29,3.21,3.28,5788,886,257,12,6.87,7.59,3742,158,78,5,3.27,1.67,2384,299
20230822,185,22,3.36,2.49,5501,882,232,19,6.09,15.32,3812,124,78,10,3.46,3.47,2256,288
20230823,210,23,3.65,2.42,5757,951,236,17,6.43,10.56,3671,160,66,10,2.86,3.21,2308,313
20230824,169,29,3.02,3.2,5591,905,260,21,7.5,12.14,3468,174,64,9,2.78,2.89,2302,311
20230825,154,27,2.68,3.13,5738,865,244,16,6.78,9.7,3599,164,64,6,2.63,1.94,2434,311
20230826,147,21,2.64,2.77,5562,757,230,16,6.08,9.76,3785,164,65,8,2.67,2.92,2436,274
20230827,170,15,3.15,2.32,5390,647,256,11,6.98,10.09,3669,108,63,3,2.67,1.26,2362,239
20230828,149,19,2.95,2.61,5059,728,265,19,7.35,12.18,3605,156,54,10,2.58,4.22,2094,237
20230829,147,25,2.77,2.77,5315,903,230,17,6.21,10.69,3704,158,79,12,3.45,4.26,2287,282
20230830,146,22,2.99,2.82,4875,782,230,13,6.72,9.29,3424,141,59,9,2.83,3.63,2084,247
20230831,173,27,3.09,3.01,5601,897,279,11,7.12,7.01,3920,156,77,13,3.22,4.21,2389,309
20230901,178,35,3.08,3.9,5771,897,289,19,7.23,11.8,3995,160,50,7,2.02,2.05,2474,342
20230902,138,15,2.47,1.79,5591,836,222,14,6.05,8.59,3669,162,58,14,2.52,4.86,2299,288
20230903,187,21,3.23,2.82,5796,747,260,11,6.64,8.21,3912,133,72,10,3.02,4.02,2387,249
20230904,124,24,2.26,2.61,5481,921,207,20,5.77,12.58,3590,158,64,6,3.12,2.07,2054,290
20230905,171,28,3.17,2.94,5392,953,220,19,5.96,9.18,3690,207,61,7,2.91,2.11,2094,332
20230906,152,26,2.74,2.66,5537,979,215,13,5.77,6.63,3729,197,75,13,3.49,3.66,2152,355
20230907,149,27,2.7,2.67,5528,1009,259,26,7.09,13.54,3655,191,74,8,3.23,2.22,2293,361
20230908,148,21,2.55,2.15,5805,975,224,13,5.75,6.77,3897,191,78,17,3.41,5.15,2289,330
20230909,172,30,2.92,3.29,5900,911,199,8,5.67,4.97,3509,160,68,11,2.79,3.36,2441,326
20230910,172,19,2.94,2.44,5850,780,202,9,5.22,7.26,3872,124,70,10,2.81,3.29,2490,305
20230911,150,22,2.53,2.38,5923,924,186,13,4.95,7.65,3762,170,66,13,2.95,4.22,2237,309
20230912,161,27,2.57,2.4,6274,1127,193,19,5.26,9,3669,210,66,14,2.94,4.44,2245,315
20230913,176,34,3.31,3.9,5315,872,228,14,6.51,7.45,3501,187,70,14,3.44,4.79,2036,291
20230914,157,21,2.82,2.13,5560,988,194,14,5.42,7.18,3578,195,55,9,2.68,3,2050,299
20230915,137,32,2.34,3.32,5863,965,227,12,6.02,6.74,3771,178,67,14,2.93,4.43,2291,317
20230916,156,25,2.73,2.9,5713,863,195,12,5.1,7.32,3825,164,80,8,3.43,2.7,2333,295
20230917,175,29,2.95,3.55,5939,816,230,13,5.97,8.67,3850,151,66,7,2.69,2.79,2451,251
20230918,186,44,3.11,4.55,5979,967,163,20,4.31,9.9,3779,203,69,10,2.98,3.3,2318,303
20230919,215,45,3.66,4.55,5875,990,244,19,6.23,8.96,3914,212,94,9,3.9,2.74,2409,328
20230920,215,38,3.89,4.56,5531,834,300,20,8.18,11.76,3669,170,104,5,4.68,1.89,2220,264
20230921,163,33,2.91,3.48,5607,950,194,17,5.47,10,3547,170,63,8,2.75,2.69,2291,297
20230922,142,30,2.43,3.23,5834,928,189,13,5.02,7.39,3764,176,46,12,1.95,3.82,2355,315
20230923,162,23,2.89,2.98,5603,774,150,10,4.31,6.62,3484,151,58,7,2.83,3.23,2048,216
20230924,144,33,2.57,4.26,5605,774,206,8,5.67,6.3,3634,127,66,2,3.15,0.9,2092,222
20230925,171,35,2.75,3.78,6224,924,213,19,5.55,11.24,3839,170,75,13,3.36,4.73,2231,274
20230926,176,38,2.81,3.63,6271,1046,200,10,5.18,5.71,3864,176,79,10,3.22,3.26,2449,307
20230927,212,37,3.17,3.99,6684,928,247,13,6.11,6.91,4039,187,83,9,3.53,3.45,2355,261
20230928,467,43,4.12,4.12,11343,1044,352,14,6.47,7.25,5445,193,109,11,3.51,4.25,3109,259
20230929,888,53,4.86,6,18289,884,387,18,6.44,7.53,6010,239,75,7,2.43,4.67,3088,151
20230930,198,6,3.79,1.6,5225,374,242,5,5.86,5.62,4130,89,69,4,3.33,3.6,2073,112
20231001,219,11,4.16,3.5,5269,315,240,14,5.52,17.28,4346,81,76,5,2.16,4.39,3518,114
20231002,191,6,3.44,1.58,5547,378,217,11,5.04,10.78,4310,102,60,5,1.76,3.38,3408,149
20231003,186,18,1.96,3.15,9492,571,222,11,4.89,9.24,4537,120,80,7,3.22,3.57,2486,197
20231004,174,31,1.79,4.11,9739,755,256,16,4.83,9.36,5300,172,58,4,1.95,1.7,2968,235
20231005,196,23,2.54,2.99,7705,770,204,12,4.94,8,4130,151,64,6,2.59,2.88,2472,208
20231006,182,31,3.14,4.15,5804,747,230,9,5.91,6.72,3889,133,68,7,2.82,2.68,2411,261
20231007,208,31,3.72,4.58,5583,677,182,11,5.1,7.53,3571,147,53,9,2.5,3.47,2115,259
20231008,178,32,2.93,3.6,6080,890,208,11,5.42,6.32,3839,174,64,16,2.72,6.06,2351,264
20231009,185,41,3.01,4.82,6147,851,182,9,4.66,5.33,3908,170,74,7,3.2,2.54,2316,276
20231010,208,26,3.4,2.95,6122,882,160,11,4.11,6.63,3891,166,55,8,2.44,2.4,2250,334
20231011,220,48,3.62,5.01,6070,959,220,19,5.56,9.74,3957,195,69,9,2.67,2.52,2588,357
20231012,211,29,3.59,3.21,5883,903,190,8,5.1,5.37,3725,149,60,7,2.61,2.1,2299,334
20231013,228,36,3.54,3.71,6438,971,239,14,5.8,9.86,4121,143,61,5,2.42,1.39,2519,361
20231014,229,36,3.72,4.1,6149,878,207,7,5.43,4.96,3810,141,63,5,2.5,1.61,2524,311
20231015,214,28,3.58,3.79,5975,739,240,16,5.94,12.12,4041,131,70,7,2.39,2.47,2930,284
20231016,260,63,4.21,7.02,6172,897,308,14,7.96,10,3870,141,71,10,2.65,2.77,2685,361
20231017,221,32,3.65,3.32,6058,963,244,9,6.37,5.73,3831,156,58,11,2.36,2.91,2459,378
20231018,218,42,3.61,4.33,6041,969,227,12,6.07,8.05,3742,149,66,13,2.75,3.8,2395,342
20231019,198,30,3.29,3.19,6024,942,214,11,5.7,7.19,3752,152,55,12,2.3,3.81,2391,315
20231020,220,47,3.5,5.11,6294,919,282,10,6.64,7.63,4246,131,68,3,2.75,1.03,2474,291
20231021,219,29,3.48,3.32,6290,872,238,13,6.11,8.33,3897,156,62,8,2.51,2.71,2472,295
20231022,195,26,3.15,3.53,6191,735,270,11,6.2,9.48,4358,116,53,4,2.03,1.61,2617,249
20231023,181,35,2.91,3.78,6211,926,224,16,5.67,11.11,3953,145,45,3,1.81,1.03,2482,291
20231024,189,42,3.11,4.29,6078,980,218,9,5.83,6.52,3742,139,48,5,2.06,1.6,2328,313
20231025,257,54,4.13,5.58,6222,969,279,13,7.33,8.61,3804,151,52,13,2.13,3.99,2440,326
20231026,212,35,3.45,3.71,6151,944,264,15,6.75,10.2,3914,147,40,2,1.78,0.72,2250,278
20231027,239,43,3.68,4.72,6493,911,295,7,6.86,5.56,4300,125,59,4,2.35,1.18,2507,340
20231028,196,39,3.21,4.8,6105,813,283,18,6.65,10.17,4256,178,55,7,2.12,2.51,2594,280
20231029,196,33,3.13,4.95,6267,668,322,11,6.95,8.94,4636,124,63,2,2.25,0.9,2804,222
20231030,182,23,2.95,2.64,6176,872,284,11,6.89,7.19,4119,152,60,6,2.59,2.27,2316,264
20231031,235,32,3.74,3.62,6282,884,273,14,6.75,10.45,4045,133,72,8,2.69,2.48,2673,322
20231101,219,37,3.61,4.32,6072,857,303,18,7,11.39,4325,158,57,5,2.28,1.92,2495,261
20231102,222,28,3.52,3.32,6311,843,240,11,5.86,8.33,4097,131,61,8,2.46,2.88,2484,278
20231103,240,46,3.76,5.05,6375,911,324,13,7.32,8.97,4424,145,69,13,2.62,3.86,2633,338
20231104,209,29,3.41,3.84,6132,755,231,14,5.63,10.07,4105,139,69,10,2.65,3.52,2604,284
20231105,188,27,3.25,4.4,5776,614,276,9,6.49,8.11,4254,112,51,8,2.03,3.49,2509,230
20231106,193,36,3.09,4.4,6244,818,276,12,6.69,8,4124,151,71,10,3.22,3.97,2202,253
20231107,215,33,3.36,3.42,6390,963,265,12,6.41,8,4138,151,63,6,2.6,1.89,2424,318
20231108,208,35,3.3,3.87,6296,903,254,16,6.55,11.76,3877,135,54,9,2.26,3.21,2393,280
20231109,223,37,3.63,4.55,6141,814,242,13,6.7,9.35,3611,139,66,6,2.75,2.26,2403,264
20231110,198,31,3.08,3.54,6435,874,213,11,5.77,8.53,3690,129,54,4,2.15,1.38,2505,290
20231111,195,23,3.1,2.96,6288,778,253,5,7.42,4.46,3410,112,37,4,1.49,1.47,2478,272
20231112,213,21,3.55,3.45,5995,610,284,8,7.77,8.16,3653,98,62,8,2.51,3.28,2467,243
20231113,196,27,3.07,3.31,6381,814,263,12,7.83,9.23,3356,129,51,5,1.95,1.63,2615,307
20231114,219,33,3.47,4,6307,826,258,16,7.79,11.11,3314,145,46,4,2.01,1.5,2293,266
20231115,183,29,2.91,3.16,6282,917,251,14,7.95,10.77,3156,129,57,9,2.25,3.09,2532,291
20231116,200,46,3.23,5.41,6186,849,231,14,7.31,10.53,3159,133,60,5,2.47,2.06,2430,243
20231117,211,27,3.15,3.2,6709,843,230,9,7,7.76,3287,116,59,4,2.26,1.5,2609,266
20231118,222,27,3.51,3.78,6321,714,253,7,7.87,7.78,3215,91,57,5,2.24,2.08,2548,239
20231119,235,31,3.61,4.56,6500,679,242,4,7.57,4.82,3196,83,40,1,1.53,0.44,2615,226
20231120,207,33,3.17,3.72,6521,888,223,8,7.27,6.56,3067,122,46,8,1.93,3.01,2384,266
20231121,211,40,3.43,4.56,6159,878,225,12,7.66,8.45,2937,143,45,4,1.93,1.45,2331,276
20231122,239,50,3.78,5.85,6315,855,261,8,8.48,5.84,3078,137,57,5,2.34,1.86,2436,268
20231123,220,35,3.56,4.17,6186,840,231,7,7.76,4.73,2976,149,45,2,1.91,0.76,2353,264
20231124,232,29,3.63,3.57,6384,813,271,14,8.1,9.86,3345,143,57,2,2.23,0.71,2555,280
20231125,244,32,4.04,4.37,6043,733,268,10,8.75,8.93,3063,112,46,3,1.77,1.11,2606,270
20231126,219,21,3.68,3.5,5958,600,231,9,6.79,8.41,3403,106,60,2,2.42,0.83,2478,241
20231127,231,28,3.87,3.18,5966,880,264,8,9.76,6.84,2704,118,38,7,1.63,2.3,2337,305
20231128,235,35,3.55,3.85,6620,907,238,12,7.84,8.22,3034,147,53,5,1.94,1.62,2729,309
20231129,217,30,3.58,3.5,6066,857,262,16,9.02,11.03,2905,145,48,5,1.82,1.57,2631,318
20231130,215,30,3.45,3.75,6234,801,265,12,9.41,9.02,2818,133,37,8,1.57,3.15,2355,255
20231201,246,33,3.74,3.88,6572,849,268,10,8.59,6.41,3121,156,52,3,1.93,0.96,2692,313
20231202,204,27,3.29,3.68,6193,733,287,9,9.66,6.67,2970,135,50,3,2.01,1.21,2488,247
20231203,213,26,3.42,3.89,6220,670,242,14,8.12,11.38,2980,124,34,4,1.26,1.57,2708,255
20231204,237,32,3.74,3.97,6336,807,226,5,7.86,4.07,2876,124,60,4,2.37,1.31,2534,307
20231205,205,37,3.31,4.13,6193,896,215,15,7.69,9.93,2797,151,55,1,2.34,0.32,2347,309
20231206,201,37,3.24,3.88,6213,953,236,5,8.29,4.42,2849,114,54,10,2.22,3.46,2434,290
20231207,197,44,3.18,4.7,6195,936,192,11,7.12,8.33,2696,131,62,5,2.49,1.54,2492,324
20231208,194,35,2.94,3.83,6603,913,235,14,8.49,9.66,2768,145,54,2,1.97,0.7,2739,288
20231209,200,38,3.22,4.77,6217,797,223,8,8.48,7.02,2631,114,51,3,1.95,1.07,2613,282
20231210,181,21,3.16,3.35,5736,627,176,12,6.84,10.62,2573,114,53,6,2.22,2.53,2384,237
20231211,172,30,2.86,3.92,6004,766,181,10,7.06,8.4,2565,120,57,5,2.52,1.92,2258,261
20231212,235,27,3.9,3.27,6020,824,214,6,8.13,4.62,2631,129,76,6,3.21,2.2,2366,272
20231213,219,31,3.53,3.68,6203,843,192,8,7.33,6.67,2621,120,57,2,2.29,0.66,2490,305
20231214,238,44,3.74,4.63,6363,951,230,9,9.24,7.89,2488,114,55,2,2.31,0.77,2384,261
20231215,205,31,3.48,4.1,5892,757,226,9,9.02,8.65,2505,104,70,6,2.99,2.58,2341,234
20231216,232,26,4.14,3.85,5607,676,220,11,9.15,11.34,2405,97,54,8,2.24,3.15,2407,255
20231217,197,23,3.55,3.55,5543,647,194,15,7.29,17.05,2660,89,46,1,2.02,0.43,2275,232
20231218,197,29,3.76,3.8,5238,764,183,7,7.82,7,2341,100,57,3,2.84,1.46,2005,205
20231219,204,40,3.8,4.75,5369,841,168,9,7.78,9.28,2160,97,48,6,2.32,2.13,2067,282
20231220,235,44,3.74,4.85,6282,907,234,5,8.72,4.9,2683,102,62,7,2.73,2.76,2268,255
20231221,280,34,4.36,3.85,6427,884,256,4,10.02,3.96,2553,100,57,9,2.27,2.9,2513,311
20231222,272,38,4.35,4.4,6251,863,245,13,9.13,10.74,2683,122,59,7,2.53,2.41,2330,290
20231223,195,41,3.19,4.77,6116,859,207,12,7.92,11.11,2613,108,45,0,1.88,0,2397,270
20231224,233,19,3.94,2.75,5914,693,258,3,9.69,2.75,2663,108,34,4,1.44,1.71,2368,234
20231225,214,36,3.28,4.01,6529,897,234,11,8.55,9.73,2737,114,36,4,1.42,1.27,2536,315
20231226,191,35,2.97,3.52,6427,996,209,5,7.78,4.55,2687,110,37,7,1.49,2.49,2480,282
20231227,212,37,3.31,3.89,6400,951,230,10,8.42,6.94,2733,145,46,1,1.84,0.32,2494,309
20231228,270,44,3.53,4.22,7643,1042,208,17,7.13,12.14,2918,141,50,2,1.59,0.64,3146,313
20231229,215,37,2.68,3.5,8033,1058,269,9,7.59,6.92,3542,129,41,5,1.36,1.41,3020,355
20231230,228,35,3.39,4.51,6718,776,222,13,6.82,11.02,3258,118,52,4,2.07,1.74,2507,230
20231231,222,20,3.6,3.28,6164,610,293,13,8.59,13.27,3408,98,33,2,1.26,0.98,2627,205
