date,date_day,order_cnt,amount,pay_amount,discountAmount,refuelLiters,path,text_day,text_night,high,low,wc_day,wd_day,wc_night,wd_night,week,holidays,60000361_price,60000361_price_other,60000361_order_cnt,60000361_refuelLiters,60000361_amount,60033428_price,60033428_price_other,60033428_order_cnt,60033428_refuelLiters,60033428_amount,60000359_price,60000359_price_other,60000359_order_cnt,60000359_refuelLiters,60000359_amount,60000304_price,60000304_price_other,60000304_order_cnt,60000304_refuelLiters,60000304_amount,60000305_price,60000305_price_other,60000305_order_cnt,60000305_refuelLiters,60000305_amount,60000312_price,60000312_price_other,60000312_order_cnt,60000312_refuelLiters,60000312_amount,60000313_price,60000313_price_other,60000313_order_cnt,60000313_refuelLiters,60000313_amount,60000317_price,60000317_price_other,60000317_order_cnt,60000317_refuelLiters,60000317_amount
2023-1-1,2023-1-1,104,30554.68,30554.68,0,4114.77,"扬州,扬州市,江苏省,中国",多云,多云,9,3,<3级,东北风,<3级,北风,星期日,,,,0,,,,,0,,,7.2,[7.20],25,2111.49,15202.26,7.55,[7.55],35,846.27,6387.77,7.55,[7.55],33,685.93,5177.44,,,0,,,8.04,[8.04],11,471.08,3787.21,,,0,,
2023-1-2,2023-1-2,129,42049.26,42049.26,0,5666.73,"扬州,扬州市,江苏省,中国",多云,多云,9,-1,<3级,东风,<3级,东北风,星期一,,,,0,,,,,0,,,7.2,[7.20],22,2907.4,20933,7.55,[7.55],44,1204.02,9088.53,7.55,[7.55],47,968.39,7309.24,,,0,,,8.04,[8.04],16,586.92,4718.49,,,0,,
2023-1-3,2023-1-3,224,99877.02,99877.02,0,13616.22,"扬州,扬州市,江苏省,中国",晴,晴,10,-2,<3级,东北风,<3级,东南风,星期二,,,,0,,,,,0,,,7.2,[7.20],71,9766.84,70320.02,7.55,[7.55],55,1493.41,11273.21,7.55,[7.55],68,1336.5,10088.04,,,0,,,8.04,[8.04],30,1019.47,8195.75,,,0,,
2023-1-4,2023-1-4,140,54760.43,54760.43,0,7227.79,"扬州,扬州市,江苏省,中国",晴,多云,11,-1,<3级,南风,<3级,东南风,星期三,,,,0,,,,,0,,,7.41,[7.41],40,4641.3,34391.22,7.75,[7.75],35,1006.47,7799,7.75,[7.75],46,924.94,7166.52,,,0,,,8.25,[8.25],19,655.08,5403.69,,,0,,
2023-1-5,2023-1-5,133,49562.06,49562.06,0,6551.66,"扬州,扬州市,江苏省,中国",多云,多云,13,2,<3级,东南风,<3级,西风,星期四,,,,0,,,,,0,,,7.41,[7.41],32,4234.4,31376.16,7.75,[7.75],37,989.49,7667.5,7.75,[7.75],52,866.85,6716.39,,,0,,,8.25,[8.25],12,460.92,3802.01,,,0,,
2023-1-6,2023-1-6,137,50157.62,50157.62,0,6619.81,"扬州,扬州市,江苏省,中国",多云,多云,15,-2,3~4级,西风,<3级,西北风,星期五,,,,0,,,,,0,,,7.41,[7.41],38,4035.44,29901.81,7.75,[7.75],33,909.19,7045.23,7.75,[7.75],55,1214.62,9411.4,,,0,,,8.25,[8.25],11,460.56,3799.18,,,0,,
2023-1-7,2023-1-7,152,64809.4,64809.4,0,8557.42,"扬州,扬州市,江苏省,中国",多云,多云,15,4,<3级,西南风,<3级,南风,星期六,,,,0,,,,,0,,,7.41,[7.41],43,5773.91,42783.94,7.75,[7.75],35,857.23,6642.42,7.75,[7.75],51,1011.62,7838.1,,,0,,,8.25,[8.25],23,914.66,7544.94,,,0,,
2023-1-8,2023-1-8,140,51042.18,51042.18,0,6745.86,"扬州,扬州市,江苏省,中国",多云,晴,20,1,<3级,西南风,<3级,东北风,星期日,,,,0,,,,,0,,,7.41,[7.41],38,4550.22,33716.35,7.75,[7.75],29,635.96,4927.62,7.75,[7.75],54,932.31,7223.27,,,0,,,8.25,[8.25],19,627.37,5174.94,,,0,,
2023-1-9,2023-1-9,152,69268.82,69268.82,0,9181.97,"扬州,扬州市,江苏省,中国",多云,多云,15,2,3~4级,东北风,<3级,东北风,星期一,,,,0,,,,,0,,,7.41,[7.41],52,6595.96,48875.03,7.75,[7.75],28,895.15,6936.59,7.75,[7.75],57,978.92,7584.19,,,0,,,8.25,[8.25],15,711.94,5873.01,,,0,,
2023-1-10,2023-1-10,155,54624.14,54624.14,0,7126.38,"扬州,扬州市,江苏省,中国",多云,多云,12,0,<3级,东风,<3级,东风,星期二,,,,0,,,,,0,,,7.41,[7.41],34,3813.04,28253.78,7.75,[7.75],30,748.42,5799.21,7.75,[7.75],59,1172.36,9083.7,,,0,,,8.25,[8.25],32,1392.56,11487.45,,,0,,
2023-1-11,2023-1-11,157,61327.38,61327.38,0,8055,"扬州,扬州市,江苏省,中国",多云,多云,15,6,3~4级,南风,<3级,东南风,星期三,,,,0,,,,,0,,,7.41,[7.41],36,4831.01,35797.12,7.75,[7.75],41,1139.94,8833.18,7.75,[7.75],54,986.47,7643.18,,,0,,,8.25,[8.25],26,1097.58,9053.9,,,0,,
2023-1-12,2023-1-12,156,52613.77,52613.77,0,6874.45,"扬州,扬州市,江苏省,中国",小雨,小雨,18,10,3~4级,南风,<3级,北风,星期四,,,,0,,,,,0,,,7.41,[7.41],31,3268.87,24221.82,7.75,[7.75],45,1315.17,10191.14,7.75,[7.75],57,1384.68,10729.29,,,0,,,8.25,[8.25],23,905.73,7471.52,,,0,,
2023-1-13,2023-1-13,139,50982.57,50982.57,0,6668.43,"扬州,扬州市,江苏省,中国",小雨,中雨,18,7,<3级,东风,<3级,东北风,星期五,,,,0,,,,,0,,,7.41,[7.41],27,3656.92,27097.07,7.75,[7.75],36,907.45,7031.57,7.75,[7.75],50,1003.75,7777.18,,,0,,,8.25,[8.25],26,1100.31,9076.75,,,0,,
2023-1-14,2023-1-14,120,41352.3,41352.3,0,5407.7,"扬州,扬州市,江苏省,中国",雨夹雪,雨夹雪,6,-3,3~4级,北风,<3级,北风,星期六,,,,0,,,,,0,,,7.41,[7.41],30,2797.13,20726.3,7.75,[7.75],32,884.32,6852.29,7.75,[7.75],41,931.94,7221.1,,,0,,,8.25,[8.25],17,794.31,6552.61,,,0,,
2023-1-15,2023-1-15,119,35775.72,35775.72,0,4654.98,"扬州,扬州市,江苏省,中国",多云,多云,0,-6,3~4级,北风,<3级,西北风,星期日,,,,0,,,,,0,,,7.41,[7.41],24,2051.52,15201.32,7.75,[7.75],31,904.62,7009.95,7.75,[7.75],43,896.99,6950.03,,,0,,,8.25,[8.25],21,801.85,6614.42,,,0,,
2023-1-16,2023-1-16,133,46161.67,46161.67,0,6018.71,"扬州,扬州市,江苏省,中国",多云,晴,3,-5,<3级,北风,<3级,西风,星期一,,,,0,,,,,0,,,7.41,[7.41],24,2911.17,21571.43,7.75,[7.75],44,1237.32,9587.97,7.75,[7.75],41,849.48,6582,,,0,,,8.25,[8.25],24,1020.74,8420.27,,,0,,
2023-1-17,2023-1-17,91,22310.31,22310.31,0,2886.78,"扬州,扬州市,江苏省,中国",晴,多云,5,-3,<3级,西风,<3级,西北风,星期二,,,,0,,,,,0,,,7.41,[7.41],10,908.88,6734.72,7.75,[7.75],27,693.28,5372.05,7.75,[7.75],38,785.04,6082.77,,,0,,,8.25,[8.25],16,499.58,4120.77,,,0,,
2023-1-18,2023-1-18,113,35018.68,35018.68,0,4656.9,"扬州,扬州市,江苏省,中国",多云,多云,7,-1,3~4级,西北风,<3级,西南风,星期三,,,,0,,,,,0,,,7.24,[7.24],18,1929.08,13966.13,7.59,[7.59],39,1195.39,9071.64,7.59,[7.59],37,799.44,6066.32,,,0,,,8.07,[8.07],19,732.99,5914.59,,,0,,
2023-1-19,2023-1-19,110,25853.62,25853.62,0,3389.53,"扬州,扬州市,江苏省,中国",晴,晴,11,-1,3~4级,西风,<3级,北风,星期四,,,,0,,,,,0,,,7.24,[7.24],8,673.13,4873.28,7.59,[7.59],40,1092.94,8293.79,7.59,[7.59],40,858.56,6514.83,,,0,,,8.07,[8.07],22,764.9,6171.72,,,0,,
2023-1-20,2023-1-20,149,37452.8,37452.8,0,4926.88,"扬州,扬州市,江苏省,中国",晴,多云,8,-1,3~4级,东北风,<3级,东南风,星期五,,,,0,,,,,0,,,7.24,[7.24],11,1027.88,7441.62,7.59,[7.59],55,1668.2,12659.9,7.59,[7.59],59,1349.95,10243.75,,,0,,,8.07,[8.07],24,880.85,7107.53,,,0,,
2023-1-21,2023-1-21,90,20104.52,20104.52,0,2607.27,"扬州,扬州市,江苏省,中国",多云,中雨,10,4,3~4级,东南风,<3级,东北风,星期六,,,,0,,,,,0,,,7.24,[7.24],4,381.12,2759.27,7.59,[7.59],34,766.82,5818.86,7.59,[7.59],29,518.1,3931.37,,,0,,,8.07,[8.07],23,941.23,7595.02,,,0,,
2023-1-22,2023-1-22,28,8510.02,8510.02,0,1125.81,"扬州,扬州市,江苏省,中国",多云,多云,7,4,<3级,北风,<3级,北风,星期日,,,,0,,,,,0,,,7.24,[7.24],4,342.47,2479.45,7.59,[7.59],12,399.48,3031.58,7.59,[7.59],7,205.13,1556.79,,,0,,,8.07,[8.07],5,178.73,1442.2,,,0,,
2023-1-23,2023-1-23,52,12727.14,12727.14,0,1661.24,"扬州,扬州市,江苏省,中国",阵雨,小雪,9,-5,<3级,东北风,3~4级,北风,星期一,,,,0,,,,,0,,,7.24,[7.24],2,195.07,1412.31,7.59,[7.59],23,588.97,4469.37,7.59,[7.59],19,483.94,3672.16,,,0,,,8.07,[8.07],8,393.26,3173.3,,,0,,
2023-1-24,2023-1-24,48,11961.2,11961.2,0,1574.39,"扬州,扬州市,江苏省,中国",多云,晴,-2,-8,3~4级,北风,<3级,东北风,星期二,,,,0,,,,,0,,,7.24,[7.24],3,375.51,2718.65,7.59,[7.59],17,485.89,3687.21,7.59,[7.59],18,410.76,3116.67,,,0,,,8.07,[8.07],10,302.23,2438.67,,,0,,
2023-1-25,2023-1-25,60,15888.53,15888.53,0,2071.26,"扬州,扬州市,江苏省,中国",晴,多云,1,-3,3~4级,南风,<3级,东南风,星期三,,,,0,,,,,0,,,7.24,[7.24],4,404.81,2930.65,7.59,[7.59],20,575.02,4363.48,7.59,[7.59],19,441.49,3350,,,0,,,8.07,[8.07],17,649.94,5244.4,,,0,,
2023-1-26,2023-1-26,87,23304.98,23304.98,0,3079.35,"扬州,扬州市,江苏省,中国",多云,多云,6,-2,3~4级,东北风,<3级,西北风,星期四,,,,0,,,,,0,,,7.24,[7.24],13,1151.08,8333.59,7.59,[7.59],17,479.51,3638.81,7.59,[7.59],37,743.44,5641.43,,,0,,,8.07,[8.07],20,705.32,5691.15,,,0,,
2023-1-27,2023-1-27,100,29138.04,29138.04,0,3848.54,"扬州,扬州市,江苏省,中国",多云,晴,3,-5,3~4级,北风,<3级,西北风,星期五,,,,0,,,,,0,,,7.24,[7.24],10,1450.52,10501.56,7.59,[7.59],25,679.62,5157.2,7.59,[7.59],40,802.31,6087.55,,,0,,,8.07,[8.07],25,916.09,7391.73,,,0,,
2023-1-28,2023-1-28,70,22989.3,22989.3,0,3066.65,"扬州,扬州市,江苏省,中国",晴,多云,6,-4,3~4级,西风,<3级,西南风,星期六,,,,0,,,,,0,,,7.24,[7.24],9,1544.65,11183.09,7.59,[7.59],16,355.35,2696.44,7.59,[7.59],31,632,4795.5,,,0,,,8.07,[8.07],14,534.65,4314.27,,,0,,
2023-1-29,2023-1-29,89,30723.8,30723.8,0,4105.6,"扬州,扬州市,江苏省,中国",多云,多云,11,-5,3~4级,西风,<3级,西北风,星期日,,,,0,,,,,0,,,7.24,[7.24],17,2048.39,14829.98,7.59,[7.59],23,680.51,5164.17,7.59,[7.59],33,788.21,5981.21,,,0,,,8.07,[8.07],16,588.49,4748.44,,,0,,
2023-1-30,2023-1-30,90,31752.71,31752.71,0,4268.62,"扬州,扬州市,江苏省,中国",晴,晴,13,-1,<3级,南风,<3级,南风,星期一,,,,0,,,,,0,,,7.24,[7.24],21,2437.53,17647.53,7.59,[7.59],27,859.25,6520.68,7.59,[7.59],29,534.95,4059.26,,,0,,,8.07,[8.07],13,436.89,3525.24,,,0,,
2023-1-31,2023-1-31,96,30893.81,30893.81,0,4126.54,"扬州,扬州市,江苏省,中国",多云,多云,18,1,3~4级,西风,<3级,东北风,星期二,,,,0,,,,,0,,,7.24,[7.24],18,2117.62,15331.19,7.59,[7.59],26,612.11,4644.88,7.59,[7.59],37,734.36,5572.1,,,0,,,8.07,[8.07],15,662.45,5345.64,,,0,,
2023-2-1,2023-2-1,113,45797.36,45797.36,0,6181.32,"扬州,扬州市,江苏省,中国",多云,多云,12,0,3~4级,东北风,<3级,东北风,星期三,,,,0,,,,,0,,,7.24,[7.24],23,3791.49,27450.15,7.59,[7.59],38,1084.88,8232.75,7.59,[7.59],40,863.68,6553.83,,,0,,,8.07,[8.07],12,441.27,3560.63,,,0,,
2023-2-2,2023-2-2,120,43310.08,43310.08,0,5787.87,"扬州,扬州市,江苏省,中国",多云,多云,7,1,<3级,东风,<3级,东北风,星期四,,,,0,,,,,0,,,7.24,[7.24],24,3051.89,22095.3,7.59,[7.59],37,1065.76,8087.61,7.59,[7.59],36,728.16,5525.45,,,0,,,8.07,[8.07],23,942.06,7601.72,,,0,,
2023-2-3,2023-2-3,147,65670.51,65670.51,0,8866.49,"扬州,扬州市,江苏省,中国",多云,多云,8,-2,<3级,东北风,<3级,东南风,星期五,,,,0,,,,,0,,,7.24,[7.24],38,5883.33,42594.75,7.59,[7.59],35,957.41,7265.22,7.59,[7.59],46,1113.94,8453.13,,,0,,,8.07,[8.07],28,911.81,7357.41,,,0,,
2023-2-4,2023-2-4,94,31085.67,31085.67,0,4077.05,"扬州,扬州市,江苏省,中国",多云,多云,11,1,<3级,东风,<3级,东风,星期六,,,,0,,,,,0,,,7.41,[7.41],19,2325.51,17231.65,7.76,[7.76],27,572.95,4445.17,7.76,[7.76],32,638.51,4953.9,,,0,,,8.25,[8.25],16,540.08,4454.95,,,0,,
2023-2-5,2023-2-5,98,30161.43,30161.43,0,3942.87,"扬州,扬州市,江苏省,中国",多云,小雨,12,6,3~4级,南风,<3级,东风,星期日,,,,0,,,,,0,,,7.41,[7.41],17,2025.04,15005.27,7.76,[7.76],28,768.38,5961.53,7.76,[7.76],37,584.58,4535.15,,,0,,,8.25,[8.25],16,564.87,4659.48,,,0,,
2023-2-6,2023-2-6,94,39266.95,39266.95,0,5185.27,"扬州,扬州市,江苏省,中国",小雨,小雨,9,6,<3级,东风,<3级,东北风,星期一,,,,0,,,,,0,,,7.41,[7.41],27,3359.12,24890.45,7.76,[7.76],18,613.07,4756.76,7.76,[7.76],38,789.09,6122.23,,,0,,,8.25,[8.25],11,423.99,3497.51,,,0,,
2023-2-7,2023-2-7,95,51651.29,51651.29,0,6848.93,"扬州,扬州市,江苏省,中国",多云,多云,10,1,<3级,东北风,<3级,东北风,星期二,,,,0,,,,,0,,,7.41,[7.41],30,5049.37,37415.24,7.76,[7.76],31,868.79,6740.78,7.76,[7.76],20,371.85,2884.88,,,0,,,8.25,[8.25],14,558.92,4610.39,,,0,,
2023-2-8,2023-2-8,118,38782.54,38782.54,0,5068.49,"扬州,扬州市,江苏省,中国",多云,小雨,10,6,3~4级,东风,<3级,东风,星期三,,,,0,,,,,0,,,7.41,[7.41],31,2679.26,19852.83,7.76,[7.76],34,850.92,6602.03,7.76,[7.76],35,737.72,5723.66,,,0,,,8.25,[8.25],18,800.59,6604.02,,,0,,
2023-2-9,2023-2-9,101,36558.29,36558.29,0,4807.16,"扬州,扬州市,江苏省,中国",中雨,多云,7,4,3~4级,东风,<3级,北风,星期四,,,,0,,,,,0,,,7.41,[7.41],25,2818.68,20886,7.76,[7.76],28,866.6,6724.15,7.76,[7.76],33,623.36,4836.05,,,0,,,8.25,[8.25],15,498.52,4112.09,,,0,,
2023-2-10,2023-2-10,120,45195.4,45195.4,0,5967.21,"扬州,扬州市,江苏省,中国",阴,小雨,8,4,<3级,东风,3~4级,东风,星期五,,,,0,,,,,0,,,7.41,[7.41],34,3868.33,28663.54,7.76,[7.76],30,760.4,5899.84,7.76,[7.76],43,833.31,6464.9,,,0,,,8.25,[8.25],13,505.17,4167.12,,,0,,
2023-2-11,2023-2-11,94,29892.97,29892.97,0,3881.16,"扬州,扬州市,江苏省,中国",小雨,小雨,8,7,<3级,东风,<3级,东风,星期六,,,,0,,,,,0,,,7.41,[7.41],16,1635.67,12120.08,7.76,[7.76],31,769.72,5972.01,7.76,[7.76],31,760.33,5899.1,,,0,,,8.25,[8.25],16,715.44,5901.78,,,0,,
2023-2-12,2023-2-12,95,39021.14,39021.14,0,5143.36,"扬州,扬州市,江苏省,中国",小雨,中雨,10,3,<3级,北风,<3级,北风,星期日,,,,0,,,,,0,,,7.41,[7.41],16,3311.03,24534.46,7.76,[7.76],25,494.54,3836.81,7.76,[7.76],39,785.27,6092.24,,,0,,,8.25,[8.25],15,552.52,4557.63,,,0,,
2023-2-13,2023-2-13,108,39240.83,39240.83,0,5135.9,"扬州,扬州市,江苏省,中国",多云,多云,4,0,3~4级,东北风,<3级,北风,星期一,,,,0,,,,,0,,,7.41,[7.41],25,2942.88,21806.12,7.76,[7.76],25,662.81,5142.52,7.76,[7.76],34,672.68,5218.69,,,0,,,8.25,[8.25],24,857.53,7073.5,,,0,,
2023-2-14,2023-2-14,116,43881.04,43881.04,0,5770.65,"扬州,扬州市,江苏省,中国",多云,多云,6,-1,3~4级,北风,<3级,西北风,星期二,,,,0,,,,,0,,,7.41,[7.41],33,3589.78,26599.65,7.76,[7.76],30,801.82,6221.15,7.76,[7.76],34,642.86,4987.4,,,0,,,8.25,[8.25],19,736.19,6072.84,,,0,,
2023-2-15,2023-2-15,113,36812.77,36812.77,0,4838.36,"扬州,扬州市,江苏省,中国",多云,多云,7,-2,3~4级,东北风,<3级,东风,星期三,,,,0,,,,,0,,,7.41,[7.41],26,2948.04,21844.53,7.76,[7.76],31,633.68,4916.46,7.76,[7.76],35,639.14,4958.46,,,0,,,8.25,[8.25],21,617.5,5093.32,,,0,,
2023-2-16,2023-2-16,169,58755.14,58755.14,0,7702.19,"扬州,扬州市,江苏省,中国",多云,小雨,10,5,<3级,东南风,<3级,东南风,星期四,,,,0,,,,,0,,,7.41,[7.41],49,4533.62,33593.74,7.76,[7.76],40,1095.68,8501.03,7.76,[7.76],47,894.81,6942.2,,,0,,,8.25,[8.25],33,1178.08,9718.17,,,0,,
2023-2-17,2023-2-17,122,49157.11,49157.11,0,6462.15,"扬州,扬州市,江苏省,中国",多云,多云,11,9,<3级,南风,<3级,东南风,星期五,,,,0,,,,,0,,,7.41,[7.41],27,3784.86,28045.21,7.76,[7.76],36,971.31,7536.13,7.76,[7.76],41,1012.65,7856.6,,,0,,,8.25,[8.25],18,693.33,5719.17,,,0,,
2023-2-18,2023-2-18,117,35336.58,35336.58,0,4612.68,"扬州,扬州市,江苏省,中国",多云,多云,13,3,<3级,北风,<3级,北风,星期六,,,,0,,,,,0,,,7.41,[7.41],22,2176.3,16125.86,7.76,[7.76],37,976.56,7576.85,7.76,[7.76],41,831.99,6454.86,,,0,,,8.25,[8.25],17,627.83,5179.01,,,0,,
2023-2-19,2023-2-19,91,21498.1,21498.1,0,2775.16,"扬州,扬州市,江苏省,中国",多云,多云,9,-1,3~4级,东北风,<3级,东风,星期日,,,,0,,,,,0,,,7.41,[7.41],16,985.66,7303.58,7.76,[7.76],31,763,5919.99,7.76,[7.76],26,392.84,3047.63,,,0,,,8.25,[8.25],18,633.66,5226.9,,,0,,
2023-2-20,2023-2-20,136,40219.7,40219.7,0,5275.18,"扬州,扬州市,江苏省,中国",多云,多云,12,0,<3级,东风,<3级,东北风,星期一,,,,0,,,,,0,,,7.41,[7.41],37,2863.55,21218.3,7.76,[7.76],38,899.89,6981.54,7.76,[7.76],44,918.22,7123.97,,,0,,,8.25,[8.25],17,593.52,4895.89,,,0,,
2023-2-21,2023-2-21,102,34349.53,34349.53,0,4521.17,"扬州,扬州市,江苏省,中国",多云,多云,6,0,3~4级,东风,<3级,东北风,星期二,,,,0,,,,,0,,,7.41,[7.41],27,2664.82,19745.72,7.76,[7.76],24,621.34,4820.72,7.76,[7.76],41,825.08,6401.45,,,0,,,8.25,[8.25],10,409.93,3381.64,,,0,,
2023-2-22,2023-2-22,117,51551.15,51551.15,0,6820.75,"扬州,扬州市,江苏省,中国",多云,多云,5,0,<3级,东风,<3级,东北风,星期三,,,,0,,,,,0,,,7.41,[7.41],35,4651.86,34469.77,7.76,[7.76],27,696.11,5401.23,7.76,[7.76],44,956.06,7417.51,,,0,,,8.25,[8.25],11,516.72,4262.64,,,0,,
2023-2-23,2023-2-23,100,33152.14,33152.14,0,4316.48,"扬州,扬州市,江苏省,中国",小雨,小雨,8,2,<3级,南风,<3级,西北风,星期四,,,,0,,,,,0,,,7.41,[7.41],21,1939.95,14374.79,7.76,[7.76],27,686.57,5326.97,7.76,[7.76],36,999.92,7758.15,,,0,,,8.25,[8.25],16,690.04,5692.23,,,0,,
2023-2-24,2023-2-24,126,48499.69,48499.69,0,6367.31,"扬州,扬州市,江苏省,中国",多云,多云,11,2,3~4级,北风,<3级,东北风,星期五,,,,0,,,,,0,,,7.41,[7.41],32,3965.15,29381.11,7.76,[7.76],24,733.02,5687.58,7.76,[7.76],41,687.37,5332.63,,,0,,,8.25,[8.25],29,981.77,8098.37,,,0,,
2023-2-25,2023-2-25,121,35569.37,35569.37,0,4648.24,"扬州,扬州市,江苏省,中国",多云,多云,9,-1,3~4级,东北风,<3级,东风,星期六,,,,0,,,,,0,,,7.41,[7.41],21,2217,16427.81,7.76,[7.76],39,963.45,7474.91,7.76,[7.76],45,898.76,6972.75,,,0,,,8.25,[8.25],16,569.03,4693.9,,,0,,
2023-2-26,2023-2-26,108,26616.23,26616.23,0,3444.23,"扬州,扬州市,江苏省,中国",多云,多云,10,-1,<3级,东风,<3级,东南风,星期日,,,,0,,,,,0,,,7.41,[7.41],18,1356.96,10054.58,7.76,[7.76],31,674.31,5231.64,7.76,[7.76],38,662.93,5143.24,,,0,,,8.25,[8.25],21,750.03,6186.77,,,0,,
2023-2-27,2023-2-27,123,37366.64,37366.64,0,4886.43,"扬州,扬州市,江苏省,中国",多云,多云,12,2,3~4级,南风,<3级,东南风,星期一,,,,0,,,,,0,,,7.41,[7.41],29,2755.51,20617.17,7.76,[7.76],33,810.68,6289.76,7.76,[7.76],49,877.06,6803.96,,,0,,,8.25,[8.25],12,443.18,3655.75,,,0,,
2023-2-28,2023-2-28,110,29570.54,29570.54,0,3865.18,"扬州,扬州市,江苏省,中国",多云,多云,17,7,3~4级,西风,3~4级,西北风,星期二,,,,0,,,,,0,,,7.41,[7.41],20,1779.77,13187.76,7.76,[7.76],30,709.25,5502.95,7.76,[7.76],47,962.25,7465.55,,,0,,,8.25,[8.25],13,413.91,3414.28,,,0,,
2023-3-1,2023-3-1,108,35146.24,35146.24,0,4626.85,"扬州,扬州市,江苏省,中国",多云,多云,16,2,3~4级,北风,<3级,东北风,星期三,,,,0,,,,,0,,,7.41,[7.41],19,2716.54,20129.16,7.76,[7.76],28,684.68,5312.24,7.76,[7.76],48,825.9,6407.5,,,0,,,8.25,[8.25],13,399.73,3297.34,,,0,,
2023-3-2,2023-3-2,108,39726.49,39726.49,0,5224.71,"扬州,扬州市,江苏省,中国",晴,多云,13,3,<3级,东风,<3级,东南风,星期四,,,,0,,,,,0,,,7.41,[7.41],27,3099.93,22969.95,7.76,[7.76],29,805.13,6246.91,7.76,[7.76],38,766.86,5949.61,,,0,,,8.25,[8.25],14,552.79,4560.02,,,0,,
2023-3-3,2023-3-3,127,43473.95,43473.95,0,5704.12,"扬州,扬州市,江苏省,中国",多云,多云,16,4,3~4级,南风,<3级,南风,星期五,,,,0,,,,,0,,,7.41,[7.41],32,3135.49,23233.39,7.76,[7.76],33,955.86,7416.74,7.76,[7.76],44,978.32,7590.36,,,0,,,8.25,[8.25],18,634.45,5233.46,,,0,,
2023-3-4,2023-3-4,126,46566.53,46566.53,0,6157.81,"扬州,扬州市,江苏省,中国",多云,多云,21,8,<3级,东南风,<3级,南风,星期六,,,,0,,,,,0,,,7.41,[7.41],28,3966.68,29392.5,7.76,[7.76],34,928.52,7204.31,7.76,[7.76],53,907.46,7040.22,,,0,,,8.25,[8.25],11,355.15,2929.5,,,0,,
2023-3-5,2023-3-5,123,26264.29,26264.29,0,3387.01,"扬州,扬州市,江苏省,中国",小雨,多云,22,9,<3级,南风,<3级,南风,星期日,,,,0,,,,,0,,,7.41,[7.41],21,990.81,7341.37,7.76,[7.76],31,814.47,6319.32,7.76,[7.76],52,904.17,7014.56,,,0,,,8.25,[8.25],19,677.56,5589.04,,,0,,
2023-3-6,2023-3-6,126,44187.77,44187.77,0,5794.04,"扬州,扬州市,江苏省,中国",晴,晴,25,10,3~4级,西南风,<3级,南风,星期一,,,,0,,,,,0,,,7.41,[7.41],34,3465.96,25682.25,7.76,[7.76],28,615.27,4773.56,7.76,[7.76],42,809.47,6280.06,,,0,,,8.25,[8.25],22,903.34,7451.9,,,0,,
2023-3-7,2023-3-7,114,32313.41,32313.41,0,4203.68,"扬州,扬州市,江苏省,中国",多云,多云,26,12,<3级,南风,<3级,南风,星期二,,,,0,,,,,0,,,7.41,[7.41],18,1885.61,13972.02,7.76,[7.76],41,1035.93,8037.58,7.76,[7.76],36,555.29,4308.09,,,0,,,8.25,[8.25],19,726.85,5995.72,,,0,,
2023-3-8,2023-3-8,99,33041.49,33041.49,0,4324.52,"扬州,扬州市,江苏省,中国",多云,多云,27,11,3~4级,西风,<3级,西南风,星期三,,,,0,,,,,0,,,7.41,[7.41],23,2475.25,18341.03,7.76,[7.76],21,506.74,3931.83,7.76,[7.76],37,623.02,4833.35,,,0,,,8.25,[8.25],18,719.51,5935.28,,,0,,
2023-3-9,2023-3-9,101,38559.8,38559.8,0,5068.22,"扬州,扬州市,江苏省,中国",多云,多云,27,14,3~4级,西风,<3级,西南风,星期四,,,,0,,,,,0,,,7.41,[7.41],24,3146.93,23318.23,7.76,[7.76],22,552.49,4286.81,7.76,[7.76],39,685.68,5319.58,,,0,,,8.25,[8.25],16,683.12,5635.18,,,0,,
2023-3-10,2023-3-10,104,37837.46,37837.46,0,4963.5,"扬州,扬州市,江苏省,中国",多云,多云,29,16,3~4级,西风,<3级,东南风,星期五,,,,0,,,,,0,,,7.41,[7.41],26,2847.73,21101.05,7.76,[7.76],28,814.34,6318.54,7.76,[7.76],34,647.74,5025.3,,,0,,,8.25,[8.25],16,653.69,5392.57,,,0,,
2023-3-11,2023-3-11,118,41255.28,41255.28,0,5415.88,"扬州,扬州市,江苏省,中国",多云,多云,24,11,3~4级,西风,<3级,北风,星期六,,,,0,,,,,0,,,7.41,[7.41],23,3152.29,23357.86,7.76,[7.76],27,667.43,5178.28,7.76,[7.76],50,912.49,7079.33,,,0,,,8.25,[8.25],18,683.67,5639.81,,,0,,
2023-3-12,2023-3-12,100,26052.27,26052.27,0,3396.27,"扬州,扬州市,江苏省,中国",多云,多云,14,1,3~4级,东北风,<3级,南风,星期日,,,,0,,,,,0,,,7.41,[7.41],19,1510.48,11192.47,7.76,[7.76],28,738.99,5733.58,7.76,[7.76],39,679.63,5272.53,,,0,,,8.25,[8.25],14,467.17,3853.69,,,0,,
2023-3-13,2023-3-13,107,34046.87,34046.87,0,4455.38,"扬州,扬州市,江苏省,中国",多云,多云,17,7,3~4级,南风,<3级,南风,星期一,,,,0,,,,,0,,,7.41,[7.41],31,2606.73,19315.24,7.76,[7.76],18,474.35,3680.3,7.76,[7.76],39,580.93,4506.76,,,0,,,8.25,[8.25],19,793.37,6544.57,,,0,,
2023-3-14,2023-3-14,119,39646.74,39646.74,0,5189.08,"扬州,扬州市,江苏省,中国",晴,多云,24,12,3~4级,南风,<3级,南风,星期二,,,,0,,,,,0,,,7.41,[7.41],25,2729.51,20225.17,7.76,[7.76],23,637.52,4946.37,7.76,[7.76],51,1131.13,8775.79,,,0,,,8.25,[8.25],20,690.92,5699.41,,,0,,
2023-3-15,2023-3-15,110,42803.67,42803.67,0,5666.41,"扬州,扬州市,江苏省,中国",多云,多云,20,6,3~4级,东风,<3级,东北风,星期三,,,,0,,,,,0,,,7.41,[7.41],39,4018.4,29775.57,7.76,[7.76],25,512.02,3972.42,7.76,[7.76],33,641.92,4980.17,,,0,,,8.25,[8.25],13,494.07,4075.51,,,0,,
2023-3-16,2023-3-16,113,33779.26,33779.26,0,4410.92,"扬州,扬州市,江苏省,中国",多云,大雨,16,6,3~4级,东风,<3级,东北风,星期四,,,,0,,,,,0,,,7.41,[7.41],21,2194.66,16262.08,7.76,[7.76],34,737.44,5721.62,7.76,[7.76],40,822.1,6378.24,,,0,,,8.25,[8.25],18,656.72,5417.32,,,0,,
2023-3-17,2023-3-17,95,41152.32,41152.32,0,5397.94,"扬州,扬州市,江苏省,中国",小雨,多云,8,4,3~4级,东风,<3级,北风,星期五,,,,0,,,,,0,,,7.41,[7.41],20,3238.01,23993.03,7.76,[7.76],27,682.36,5294.18,7.76,[7.76],28,659.1,5113.62,,,0,,,8.25,[8.25],20,818.47,6751.49,,,0,,
2023-3-18,2023-3-18,122,33570.03,33570.03,0,4408.8,"扬州,扬州市,江苏省,中国",多云,多云,13,6,<3级,北风,<3级,东风,星期六,,,,0,,,,,0,,,7.33,[7.33],22,1914.63,14033.99,7.68,[7.68],34,790.33,6068.1,7.68,[7.68],44,918.59,7052.72,,,0,,,8.17,[8.17],22,785.25,6415.22,,,0,,
2023-3-19,2023-3-19,111,32850.3,32850.3,0,4344.76,"扬州,扬州市,江苏省,中国",多云,多云,15,9,3~4级,东风,<3级,东南风,星期日,,,,0,,,,,0,,,7.33,[7.33],23,2115.46,15505.83,7.68,[7.68],30,799.32,6137.48,7.68,[7.68],44,967.31,7427.24,,,0,,,8.17,[8.17],14,462.67,3779.75,,,0,,
2023-3-20,2023-3-20,114,38151.6,38151.6,0,5075.7,"扬州,扬州市,江苏省,中国",多云,中雨,16,10,<3级,东南风,<3级,东北风,星期一,,,,0,,,,,0,,,7.33,[7.33],31,3108.75,22786.37,7.68,[7.68],26,551.64,4235.41,7.68,[7.68],42,879.88,6755.55,,,0,,,8.17,[8.17],15,535.43,4374.27,,,0,,
2023-3-21,2023-3-21,113,47268.05,47268.05,0,6318.99,"扬州,扬州市,江苏省,中国",小雨,小雨,15,13,<3级,东南风,<3级,东北风,星期二,,,,0,,,,,0,,,7.33,[7.33],37,4394.42,32210.35,7.68,[7.68],22,479.03,3678.08,7.68,[7.68],36,874.6,6715.42,,,0,,,8.17,[8.17],18,570.94,4664.2,,,0,,
2023-3-22,2023-3-22,117,39857.13,39857.13,0,5264.8,"扬州,扬州市,江苏省,中国",小雨,小雨,15,10,<3级,东北风,<3级,北风,星期三,,,,0,,,,,0,,,7.33,[7.33],30,2665.36,19536.66,7.68,[7.68],33,928.41,7128.66,7.68,[7.68],37,935.84,7185.52,,,0,,,8.17,[8.17],17,735.19,6006.29,,,0,,
2023-3-23,2023-3-23,120,43221.24,43221.24,0,5763.22,"扬州,扬州市,江苏省,中国",多云,多云,14,7,3~4级,东风,<3级,东北风,星期四,,,,0,,,,,0,,,7.33,[7.33],36,3701.11,27128.43,7.68,[7.68],29,673.23,5169.03,7.68,[7.68],42,859.96,6602.68,,,0,,,8.17,[8.17],13,528.92,4321.1,,,0,,
2023-3-24,2023-3-24,122,39714.55,39714.55,0,5264.05,"扬州,扬州市,江苏省,中国",阴,多云,9,4,3~4级,东风,<3级,东北风,星期五,,,,0,,,,,0,,,7.33,[7.33],33,2828.13,20729.76,7.68,[7.68],34,952.45,7313.09,7.68,[7.68],39,911.31,6997.27,,,0,,,8.17,[8.17],16,572.16,4674.43,,,0,,
2023-3-25,2023-3-25,105,35026.47,35026.47,0,4650.92,"扬州,扬州市,江苏省,中国",多云,多云,10,2,<3级,北风,<3级,东北风,星期六,,,,0,,,,,0,,,7.33,[7.33],24,2824.86,20705.83,7.68,[7.68],22,544.52,4180.88,7.68,[7.68],42,670.02,5143.76,,,0,,,8.17,[8.17],17,611.52,4996,,,0,,
2023-3-26,2023-3-26,94,27722.34,27722.34,0,3674.55,"扬州,扬州市,江苏省,中国",多云,多云,15,5,<3级,东北风,<3级,南风,星期日,,,,0,,,,,0,,,7.33,[7.33],22,2061.86,15112.95,7.68,[7.68],24,612.52,4703,7.68,[7.68],35,537.35,4125.26,,,0,,,8.17,[8.17],13,462.82,3781.13,,,0,,
2023-3-27,2023-3-27,126,36749.42,36749.42,0,4859.18,"扬州,扬州市,江苏省,中国",多云,多云,17,6,<3级,西南风,<3级,南风,星期一,,,,0,,,,,0,,,7.33,[7.33],33,2650.36,19426.43,7.68,[7.68],30,677.88,5205.05,7.68,[7.68],45,907.71,7026.2,,,0,,,8.17,[8.17],18,623.23,5091.74,,,0,,
2023-3-28,2023-3-28,106,32466.8,32466.8,0,4285.8,"扬州,扬州市,江苏省,中国",多云,多云,20,11,3~4级,南风,<3级,东南风,星期二,,,,0,,,,,0,,,7.33,[7.33],21,2167.48,15887.45,7.68,[7.68],31,846.56,6500.34,7.68,[7.68],35,631.64,4849.32,,,0,,,8.17,[8.17],19,640.12,5229.69,,,0,,
2023-3-29,2023-3-29,102,28706.47,28706.47,0,3809.38,"扬州,扬州市,江苏省,中国",多云,多云,18,11,3~4级,南风,<3级,东南风,星期三,,,,0,,,,,0,,,7.33,[7.33],23,2131.56,15623.9,7.68,[7.68],27,650.9,4997.78,7.68,[7.68],39,618.88,4751.35,,,0,,,8.17,[8.17],13,408.04,3333.44,,,0,,
2023-3-30,2023-3-30,104,34392.46,34392.46,0,4581.59,"扬州,扬州市,江苏省,中国",多云,多云,17,6,3~4级,东南风,<3级,东风,星期四,,,,0,,,,,0,,,7.33,[7.33],32,3012.86,22083.56,7.68,[7.68],22,429.1,3294.42,7.68,[7.68],36,600.73,4611.95,,,0,,,8.17,[8.17],14,538.9,4402.53,,,0,,
2023-3-31,2023-3-31,130,29641.93,29641.93,0,3923.06,"扬州,扬州市,江苏省,中国",多云,多云,19,12,3~4级,东南风,<3级,东风,星期五,,,,0,,,,,0,,,7.33,[7.33],31,1923.47,14098.51,7.68,[7.68],40,899.64,6907.07,7.68,[7.68],44,710.46,5454.29,,,0,,,8.17,[8.17],15,389.49,3182.06,,,0,,
2023-4-1,2023-4-1,137,48573.92,48573.92,0,6643.2,"扬州,扬州市,江苏省,中国",多云,多云,21,9,<3级,东南风,<3级,东风,星期六,,,,0,,,,,0,,,7.06,[7.06],36,3437.29,24266.59,7.41,[7.41],34,971.18,7195.03,7.41,[7.41],41,1053.37,7804.18,,,0,,,7.88,[7.88],26,1181.36,9308.12,,,0,,
2023-4-2,2023-4-2,140,44510.6,44510.6,0,6094.73,"扬州,扬州市,江苏省,中国",多云,多云,24,13,3~4级,东南风,3~4级,东风,星期日,,,,0,,,,,0,,,7.06,[7.06],20,3105.44,21924.04,7.41,[7.41],38,1024.14,7587.53,7.41,[7.41],56,1028.15,7616.87,,,0,,,7.88,[7.88],26,937,7382.16,,,0,,
2023-4-3,2023-4-3,136,49248.29,49248.29,0,6747.81,"扬州,扬州市,江苏省,中国",中雨,暴雨,18,17,3~4级,东南风,3~4级,东南风,星期一,,,,0,,,,,0,,,7.06,[7.06],32,3618.12,25543.38,7.41,[7.41],33,970.9,7193.25,7.41,[7.41],46,1057.38,7833.53,,,0,,,7.88,[7.88],25,1101.41,8678.13,,,0,,
2023-4-4,2023-4-4,99,28748.57,28748.57,0,3927.65,"扬州,扬州市,江苏省,中国",小雨,多云,22,11,3~4级,南风,<3级,西北风,星期二,,,,0,,,,,0,,,7.06,[7.06],17,1606.26,11339.97,7.41,[7.41],30,955.84,7081.86,7.41,[7.41],41,919.21,6810.08,,,0,,,7.88,[7.88],11,446.34,3516.66,,,0,,
2023-4-5,2023-4-5,93,22138.03,22138.03,0,2991.15,"扬州,扬州市,江苏省,中国",多云,多云,14,9,3~4级,西北风,<3级,西风,星期三,,,,0,,,,,0,,,7.06,[7.06],9,846.86,5978.62,7.41,[7.41],30,663.16,4912.65,7.41,[7.41],39,898.47,6656.15,,,0,,,7.88,[7.88],15,582.66,4590.61,,,0,,
2023-4-6,2023-4-6,98,37535.12,37535.12,0,5185.53,"扬州,扬州市,江苏省,中国",多云,多云,14,9,<3级,西风,<3级,西北风,星期四,,,,0,,,,,0,,,7.06,[7.06],25,3342.45,23597.23,7.41,[7.41],21,524.72,3887.47,7.41,[7.41],37,715.75,5302.46,,,0,,,7.88,[7.88],15,602.61,4747.96,,,0,,
2023-4-7,2023-4-7,123,38615.29,38615.29,0,5290.07,"扬州,扬州市,江苏省,中国",多云,多云,16,5,3~4级,北风,<3级,西南风,星期五,,,,0,,,,,0,,,7.06,[7.06],24,2589.27,18279.9,7.41,[7.41],40,1103.55,8175.89,7.41,[7.41],44,903.59,6694,,,0,,,7.88,[7.88],15,693.66,5465.5,,,0,,
2023-4-8,2023-4-8,111,28575.73,28575.73,0,3896.72,"扬州,扬州市,江苏省,中国",晴,多云,18,7,<3级,东北风,<3级,东南风,星期六,,,,0,,,,,0,,,7.06,[7.06],22,1685.91,11902.04,7.41,[7.41],37,986.08,7305.61,7.41,[7.41],35,597.52,4426.29,,,0,,,7.88,[7.88],17,627.21,4941.79,,,0,,
2023-4-9,2023-4-9,116,28938.64,28938.64,0,3930.27,"扬州,扬州市,江苏省,中国",多云,多云,22,12,3~4级,南风,<3级,东南风,星期日,,,,0,,,,,0,,,7.06,[7.06],16,1633.35,11531.14,7.41,[7.41],31,636.8,4717.57,7.41,[7.41],48,829.49,6145.31,,,0,,,7.88,[7.88],21,830.63,6544.62,,,0,,
2023-4-10,2023-4-10,117,43767.4,43767.4,0,6042.29,"扬州,扬州市,江苏省,中国",多云,多云,26,16,3~4级,西南风,<3级,西南风,星期一,,,,0,,,,,0,,,7.06,[7.06],23,3697.26,26102.07,7.41,[7.41],31,733.69,5435.47,7.41,[7.41],48,989.33,7329.14,,,0,,,7.88,[7.88],15,622.01,4900.72,,,0,,
2023-4-11,2023-4-11,106,35171.6,35171.6,0,4830.98,"扬州,扬州市,江苏省,中国",多云,多云,27,11,3~4级,东北风,<3级,东风,星期二,,,,0,,,,,0,,,7.06,[7.06],30,2600.04,18355.78,7.41,[7.41],30,785.37,5818.57,7.41,[7.41],32,834.54,6182.88,,,0,,,7.88,[7.88],14,611.03,4814.37,,,0,,
2023-4-12,2023-4-12,122,37532.61,37532.61,0,5130.32,"扬州,扬州市,江苏省,中国",多云,多云,23,14,3~4级,东南风,<3级,东南风,星期三,,,,0,,,,,0,,,7.06,[7.06],26,2552.51,18020.34,7.41,[7.41],32,922.01,6831,7.41,[7.41],38,774.99,5741.44,,,0,,,7.88,[7.88],26,880.81,6939.83,,,0,,
2023-4-13,2023-4-13,103,28920.02,28920.02,0,3972.89,"扬州,扬州市,江苏省,中国",多云,多云,26,18,3~4级,南风,<3级,东南风,星期四,,,,0,,,,,0,,,7.06,[7.06],27,2101.64,14837.29,7.41,[7.41],29,728.23,5395.18,7.41,[7.41],36,676.19,5009.26,,,0,,,7.88,[7.88],11,466.83,3678.29,,,0,,
2023-4-14,2023-4-14,135,62501.15,62501.15,0,8707.49,"扬州,扬州市,江苏省,中国",多云,多云,25,16,<3级,北风,<3级,西北风,星期五,,,,0,,,,,0,,,7.06,[7.06],42,6560.09,46313.56,7.41,[7.41],29,757.07,5608.9,7.41,[7.41],47,797.75,5910.13,,,0,,,7.88,[7.88],17,592.58,4668.56,,,0,,
2023-4-15,2023-4-15,130,73485.08,73485.08,0,10227.57,"扬州,扬州市,江苏省,中国",多云,中雨,25,14,3~4级,西风,<3级,西南风,星期六,,,,0,,,,,0,,,7.06,[7.06],37,7559.28,53367.95,7.41,[7.41],34,1030.9,7637.68,7.41,[7.41],41,896.16,6639.14,,,0,,,7.88,[7.88],18,741.23,5840.31,,,0,,
2023-4-16,2023-4-16,135,44593.08,44593.08,0,6135.18,"扬州,扬州市,江苏省,中国",多云,晴,27,14,<3级,东风,4~5级,东南风,星期日,,,,0,,,,,0,,,7.06,[7.06],21,3452.11,24371.53,7.41,[7.41],36,980.9,7267.02,7.41,[7.41],58,969.48,7181.89,,,0,,,7.88,[7.88],20,732.69,5772.64,,,0,,
2023-4-17,2023-4-17,196,151805.85,151805.85,0,21256.87,"扬州,扬州市,江苏省,中国",多云,多云,31,20,3~4级,南风,<3级,西南风,星期一,,,,0,,,,,0,,,7.06,[7.06],55,17490.64,123482.97,7.41,[7.41],47,1394.04,10328.28,7.41,[7.41],69,1480.41,10968.08,,,0,,,7.88,[7.88],25,891.78,7026.52,,,0,,
2023-4-18,2023-4-18,103,35719.47,35719.47,0,4647.61,"扬州,扬州市,江苏省,中国",阴,小雨,33,17,3~4级,西风,<3级,东北风,星期二,,,,0,,,,,0,,,7.51,[7.51],25,2949.99,22153.98,7.85,[7.85],27,688.27,5402.25,7.85,[7.85],39,526.44,4131.35,,,0,,,8.35,[8.35],12,482.91,4031.89,,,0,,
2023-4-19,2023-4-19,82,20894.36,20894.36,0,2683.22,"扬州,扬州市,江苏省,中国",多云,多云,22,15,<3级,东北风,<3级,东风,星期三,,,,0,,,,,0,,,7.51,[7.51],15,1212.34,9104.43,7.85,[7.85],21,492.1,3862.48,7.85,[7.85],33,487.01,3821.72,,,0,,,8.35,[8.35],13,491.77,4105.73,,,0,,
2023-4-20,2023-4-20,86,26070.71,26070.71,0,3393.78,"扬州,扬州市,江苏省,中国",多云,晴,27,13,<3级,东南风,<3级,东北风,星期四,,,,0,,,,,0,,,7.51,[7.51],24,2043.93,15349.58,7.85,[7.85],16,544.58,4274.55,7.85,[7.85],36,552.06,4332.74,,,0,,,8.35,[8.35],10,253.21,2113.84,,,0,,
2023-4-21,2023-4-21,103,32291.4,32291.4,0,4188.41,"扬州,扬州市,江苏省,中国",阴,阴,22,11,3~4级,东北风,<3级,东北风,星期五,,,,0,,,,,0,,,7.51,[7.51],29,2511.92,18864.15,7.85,[7.85],21,485.87,3813.59,7.85,[7.85],37,653.14,5126.16,,,0,,,8.35,[8.35],16,537.48,4487.5,,,0,,
2023-4-22,2023-4-22,76,29820.99,29820.99,0,3878.33,"扬州,扬州市,江苏省,中国",阴,中雨,20,13,3~4级,东北风,4~5级,东风,星期六,,,,0,,,,,0,,,7.51,[7.51],24,2534.14,19031.11,7.85,[7.85],15,367.76,2886.51,7.85,[7.85],23,497.2,3902.39,,,0,,,8.35,[8.35],14,479.23,4000.98,,,0,,
2023-4-23,2023-4-23,99,40292.81,40292.81,0,5244.9,"扬州,扬州市,江苏省,中国",小雨,小雨,13,11,3~4级,东风,<3级,东北风,星期日,,,,0,,,,,0,,,7.51,[7.51],25,3264.24,24514,7.85,[7.85],28,808.96,6349.87,7.85,[7.85],33,707.03,5549.44,,,0,,,8.35,[8.35],13,464.67,3879.5,,,0,,
2023-4-24,2023-4-24,120,41546.94,41546.94,0,5401.33,"扬州,扬州市,江苏省,中国",阴,阴,16,10,3~4级,东风,<3级,东风,星期一,,,,0,,,,,0,,,7.51,[7.51],30,3255.08,24445.18,7.85,[7.85],36,865.68,6794.46,7.85,[7.85],41,768.44,6031.39,,,0,,,8.35,[8.35],13,512.13,4275.91,,,0,,
2023-4-25,2023-4-25,105,46383.71,46383.71,0,6065.23,"扬州,扬州市,江苏省,中国",阴,多云,17,9,<3级,西北风,<3级,西风,星期二,,,,0,,,,,0,,,7.51,[7.51],32,4330.84,32524.08,7.85,[7.85],19,474.59,3725.13,7.85,[7.85],39,766.42,6015.22,,,0,,,8.35,[8.35],15,493.38,4119.28,,,0,,
2023-4-26,2023-4-26,107,36294.12,36294.12,0,4705.26,"扬州,扬州市,江苏省,中国",多云,阴,22,12,<3级,北风,<3级,东南风,星期三,,,,0,,,,,0,,,7.51,[7.51],25,2750.05,20652.39,7.85,[7.85],19,523.26,4107.13,7.85,[7.85],49,841.16,6601.9,,,0,,,8.35,[8.35],14,590.79,4932.7,,,0,,
2023-4-27,2023-4-27,118,49968.59,49968.59,0,6526.12,"扬州,扬州市,江苏省,中国",阴,阴,24,15,3~4级,南风,<3级,东南风,星期四,,,,0,,,,,0,,,7.51,[7.51],30,4448.82,33409.96,7.85,[7.85],26,688.14,5401.29,7.85,[7.85],48,880.5,6910.54,,,0,,,8.35,[8.35],14,508.66,4246.8,,,0,,
2023-4-28,2023-4-28,128,35863.66,35863.66,0,4625.22,"扬州,扬州市,江苏省,中国",阴,阴,27,14,<3级,西风,5~6级,西北风,星期五,,,,0,,,,,0,,,7.51,[7.51],24,2091.78,15708.77,7.85,[7.85],38,1055,8280.67,7.85,[7.85],51,937.29,7356.2,,,0,,,8.35,[8.35],15,541.15,4518.02,,,0,,
2023-4-29,2023-4-29,109,37657.49,37657.49,0,4948.86,"扬州,扬州市,江苏省,中国",阴,阴,19,10,3~4级,北风,<3级,西南风,星期六,,,,0,,,,,0,,,7.37,[7.37],24,2672.76,19697.73,7.72,[7.72],28,726.05,5604.15,7.72,[7.72],36,750.66,5793.6,,,0,,,8.21,[8.21],21,799.39,6562.01,,,0,,
2023-4-30,2023-4-30,126,36272.92,36272.92,0,4738.51,"扬州,扬州市,江苏省,中国",晴,阴,25,10,3~4级,西风,<3级,南风,星期日,,,,0,,,,,0,,,7.37,[7.37],16,1905.64,14044.14,7.72,[7.72],38,1128.87,8713.44,7.72,[7.72],53,962.74,7430.45,,,0,,,8.21,[8.21],19,741.26,6084.89,,,0,,
2023-5-1,2023-5-1,113,24448.26,24448.26,0,3169,"扬州,扬州市,江苏省,中国",阴,阴,28,15,3~4级,南风,<3级,东南风,星期一,,,,0,,,,,0,,,7.37,[7.37],14,852.89,6285.59,7.72,[7.72],40,1039.49,8023.43,7.72,[7.72],45,693.16,5349.55,,,0,,,8.21,[8.21],14,583.46,4789.69,,,0,,
2023-5-2,2023-5-2,91,21606.43,21606.43,0,2754.76,"扬州,扬州市,江苏省,中国",阴,小雨,29,20,3~4级,南风,<3级,东南风,星期二,,,,0,,,,,0,,,7.37,[7.37],4,231.06,1702.85,7.72,[7.72],27,801.39,6185.76,7.72,[7.72],36,856.8,6613.28,,,0,,,8.21,[8.21],24,865.51,7104.54,,,0,,
2023-5-3,2023-5-3,95,24013.11,24013.11,0,3101.14,"扬州,扬州市,江苏省,中国",中雨,中雨,21,20,<3级,东南风,<3级,东南风,星期三,,,,0,,,,,0,,,7.37,[7.37],12,909.7,6704.5,7.72,[7.72],26,694.67,5362.01,7.72,[7.72],35,693.2,5350.2,,,0,,,8.21,[8.21],22,803.57,6596.4,,,0,,
2023-5-4,2023-5-4,114,32011.92,32011.92,0,4216.7,"扬州,扬州市,江苏省,中国",大雨,中雨,28,21,<3级,南风,<3级,西北风,星期四,,,,0,,,,,0,,,7.37,[7.37],29,2233.32,16459.06,7.72,[7.72],29,631.96,4877.77,7.72,[7.72],45,852.55,6579.95,,,0,,,8.21,[8.21],11,498.87,4095.14,,,0,,
2023-5-5,2023-5-5,114,40833.86,40833.86,0,5393.83,"扬州,扬州市,江苏省,中国",中雨,阴,23,17,3~4级,西风,<3级,北风,星期五,,,,0,,,,,0,,,7.37,[7.37],29,3066.82,22602.03,7.72,[7.72],26,729.8,5633.34,7.72,[7.72],45,1045.78,8071.9,,,0,,,8.21,[8.21],14,551.43,4526.59,,,0,,
2023-5-6,2023-5-6,131,36936.76,36936.76,0,4842.65,"扬州,扬州市,江苏省,中国",雾,阴,21,14,<3级,东北风,<3级,北风,星期六,,,,0,,,,,0,,,7.37,[7.37],28,2278.85,16794.76,7.72,[7.72],30,766.09,5913.1,7.72,[7.72],55,1076.59,8309.34,,,0,,,8.21,[8.21],18,721.12,5919.56,,,0,,
2023-5-7,2023-5-7,103,28096.57,28096.57,0,3673.51,"扬州,扬州市,江苏省,中国",多云,阴,21,12,3~4级,东北风,<3级,东北风,星期日,,,,0,,,,,0,,,7.37,[7.37],13,1514.48,11161.61,7.72,[7.72],34,748.23,5774.88,7.72,[7.72],42,857.93,6621.61,,,0,,,8.21,[8.21],14,552.87,4538.47,,,0,,
2023-5-8,2023-5-8,133,33566.87,33566.87,0,4393.52,"扬州,扬州市,江苏省,中国",多云,多云,23,9,<3级,东北风,<3级,东风,星期一,,,,0,,,,,0,,,7.37,[7.37],22,1887.66,13911.86,7.72,[7.72],42,937.2,7233.67,7.72,[7.72],54,928.13,7163.24,,,0,,,8.21,[8.21],15,640.53,5258.1,,,0,,
2023-5-9,2023-5-9,103,37784.89,37784.89,0,4976.45,"扬州,扬州市,江苏省,中国",阴,阴,22,12,<3级,东北风,<3级,东风,星期二,,,,0,,,,,0,,,7.37,[7.37],24,2790.78,20567.59,7.72,[7.72],23,661.67,5107.32,7.72,[7.72],36,815.9,6297.5,,,0,,,8.21,[8.21],20,708.1,5812.48,,,0,,
2023-5-10,2023-5-10,104,36888.91,36888.91,0,4898.41,"扬州,扬州市,江苏省,中国",阴,阴,21,15,<3级,东风,<3级,东南风,星期三,,,,0,,,,,0,,,7.37,[7.37],27,3202.27,23600.11,7.72,[7.72],32,767.96,5927.67,7.72,[7.72],34,525.05,4052.06,,,0,,,8.21,[8.21],11,403.13,3309.07,,,0,,
2023-5-11,2023-5-11,110,33357.28,33357.28,0,4356.95,"扬州,扬州市,江苏省,中国",多云,阴,24,16,<3级,南风,<3级,南风,星期四,,,,0,,,,,0,,,7.37,[7.37],23,1970.11,14519.32,7.72,[7.72],32,940.52,7259.63,7.72,[7.72],32,599.37,4626.09,,,0,,,8.21,[8.21],23,846.95,6952.24,,,0,,
2023-5-12,2023-5-12,112,34354.55,34354.55,0,4550.39,"扬州,扬州市,江苏省,中国",多云,晴,26,14,<3级,西北风,<3级,西南风,星期五,,,,0,,,,,0,,,7.37,[7.37],30,2763.67,20367.72,7.72,[7.72],24,428.6,3307.92,7.72,[7.72],43,957.47,7390.3,,,0,,,8.21,[8.21],15,400.65,3288.61,,,0,,
2023-5-13,2023-5-13,102,29897.6,29897.6,0,3924.42,"扬州,扬州市,江苏省,中国",晴,晴,31,18,3~4级,西风,<3级,西风,星期六,,,,0,,,,,0,,,7.37,[7.37],23,2055.02,15145.04,7.72,[7.72],30,638.98,4931.8,7.72,[7.72],32,569.75,4397.3,,,0,,,8.21,[8.21],17,660.67,5423.46,,,0,,
2023-5-14,2023-5-14,87,22251.95,22251.95,0,2909.91,"扬州,扬州市,江苏省,中国",晴,晴,32,21,3~4级,西风,<3级,西南风,星期日,,,,0,,,,,0,,,7.37,[7.37],17,1317.86,9712.18,7.72,[7.72],26,572.99,4422.62,7.72,[7.72],31,505.12,3898.26,,,0,,,8.21,[8.21],13,513.94,4218.89,,,0,,
2023-5-15,2023-5-15,115,31524.82,31524.82,0,4118.62,"扬州,扬州市,江苏省,中国",晴,阴,33,20,3~4级,西南风,<3级,南风,星期一,,,,0,,,,,0,,,7.37,[7.37],23,1789.16,13185.73,7.72,[7.72],34,838.59,6472.74,7.72,[7.72],39,758.52,5854.42,,,0,,,8.21,[8.21],19,732.35,6011.93,,,0,,
2023-5-16,2023-5-16,113,25772.86,25772.86,0,3397.28,"扬州,扬州市,江苏省,中国",多云,阴,33,22,3~4级,南风,4~5级,东南风,星期二,,,,0,,,,,0,,,7.37,[7.37],27,1691.88,12468.55,7.72,[7.72],29,650.77,5022.83,7.72,[7.72],48,765.02,5904.24,,,0,,,8.21,[8.21],9,289.61,2377.24,,,0,,
2023-5-17,2023-5-17,113,50422.19,50422.19,0,6963.69,"扬州,扬州市,江苏省,中国",中雨,多云,26,21,3~4级,南风,<3级,西北风,星期三,,,,0,,,,,0,,,7.06,[7.06],28,4505.03,31805.06,7.42,[7.42],35,913.16,6774.57,7.42,[7.42],32,744.28,5521.38,,,0,,,7.89,[7.89],18,801.22,6321.18,,,0,,
2023-5-18,2023-5-18,116,42859.18,42859.18,0,5917.04,"扬州,扬州市,江苏省,中国",多云,多云,22,16,3~4级,东北风,<3级,东风,星期四,,,,0,,,,,0,,,7.06,[7.06],34,3868.81,27313.3,7.42,[7.42],22,626.01,4644.37,7.42,[7.42],41,676.74,5020.15,,,0,,,7.89,[7.89],19,745.48,5881.36,,,0,,
2023-5-19,2023-5-19,100,26926.92,26926.92,0,3592.49,"扬州,扬州市,江苏省,中国",多云,阴,27,19,<3级,南风,<3级,东南风,星期五,,,,0,,,,,0,,,7.06,[7.06],16,1522.88,10751.19,7.42,[7.42],31,714.44,5629.67,7.42,[7.42],35,733.2,5639.21,,,0,,,7.89,[7.89],18,621.97,4906.85,,,0,,
2023-5-20,2023-5-20,122,35358.34,35358.34,0,4863.43,"扬州,扬州市,江苏省,中国",多云,多云,28,19,3~4级,南风,<3级,东风,星期六,,,,0,,,,,0,,,7.06,[7.06],22,2724.79,19236.68,7.42,[7.42],31,749.91,5563.16,7.42,[7.42],54,843.35,6255.87,,,0,,,7.89,[7.89],15,545.38,4302.63,,,0,,
2023-5-21,2023-5-21,88,29958.27,29958.27,0,4130.5,"扬州,扬州市,江苏省,中国",多云,小雨,28,16,3~4级,东风,<3级,东北风,星期日,,,,0,,,,,0,,,7.06,[7.06],19,2340.58,16524.08,7.42,[7.42],22,616.67,4575.01,7.42,[7.42],39,843.21,6255.31,,,0,,,7.89,[7.89],8,330.04,2603.87,,,0,,
2023-5-22,2023-5-22,110,37832.55,37832.55,0,5195.84,"扬州,扬州市,江苏省,中国",多云,晴,22,12,3~4级,东北风,<3级,东北风,星期一,,,,0,,,,,0,,,7.06,[7.06],30,2921.84,20627.72,7.42,[7.42],29,789.95,5860.38,7.42,[7.42],34,772.4,5729.95,,,0,,,7.89,[7.89],17,711.65,5614.5,,,0,,
2023-5-23,2023-5-23,118,40397.2,40397.2,0,5532.12,"扬州,扬州市,江苏省,中国",晴,小雨,28,18,3~4级,南风,<3级,东南风,星期二,,,,0,,,,,0,,,7.06,[7.06],34,3779.5,27182.82,7.42,[7.42],27,629.7,4671.49,7.42,[7.42],43,670.13,4970.82,,,0,,,7.89,[7.89],14,452.79,3572.07,,,0,,
2023-5-24,2023-5-24,101,26619.59,26619.59,0,3626.08,"扬州,扬州市,江苏省,中国",小雨,晴,21,14,3~4级,东南风,<3级,东南风,星期三,,,,0,,,,,0,,,7.06,[7.06],20,1662.83,11739.21,7.42,[7.42],24,691.11,5127.21,7.42,[7.42],39,599.65,4447.87,,,0,,,7.89,[7.89],18,672.49,5305.3,,,0,,
2023-5-25,2023-5-25,105,35404.32,35404.32,0,4889.04,"扬州,扬州市,江苏省,中国",多云,阴,27,20,<3级,西南风,<3级,东南风,星期四,,,,0,,,,,0,,,7.06,[7.06],26,2978.2,21025.69,7.42,[7.42],27,777.01,5764.53,7.42,[7.42],37,701.97,5207.33,,,0,,,7.89,[7.89],15,431.86,3406.77,,,0,,
2023-5-26,2023-5-26,108,36512.03,36512.03,0,4990.56,"扬州,扬州市,江苏省,中国",阴,中雨,30,23,3~4级,南风,<3级,南风,星期五,,,,0,,,,,0,,,7.06,[7.06],22,2631.61,18578.55,7.42,[7.42],27,755.97,5608.45,7.42,[7.42],38,681.71,5056.8,,,0,,,7.89,[7.89],21,921.27,7268.23,,,0,,
2023-5-27,2023-5-27,98,22952.15,22952.15,0,3108.64,"扬州,扬州市,江苏省,中国",小雨,中雨,30,24,3~4级,南风,<3级,东南风,星期六,,,,0,,,,,0,,,7.06,[7.06],16,1015.31,7167.85,7.42,[7.42],27,751.59,5575.83,7.42,[7.42],39,799.92,5933.99,,,0,,,7.89,[7.89],16,541.82,4274.48,,,0,,
2023-5-28,2023-5-28,88,21595.14,21595.14,0,2921.58,"扬州,扬州市,江苏省,中国",多云,小雨,36,22,3~4级,北风,<3级,西北风,星期日,,,,0,,,,,0,,,7.06,[7.06],10,816.62,5765.07,7.42,[7.42],27,698.27,5180.44,7.42,[7.42],41,952.41,7065.59,,,0,,,7.89,[7.89],10,454.28,3584.04,,,0,,
2023-5-29,2023-5-29,115,34347.99,34347.99,0,4709.24,"扬州,扬州市,江苏省,中国",多云,阴,28,21,3~4级,东北风,<3级,东北风,星期一,,,,0,,,,,0,,,7.06,[7.06],27,2482.25,17524.33,7.42,[7.42],31,787.15,5839.61,7.42,[7.42],41,797.07,5912.93,,,0,,,7.89,[7.89],16,642.77,5071.12,,,0,,
2023-5-30,2023-5-30,127,42985.38,42985.38,0,5905.16,"扬州,扬州市,江苏省,中国",雾,阴,22,19,<3级,东北风,<3级,东北风,星期二,,,,0,,,,,0,,,7.06,[7.06],35,3368.44,23780.72,7.42,[7.42],29,654.31,4853.98,7.42,[7.42],43,1062.54,7882.47,,,0,,,7.89,[7.89],20,819.87,6468.21,,,0,,
2023-5-31,2023-5-31,90,26607.31,26607.31,0,3612.23,"扬州,扬州市,江苏省,中国",多云,多云,27,20,<3级,东北风,<3级,东风,星期三,,,,0,,,,,0,,,7.14,[7.14],19,2028.39,14482.31,7.5,[7.50],22,530.25,3976.44,7.5,[7.50],35,536.75,4024.69,,,0,,,7.98,[7.98],14,516.84,4123.87,,,0,,
2023-6-1,2023-6-1,114,30698.08,30698.08,0,4153.29,"扬州,扬州市,江苏省,中国",多云,晴,29,19,<3级,东北风,<3级,西北风,星期四,,,,0,,,,,0,,,7.14,[7.14],26,1993.72,14234.85,7.5,[7.50],33,896.95,6726.48,7.5,[7.50],41,702.68,5269.1,,,0,,,7.98,[7.98],14,559.94,4467.65,,,0,,
2023-6-2,2023-6-2,127,32221.98,32221.98,0,4361.89,"扬州,扬州市,江苏省,中国",雾,多云,35,20,<3级,北风,<3级,东北风,星期五,,,,0,,,,,0,,,7.14,[7.14],33,2080.28,14852.69,7.5,[7.50],33,960.33,7201.89,7.5,[7.50],43,780.7,5854.3,,,0,,,7.98,[7.98],18,540.58,4313.1,,,0,,
2023-6-3,2023-6-3,111,33314.57,33314.57,0,4533.91,"扬州,扬州市,江苏省,中国",阴,小雨,29,20,<3级,东风,<3级,东北风,星期六,,,,0,,,,,0,,,7.14,[7.14],27,2557.73,18261.87,7.5,[7.50],31,810.13,6075.22,7.5,[7.50],41,679.7,5096.79,,,0,,,7.98,[7.98],12,486.35,3880.69,,,0,,
2023-6-4,2023-6-4,81,24959.92,24959.92,0,3346.22,"扬州,扬州市,江苏省,中国",阴,大雨,24,18,3~4级,东北风,<3级,东风,星期日,,,,0,,,,,0,,,7.14,[7.14],15,1340.73,9572.46,7.5,[7.50],27,788.02,5909.51,7.5,[7.50],21,492.59,3694.04,,,0,,,7.98,[7.98],18,724.88,5783.91,,,0,,
2023-6-5,2023-6-5,87,30521.9,30521.9,0,4118.45,"扬州,扬州市,江苏省,中国",小雨,小雨,22,17,<3级,北风,<3级,西北风,星期一,,,,0,,,,,0,,,7.14,[7.14],19,2090.97,14929.27,7.5,[7.50],21,529.33,3969.45,7.5,[7.50],28,689.02,5167.02,,,0,,,7.98,[7.98],19,809.13,6456.16,,,0,,
2023-6-6,2023-6-6,94,26197.64,26197.64,0,3521.77,"扬州,扬州市,江苏省,中国",多云,多云,28,18,<3级,西南风,<3级,南风,星期二,,,,0,,,,,0,,,7.14,[7.14],16,1527.83,10908.48,7.5,[7.50],27,728.83,5465.58,7.5,[7.50],35,563.89,4228.28,,,0,,,7.98,[7.98],16,701.22,5595.3,,,0,,
2023-6-7,2023-6-7,120,34737.37,34737.37,0,4704.18,"扬州,扬州市,江苏省,中国",多云,多云,30,20,<3级,南风,<3级,西南风,星期三,,,,0,,,,,0,,,7.14,[7.14],31,2374.63,16954.49,7.5,[7.50],28,803.35,6024.48,7.5,[7.50],42,873.31,6548.86,,,0,,,7.98,[7.98],19,652.89,5209.54,,,0,,
2023-6-8,2023-6-8,102,32280.14,32280.14,0,4372.31,"扬州,扬州市,江苏省,中国",晴,晴,31,20,<3级,西南风,<3级,西风,星期四,,,,0,,,,,0,,,7.14,[7.14],25,2487.82,17762.4,7.5,[7.50],21,528.9,3966.31,7.5,[7.50],38,550.6,4128.32,,,0,,,7.98,[7.98],18,804.99,6423.11,,,0,,
2023-6-9,2023-6-9,127,35323.95,35323.95,0,4797.67,"扬州,扬州市,江苏省,中国",多云,晴,36,23,<3级,西南风,<3级,西南风,星期五,,,,0,,,,,0,,,7.14,[7.14],35,2559.5,18274.22,7.5,[7.50],32,848.93,6366.41,7.5,[7.50],44,836.08,6269.68,,,0,,,7.98,[7.98],16,553.16,4413.64,,,0,,
2023-6-10,2023-6-10,122,40336.42,40336.42,0,5281.27,"扬州,扬州市,江苏省,中国",中雨,多云,36,23,3~4级,西风,<3级,东北风,星期六,,,,0,,,,,0,,,7.14,[7.14],34,3113.94,23903.11,7.5,[7.50],34,952.33,7141.79,7.5,[7.50],42,838.8,6289.91,,,0,,,7.98,[7.98],12,376.2,3001.61,,,0,,
2023-6-11,2023-6-11,98,23007.08,23007.08,0,3094.05,"扬州,扬州市,江苏省,中国",多云,阴,33,20,<3级,东风,<3级,东风,星期日,,,,0,,,,,0,,,7.14,[7.14],16,1316.95,9402.71,7.5,[7.50],28,627.57,4706.02,7.5,[7.50],36,569.59,4271.11,,,0,,,7.98,[7.98],18,579.94,4627.24,,,0,,
2023-6-12,2023-6-12,106,27596.39,27596.39,0,3703.68,"扬州,扬州市,江苏省,中国",阴,阴,31,21,<3级,东风,<3级,东风,星期一,,,,0,,,,,0,,,7.14,[7.14],19,1392.86,9944.62,7.5,[7.50],28,781.17,5858.17,7.5,[7.50],41,857.55,6430.79,,,0,,,7.98,[7.98],18,672.1,5362.81,,,0,,
2023-6-13,2023-6-13,97,28789.07,28789.07,0,3904.52,"扬州,扬州市,江苏省,中国",多云,晴,30,21,<3级,东北风,<3级,东南风,星期二,,,,0,,,,,0,,,7.14,[7.14],25,2216.01,15821.86,7.5,[7.50],18,298.36,2237.11,7.5,[7.50],40,754.04,5654.52,,,0,,,7.98,[7.98],14,636.11,5075.58,,,0,,
2023-6-14,2023-6-14,108,35291.53,35291.53,0,4835.28,"扬州,扬州市,江苏省,中国",晴,晴,34,21,3~4级,东北风,<3级,西南风,星期三,,,,0,,,,,0,,,7.1,[7.10],22,2743.1,19475.69,7.46,[7.46],27,750.81,5600.4,7.46,[7.46],48,892.64,6657.33,,,0,,,7.93,[7.93],11,448.73,3558.11,,,0,,
2023-6-15,2023-6-15,102,32695.82,32695.82,0,4465.5,"扬州,扬州市,江苏省,中国",晴,多云,35,24,<3级,南风,<3级,东南风,星期四,,,,0,,,,,0,,,7.1,[7.10],21,2476.12,17579.89,7.46,[7.46],29,747.64,5576.54,7.46,[7.46],37,649.75,4845.6,,,0,,,7.93,[7.93],15,591.99,4693.79,,,0,,
2023-6-16,2023-6-16,108,25816.41,25816.41,0,3509.78,"扬州,扬州市,江苏省,中国",多云,阴,33,24,<3级,南风,<3级,东风,星期五,,,,0,,,,,0,,,7.1,[7.10],24,1667.83,11841.1,7.46,[7.46],25,637.32,4753.95,7.46,[7.46],45,700.36,5222.91,,,0,,,7.93,[7.93],14,504.27,3998.45,,,0,,
2023-6-17,2023-6-17,96,21645.3,21645.3,0,2920.62,"扬州,扬州市,江苏省,中国",中雨,暴雨,28,21,<3级,东南风,<3级,东风,星期六,,,,0,,,,,0,,,7.1,[7.10],15,1069.11,7590.34,7.46,[7.46],27,730.17,5446.24,7.46,[7.46],42,599.19,4468.61,,,0,,,7.93,[7.93],12,522.15,4140.11,,,0,,
2023-6-18,2023-6-18,75,22192.03,22192.03,0,3012.02,"扬州,扬州市,江苏省,中国",小雨,中雨,24,23,<3级,东南风,<3级,东风,星期日,,,,0,,,,,0,,,7.1,[7.10],11,1275.19,9053.73,7.46,[7.46],26,723.42,5396.29,7.46,[7.46],26,623.29,4649,,,0,,,7.93,[7.93],12,390.12,3093.01,,,0,,
2023-6-19,2023-6-19,82,23352.48,23352.48,0,3143.09,"扬州,扬州市,江苏省,中国",大雨,多云,28,24,<3级,南风,<3级,西风,星期一,,,,0,,,,,0,,,7.1,[7.10],14,1126.75,7999.72,7.46,[7.46],23,742,5534.82,7.46,[7.46],26,608.44,4538.21,,,0,,,7.93,[7.93],19,665.9,5279.73,,,0,,
2023-6-20,2023-6-20,124,35787.73,35787.73,0,4886.7,"扬州,扬州市,江苏省,中国",多云,多云,30,22,<3级,西北风,<3级,西南风,星期二,,,,0,,,,,0,,,7.1,[7.10],25,2613.91,18558.37,7.46,[7.46],31,755.85,5637.6,7.46,[7.46],52,925.66,6903.53,,,0,,,7.93,[7.93],16,591.28,4688.23,,,0,,
2023-6-21,2023-6-21,111,30790.94,30790.94,0,4176.55,"扬州,扬州市,江苏省,中国",多云,多云,33,23,<3级,东北风,<3级,北风,星期三,,,,0,,,,,0,,,7.1,[7.10],19,1768.33,12554.93,7.46,[7.46],26,728.49,5433.78,7.46,[7.46],50,1097.78,8187.97,,,0,,,7.93,[7.93],16,581.95,4614.26,,,0,,
2023-6-22,2023-6-22,108,26425.64,26425.64,0,3562.17,"扬州,扬州市,江苏省,中国",阴,阴,32,22,<3级,西风,<3级,西南风,星期四,,,,0,,,,,0,,,7.1,[7.10],13,1200.02,8520.07,7.46,[7.46],31,818.78,6107.34,7.46,[7.46],47,932.65,6956.03,,,0,,,7.93,[7.93],17,610.72,4842.2,,,0,,
2023-6-23,2023-6-23,130,38806.65,38806.65,0,5298.93,"扬州,扬州市,江苏省,中国",阴,阴,30,21,3~4级,南风,<3级,东风,星期五,,,,0,,,,,0,,,7.1,[7.10],26,2808.48,19939.7,7.46,[7.46],35,847.7,6322.85,7.46,[7.46],52,1022.8,7628.65,,,0,,,7.93,[7.93],17,619.95,4915.45,,,0,,
2023-6-24,2023-6-24,91,23066.51,23066.51,0,3116.35,"扬州,扬州市,江苏省,中国",小雨,中雨,24,22,3~4级,东风,<3级,南风,星期六,,,,0,,,,,0,,,7.1,[7.10],9,1353.77,9611.65,7.46,[7.46],21,489.39,3650.34,7.46,[7.46],39,615.33,4588.87,,,0,,,7.93,[7.93],22,657.86,5215.65,,,0,,
2023-6-25,2023-6-25,104,25299.03,25299.03,0,3430.69,"扬州,扬州市,江苏省,中国",中雨,阴,26,24,<3级,西风,<3级,西南风,星期日,,,,0,,,,,0,,,7.1,[7.10],24,1401.79,9952.45,7.46,[7.46],33,999.22,7453.33,7.46,[7.46],34,574.76,4286.36,,,0,,,7.93,[7.93],13,454.92,3606.89,,,0,,
2023-6-26,2023-6-26,106,35771.45,35771.45,0,4895.46,"扬州,扬州市,江苏省,中国",多云,晴,30,22,3~4级,西风,<3级,南风,星期一,,,,0,,,,,0,,,7.1,[7.10],28,2813.77,19977.19,7.46,[7.46],33,884.65,6598.61,7.46,[7.46],32,627.87,4682.66,,,0,,,7.93,[7.93],13,569.17,4512.99,,,0,,
2023-6-27,2023-6-27,111,32340.03,32340.03,0,4378.76,"扬州,扬州市,江苏省,中国",晴,多云,33,25,3~4级,西南风,<3级,南风,星期二,,,,0,,,,,0,,,7.1,[7.10],22,2135.68,15163.08,7.46,[7.46],31,717.82,5353.93,7.46,[7.46],33,574.71,4286.39,,,0,,,7.93,[7.93],25,950.55,7536.63,,,0,,
2023-6-28,2023-6-28,116,29257.7,29257.7,0,3930.95,"扬州,扬州市,江苏省,中国",阴,阴,34,26,3~4级,西南风,<3级,西南风,星期三,,,,0,,,,,0,,,7.1,[7.10],18,1233.48,8757.42,7.46,[7.46],33,1008.47,7522.33,7.46,[7.46],42,879.79,6561.77,,,0,,,7.93,[7.93],23,809.21,6416.18,,,0,,
2023-6-29,2023-6-29,103,32701.79,32701.79,0,4438.97,"扬州,扬州市,江苏省,中国",多云,暴雨,33,25,3~4级,西南风,<3级,西风,星期四,,,,0,,,,,0,,,7.16,[7.16],25,2442.77,17489.9,7.51,[7.51],31,897.21,6737.23,7.51,[7.51],35,633.96,4759.51,,,0,,,7.99,[7.99],12,465.03,3715.15,,,0,,
2023-6-30,2023-6-30,91,24924.81,24924.81,0,3355.93,"扬州,扬州市,江苏省,中国",阵雨,多云,30,24,<3级,西风,<3级,西南风,星期五,,,,0,,,,,0,,,7.16,[7.16],17,1372.36,9825.82,7.51,[7.51],34,1007.21,7562.91,7.51,[7.51],28,549.19,4123.46,,,0,,,7.99,[7.99],12,427.17,3412.62,,,0,,
2023-7-1,2023-7-1,112,32684.28,32684.28,0,4380.12,"扬州,扬州市,江苏省,中国",多云,中雨,33,27,<3级,东风,<3级,东南风,星期六,,,,0,,,,,0,,,7.16,[7.16],18,1900.5,13607.29,7.51,[7.51],27,751.79,5644.79,7.51,[7.51],40,772.36,5799.01,,,0,,,7.99,[7.99],27,955.47,7633.19,,,0,,
2023-7-2,2023-7-2,85,24042.87,24042.87,0,3221.5,"扬州,扬州市,江苏省,中国",中雨,阴,31,27,3~4级,西风,<3级,南风,星期日,,,,0,,,,,0,,,7.16,[7.16],17,1367.13,9788.47,7.51,[7.51],30,780.45,5860.03,7.51,[7.51],21,385.21,2892.15,,,0,,,7.99,[7.99],17,688.71,5502.22,,,0,,
2023-7-3,2023-7-3,105,37559.73,37559.73,0,5121.34,"扬州,扬州市,江苏省,中国",雾,阴,33,28,<3级,西风,<3级,西南风,星期一,,,,0,,,,,0,,,7.16,[7.16],26,3220.47,23058.22,7.51,[7.51],28,752.38,5649.32,7.51,[7.51],38,671.39,5040.75,,,0,,,7.99,[7.99],13,477.1,3811.44,,,0,,
2023-7-4,2023-7-4,108,30712.23,30712.23,0,4132.98,"扬州,扬州市,江苏省,中国",小雨,多云,34,24,3~4级,西风,<3级,西风,星期二,,,,0,,,,,0,,,7.16,[7.16],20,1644.09,11771.34,7.51,[7.51],38,1165.72,8753.32,7.51,[7.51],35,797.63,5988.92,,,0,,,7.99,[7.99],15,525.54,4198.65,,,0,,
2023-7-5,2023-7-5,108,24167.65,24167.65,0,3210.24,"扬州,扬州市,江苏省,中国",晴,多云,35,25,<3级,西南风,<3级,西南风,星期三,,,,0,,,,,0,,,7.16,[7.16],15,885.35,6339.05,7.51,[7.51],27,647.98,4865.35,7.51,[7.51],47,901.42,6767.78,,,0,,,7.99,[7.99],19,775.49,6195.47,,,0,,
2023-7-6,2023-7-6,110,32177.58,32177.58,0,4352.86,"扬州,扬州市,江苏省,中国",暴雨,大雨,33,27,3~4级,东北风,<3级,西南风,星期四,,,,0,,,,,0,,,7.16,[7.16],22,2225.15,15931.61,7.51,[7.51],31,740.39,5559.17,7.51,[7.51],41,824.96,6193.96,,,0,,,7.99,[7.99],16,562.36,4492.84,,,0,,
2023-7-7,2023-7-7,100,31646.34,31646.34,0,4290.49,"扬州,扬州市,江苏省,中国",大雨,中雨,30,26,3~4级,南风,<3级,西南风,星期五,,,,0,,,,,0,,,7.16,[7.16],21,2246.15,16082.03,7.51,[7.51],27,735.35,5521.58,7.51,[7.51],40,862.95,6479.39,,,0,,,7.99,[7.99],12,446.04,3563.34,,,0,,
2023-7-8,2023-7-8,93,22628.73,22628.73,0,3011.67,"扬州,扬州市,江苏省,中国",小雨,阴,33,27,3~4级,西风,<3级,西南风,星期六,,,,0,,,,,0,,,7.16,[7.16],20,1196.08,8563.53,7.51,[7.51],22,593.47,4656.15,7.51,[7.51],38,737.68,5538.83,,,0,,,7.99,[7.99],13,484.44,3870.22,,,0,,
2023-7-9,2023-7-9,93,27555.31,27555.31,0,3714.78,"扬州,扬州市,江苏省,中国",多云,多云,35,27,3~4级,西南风,<3级,南风,星期日,,,,0,,,,,0,,,7.16,[7.16],17,1578.96,11304.95,7.51,[7.51],30,845.97,6351.91,7.51,[7.51],35,844.94,6344.08,,,0,,,7.99,[7.99],11,444.91,3554.37,,,0,,
2023-7-10,2023-7-10,115,28642.59,28642.59,0,3855.78,"扬州,扬州市,江苏省,中国",大雨,多云,31,27,3~4级,西南风,<3级,南风,星期一,,,,0,,,,,0,,,7.16,[7.16],20,1520.82,10888.85,7.51,[7.51],31,775.32,5821.64,7.51,[7.51],51,1097.45,8239.72,,,0,,,7.99,[7.99],13,462.19,3692.38,,,0,,
2023-7-11,2023-7-11,96,28022.54,28022.54,0,3778.22,"扬州,扬州市,江苏省,中国",阴,晴,36,27,3~4级,西南风,<3级,南风,星期二,,,,0,,,,,0,,,7.16,[7.16],21,1943.83,13917.51,7.51,[7.51],24,514.51,3863.16,7.51,[7.51],34,629.92,4729.65,,,0,,,7.99,[7.99],17,689.96,5512.22,,,0,,
2023-7-12,2023-7-12,144,78660.66,78660.66,0,10830.86,"扬州,扬州市,江苏省,中国",多云,阴,36,29,3~4级,西南风,<3级,南风,星期三,,,,0,,,,,0,,,7.16,[7.16],36,8417.72,60270.57,7.51,[7.51],35,853.53,6408.46,7.51,[7.51],54,993.87,7462.07,,,0,,,7.99,[7.99],19,565.74,4519.56,,,0,,
2023-7-13,2023-7-13,97,22119.39,22119.39,0,2892.09,"扬州,扬州市,江苏省,中国",小雨,阴,31,29,3~4级,西风,<3级,西南风,星期四,,,,0,,,,,0,,,7.29,[7.29],12,735.92,5364.74,7.63,[7.63],25,676.31,5159.27,7.63,[7.63],45,855.02,6522.11,,,0,,,8.12,[8.12],15,624.84,5073.27,,,0,,
2023-7-14,2023-7-14,124,39561.77,39561.77,0,5237.19,"扬州,扬州市,江苏省,中国",小雨,小雨,32,27,3~4级,西风,<3级,西风,星期五,,,,0,,,,,0,,,7.29,[7.29],23,2383.51,17375.7,7.63,[7.63],41,1037.93,7917.89,7.63,[7.63],40,966.41,7372.19,,,0,,,8.12,[8.12],20,849.34,6895.99,,,0,,
2023-7-15,2023-7-15,100,25644.29,25644.29,0,3403.07,"扬州,扬州市,江苏省,中国",阴,小雨,31,25,<3级,西风,<3级,南风,星期六,,,,0,,,,,0,,,7.29,[7.29],16,1569.46,11440.9,7.63,[7.63],31,766.73,5848.87,7.63,[7.63],38,625.55,4771.43,,,0,,,8.12,[8.12],15,441.33,3583.09,,,0,,
2023-7-16,2023-7-16,75,22958.94,22958.94,0,3045.83,"扬州,扬州市,江苏省,中国",阴,暴雨,27,24,<3级,西风,<3级,东北风,星期日,,,,0,,,,,0,,,7.29,[7.29],10,1295.27,9442.37,7.63,[7.63],29,820.4,6258.3,7.63,[7.63],26,598.95,4569.22,,,0,,,8.12,[8.12],10,331.21,2689.05,,,0,,
2023-7-17,2023-7-17,112,25238.82,25238.82,0,3321.79,"扬州,扬州市,江苏省,中国",中雨,小雨,28,23,<3级,东北风,<3级,东风,星期一,,,,0,,,,,0,,,7.29,[7.29],15,1200,8747.77,7.63,[7.63],16,391.07,2983.45,7.63,[7.63],64,1107.77,8449.83,,,0,,,8.12,[8.12],17,622.95,5057.77,,,0,,
2023-7-18,2023-7-18,128,43107.69,43107.69,0,5733.14,"扬州,扬州市,江苏省,中国",多云,多云,33,24,<3级,东北风,<3级,东风,星期二,,,,0,,,,,0,,,7.29,[7.29],29,3116.22,22716.73,7.63,[7.63],5,149.52,1140.68,7.63,[7.63],73,1594.94,12166.62,,,0,,,8.12,[8.12],21,872.46,7083.66,,,0,,
2023-7-19,2023-7-19,103,34855.15,34855.15,0,4648.4,"扬州,扬州市,江苏省,中国",小雨,暴雨,30,25,3~4级,东南风,<3级,东风,星期三,,,,0,,,,,0,,,7.29,[7.29],30,2699.86,19681.51,7.63,[7.63],23,653.24,4983.17,7.63,[7.63],32,663.97,5064.83,,,0,,,8.12,[8.12],18,631.33,5125.64,,,0,,
2023-7-20,2023-7-20,102,33064.59,33064.59,0,4398.76,"扬州,扬州市,江苏省,中国",小雨,阴,29,25,<3级,东北风,<3级,南风,星期四,,,,0,,,,,0,,,7.29,[7.29],20,2472.32,18022.89,7.63,[7.63],23,468.32,3572.32,7.63,[7.63],38,751.14,5729.66,,,0,,,8.12,[8.12],21,706.98,5739.72,,,0,,
2023-7-21,2023-7-21,111,27263.74,27263.74,0,3580.94,"扬州,扬州市,江苏省,中国",大雨,小雨,31,26,<3级,西南风,<3级,南风,星期五,,,,0,,,,,0,,,7.29,[7.29],15,1058.08,7713.07,7.63,[7.63],41,1069.96,8162.39,7.63,[7.63],40,830.88,6338.1,,,0,,,8.12,[8.12],15,622.02,5050.18,,,0,,
2023-7-22,2023-7-22,105,26856.3,26856.3,0,3527.19,"扬州,扬州市,江苏省,中国",大雨,阴,31,26,<3级,西风,<3级,西南风,星期六,,,,0,,,,,0,,,7.29,[7.29],18,1346.71,9817.3,7.63,[7.63],29,628.49,4794.13,7.63,[7.63],36,724.92,5529.92,,,0,,,8.12,[8.12],22,827.07,6714.95,,,0,,
2023-7-23,2023-7-23,96,24738.55,24738.55,0,3268.9,"扬州,扬州市,江苏省,中国",雾,晴,33,26,<3级,西风,<3级,西南风,星期日,,,,0,,,,,0,,,7.29,[7.29],15,1330.42,9698.61,7.63,[7.63],29,741.23,5654.22,7.63,[7.63],37,681.69,5200.07,,,0,,,8.12,[8.12],15,515.56,4185.65,,,0,,
2023-7-24,2023-7-24,107,26666.84,26666.84,0,3534.18,"扬州,扬州市,江苏省,中国",晴,阴,34,27,<3级,南风,<3级,东南风,星期一,,,,0,,,,,0,,,7.29,[7.29],22,1428.55,10413.86,7.63,[7.63],33,875.39,6678.12,7.63,[7.63],40,842.69,6428.33,,,0,,,8.12,[8.12],12,387.55,3146.53,,,0,,
2023-7-25,2023-7-25,124,32824.47,32824.47,0,4349.65,"扬州,扬州市,江苏省,中国",中雨,阴,34,26,<3级,东南风,<3级,东南风,星期二,,,,0,,,,,0,,,7.29,[7.29],24,2054.95,14980.19,7.63,[7.63],28,600.21,4578.53,7.63,[7.63],55,1001.58,7639.89,,,0,,,8.12,[8.12],17,692.91,5625.86,,,0,,
2023-7-26,2023-7-26,119,33472.6,33472.6,0,4444.75,"扬州,扬州市,江苏省,中国",阴,小雨,33,26,3~4级,东风,<3级,东南风,星期三,,,,0,,,,,0,,,7.29,[7.29],22,1989.84,14505.68,7.63,[7.63],38,1254.65,9571.65,7.63,[7.63],44,711.91,5430.41,,,0,,,8.12,[8.12],15,488.35,3964.86,,,0,,
2023-7-27,2023-7-27,86,36381.32,36381.32,0,4730.38,"扬州,扬州市,江苏省,中国",小雨,小雨,33,26,3~4级,东南风,4~5级,东风,星期四,,,,0,,,,,0,,,7.51,[7.51],19,2958.62,22218.91,7.85,[7.85],23,618.31,4853.14,7.85,[7.85],32,641.39,5034.01,,,0,,,8.35,[8.35],12,512.06,4275.26,,,0,,
2023-7-28,2023-7-28,93,28512.59,28512.59,0,3663.11,"扬州,扬州市,江苏省,中国",小雨,小雨,32,27,3~4级,东南风,3~4级,东南风,星期五,,,,0,,,,,0,,,7.51,[7.51],21,1622.51,12184.53,7.85,[7.85],23,636.05,4992.53,7.85,[7.85],34,781.83,6136.47,,,0,,,8.35,[8.35],15,622.72,5199.06,,,0,,
2023-7-29,2023-7-29,87,20228.75,20228.75,0,2579.2,"扬州,扬州市,江苏省,中国",小雨,小雨,31,27,3~4级,东南风,<3级,东南风,星期六,,,,0,,,,,0,,,7.51,[7.51],13,787.85,5916.52,7.85,[7.85],22,536.42,4210.52,7.85,[7.85],38,751.1,5895.24,,,0,,,8.35,[8.35],14,503.83,4206.47,,,0,,
2023-7-30,2023-7-30,75,19942.79,19942.79,0,2562.98,"扬州,扬州市,江苏省,中国",中雨,阴,32,27,3~4级,南风,<3级,东南风,星期日,,,,0,,,,,0,,,7.51,[7.51],11,1011.18,7593.81,7.85,[7.85],24,668.36,5246.07,7.85,[7.85],29,545.45,4281.07,,,0,,,8.35,[8.35],11,337.99,2821.84,,,0,,
2023-7-31,2023-7-31,124,34517.06,34517.06,0,4437.95,"扬州,扬州市,江苏省,中国",多云,多云,34,25,3~4级,东南风,<3级,东风,星期一,,,,0,,,,,0,,,7.51,[7.51],25,2059.45,15465.81,7.85,[7.85],32,818.9,6427.51,7.85,[7.85],47,793.8,6230,,,0,,,8.35,[8.35],20,765.8,6393.74,,,0,,
2023-8-1,2023-8-1,102,27281.23,27281.23,0,3502.3,"扬州,扬州市,江苏省,中国",晴,晴,32,26,3~4级,东南风,<3级,东风,星期二,,,,0,,,,,0,,,7.51,[7.51],17,1334.02,10018.22,7.85,[7.85],30,845.55,6636.91,7.85,[7.85],40,834.33,6548.43,,,0,,,8.35,[8.35],15,488.4,4077.67,,,0,,
2023-8-2,2023-8-2,117,33395.31,33395.31,0,4324.49,"扬州,扬州市,江苏省,中国",雾,晴,34,26,3~4级,东风,<3级,东风,星期三,,,,0,,,,,0,,,7.51,[7.51],21,2110.1,15846.46,7.85,[7.85],38,899.02,7056.26,7.85,[7.85],47,978.22,7677.87,,,0,,,8.35,[8.35],11,337.15,2814.72,,,0,,
2023-8-3,2023-8-3,108,31852.53,31852.53,0,4114.89,"扬州,扬州市,江苏省,中国",阴,晴,34,26,<3级,东南风,<3级,东风,星期四,,,,0,,,,,0,,,7.51,[7.51],26,2192.6,16465.95,7.85,[7.85],27,674.75,5296.22,7.85,[7.85],38,650.16,5102.85,,,0,,,8.35,[8.35],17,597.38,4987.51,,,0,,
2023-8-4,2023-8-4,130,39319.65,39319.65,0,5063.61,"扬州,扬州市,江苏省,中国",阴,晴,34,26,<3级,东北风,<3级,东风,星期五,,,,0,,,,,0,,,7.51,[7.51],22,2229.24,16741.14,7.85,[7.85],34,857.07,6727.1,7.85,[7.85],56,1314.06,10313.88,,,0,,,8.35,[8.35],18,663.24,5537.53,,,0,,
2023-8-5,2023-8-5,79,19732.27,19732.27,0,2544.42,"扬州,扬州市,江苏省,中国",晴,晴,35,28,<3级,东风,<3级,东南风,星期六,,,,0,,,,,0,,,7.51,[7.51],10,1056.29,7932.65,7.85,[7.85],28,695.32,5457.7,7.85,[7.85],32,553.91,4347.51,,,0,,,8.35,[8.35],9,238.9,1994.41,,,0,,
2023-8-6,2023-8-6,110,32340.25,32340.25,0,4142.29,"扬州,扬州市,江苏省,中国",小雨,小雨,36,27,3~4级,北风,<3级,东北风,星期日,,,,0,,,,,0,,,7.51,[7.51],20,1711.27,12851.19,7.85,[7.85],30,846.02,6640.53,7.85,[7.85],36,768.66,6033.05,,,0,,,8.35,[8.35],24,816.34,6815.48,,,0,,
2023-8-7,2023-8-7,112,42910.52,42910.52,0,5549.25,"扬州,扬州市,江苏省,中国",小雨,晴,31,26,3~4级,东北风,<3级,东北风,星期一,,,,0,,,,,0,,,7.51,[7.51],30,3337.08,25060.9,7.85,[7.85],20,638.57,5012.34,7.85,[7.85],39,601.22,4718.64,,,0,,,8.35,[8.35],23,972.38,8118.64,,,0,,
2023-8-8,2023-8-8,126,36080.92,36080.92,0,4669.3,"扬州,扬州市,江苏省,中国",多云,多云,30,24,<3级,北风,<3级,北风,星期二,,,,0,,,,,0,,,7.51,[7.51],28,2540.77,19080.75,7.85,[7.85],40,897.21,7042.19,7.85,[7.85],43,644.2,5056.04,,,0,,,8.35,[8.35],15,587.12,4901.94,,,0,,
2023-8-9,2023-8-9,152,52686.54,52686.54,0,6807.57,"扬州,扬州市,江苏省,中国",雾,多云,32,26,<3级,北风,<3级,北风,星期三,,,,0,,,,,0,,,7.51,[7.51],26,3570.33,26812.59,7.85,[7.85],41,1061.4,8330.98,7.85,[7.85],58,1245.93,9779.15,,,0,,,8.35,[8.35],27,929.91,7763.82,,,0,,
2023-8-10,2023-8-10,95,26208.84,26208.84,0,3301.89,"扬州,扬州市,江苏省,中国",晴,多云,32,25,<3级,北风,<3级,西北风,星期四,,,,0,,,,,0,,,7.71,[7.71],21,1661.49,12809.41,8.05,[8.05],27,606.53,4881.54,8.05,[8.05],33,647.72,5212.86,,,0,,,8.56,[8.56],14,386.15,3305.03,,,0,,
2023-8-11,2023-8-11,124,26550.71,26550.71,0,3296.61,"扬州,扬州市,江苏省,中国",阴,多云,35,26,<3级,南风,<3级,东南风,星期五,,,,0,,,,,0,,,7.71,[7.71],15,851.19,6562.13,8.05,[8.05],38,821.06,6607.9,8.05,[8.05],53,1022.38,8228.29,,,0,,,8.56,[8.56],18,601.98,5152.39,,,0,,
2023-8-12,2023-8-12,103,31058.35,31058.35,0,3919.7,"扬州,扬州市,江苏省,中国",晴,晴,37,26,<3级,西风,<3级,南风,星期六,,,,0,,,,,0,,,7.71,[7.71],19,2071.85,15973.65,8.05,[8.05],32,850.45,6844.92,8.05,[8.05],39,580.66,4672.9,,,0,,,8.56,[8.56],13,416.74,3566.88,,,0,,
2023-8-13,2023-8-13,86,24666.57,24666.57,0,3083.17,"扬州,扬州市,江苏省,中国",多云,多云,35,28,3~4级,东南风,<3级,东北风,星期日,,,,0,,,,,0,,,7.71,[7.71],11,1110.29,8560.11,8.05,[8.05],26,772.4,6216.78,8.05,[8.05],37,754.51,6072.54,,,0,,,8.56,[8.56],12,445.97,3817.14,,,0,,
2023-8-14,2023-8-14,148,43688.99,43688.99,0,5476.42,"扬州,扬州市,江苏省,中国",小雨,晴,33,25,<3级,北风,<3级,东风,星期一,,,,0,,,,,0,,,7.71,[7.71],42,2759.51,21275.48,8.05,[8.05],36,877.15,7059.81,8.05,[8.05],42,770.41,6200.51,,,0,,,8.56,[8.56],28,1069.35,9153.19,,,0,,
2023-8-15,2023-8-15,114,33614.76,33614.76,0,4261.71,"扬州,扬州市,江苏省,中国",晴,晴,34,26,<3级,东北风,<3级,西南风,星期二,,,,0,,,,,0,,,7.71,[7.71],33,2519.38,19423.38,8.05,[8.05],23,499.51,4020.14,8.05,[8.05],46,912.7,7345.73,,,0,,,8.56,[8.56],12,330.12,2825.51,,,0,,
2023-8-16,2023-8-16,92,24331.11,24331.11,0,3028.21,"扬州,扬州市,江苏省,中国",小雨,晴,34,25,<3级,南风,<3级,东北风,星期三,,,,0,,,,,0,,,7.71,[7.71],13,1049.66,8092.43,8.05,[8.05],26,617.85,4972.71,8.05,[8.05],37,744.27,5989.88,,,0,,,8.56,[8.56],16,616.43,5276.09,,,0,,
2023-8-17,2023-8-17,120,38536.58,38536.58,0,4860.8,"扬州,扬州市,江苏省,中国",阴,晴,33,25,3~4级,南风,<3级,东南风,星期四,,,,0,,,,,0,,,7.71,[7.71],27,2444.74,18848.52,8.05,[8.05],36,945.22,7607.75,8.05,[8.05],43,995.89,8015.25,,,0,,,8.56,[8.56],14,474.95,4065.06,,,0,,
2023-8-18,2023-8-18,128,33670.36,33670.36,0,4228.9,"扬州,扬州市,江苏省,中国",多云,晴,33,24,3~4级,南风,<3级,东风,星期五,,,,0,,,,,0,,,7.71,[7.71],18,1778.79,13713.84,8.05,[8.05],40,995.36,8011.14,8.05,[8.05],58,989.27,7961.18,,,0,,,8.56,[8.56],12,465.48,3984.2,,,0,,
2023-8-19,2023-8-19,110,33953.01,33953.01,0,4270.99,"扬州,扬州市,江苏省,中国",小雨,晴,31,26,3~4级,东南风,<3级,东南风,星期六,,,,0,,,,,0,,,7.71,[7.71],17,2196.91,16937.66,8.05,[8.05],29,558.18,4492,8.05,[8.05],46,883.24,7108.33,,,0,,,8.56,[8.56],18,632.66,5415.02,,,0,,
2023-8-20,2023-8-20,107,27424.65,27424.65,0,3405.84,"扬州,扬州市,江苏省,中国",阴,多云,35,27,3~4级,东南风,<3级,东南风,星期日,,,,0,,,,,0,,,7.71,[7.71],17,1313.8,10128.96,8.05,[8.05],21,511.14,4113.62,8.05,[8.05],43,681.91,5487.5,,,0,,,8.56,[8.56],26,898.99,7694.57,,,0,,
2023-8-21,2023-8-21,105,26811.3,26811.3,0,3325.59,"扬州,扬州市,江苏省,中国",中雨,中雨,33,26,3~4级,西风,<3级,西南风,星期一,,,,0,,,,,0,,,7.71,[7.71],11,904.24,6971.56,8.05,[8.05],40,986.88,7942.98,8.05,[8.05],37,746.22,6005.79,,,0,,,8.56,[8.56],17,688.25,5890.97,,,0,,
2023-8-22,2023-8-22,99,28181.34,28181.34,0,3530.62,"扬州,扬州市,江苏省,中国",中雨,多云,28,24,<3级,北风,<3级,北风,星期二,,,,0,,,,,0,,,7.71,[7.71],16,1414.22,10903.32,8.05,[8.05],32,880.82,7089.34,8.05,[8.05],37,757.09,6093.25,,,0,,,8.56,[8.56],14,478.49,4095.43,,,0,,
2023-8-23,2023-8-23,114,26684.28,26684.28,0,3328.37,"扬州,扬州市,江苏省,中国",阴,晴,32,22,<3级,东北风,<3级,东风,星期三,,,,0,,,,,0,,,7.71,[7.71],17,1074.74,8285.61,8.05,[8.05],38,924.25,7438.77,8.05,[8.05],45,818.52,6587.38,,,0,,,8.56,[8.56],14,510.86,4372.52,,,0,,
2023-8-24,2023-8-24,111,38846.86,38846.86,0,4886.36,"扬州,扬州市,江苏省,中国",晴,多云,32,22,<3级,北风,<3级,西北风,星期四,,,,0,,,,,0,,,7.75,[7.75],29,2896.95,22450.93,8.09,[8.09],24,465.66,3766.07,8.09,[8.09],42,925.44,7484.84,,,0,,,8.6,[8.60],16,598.31,5145.02,,,0,,
2023-8-25,2023-8-25,109,28692.8,28692.8,0,3580.17,"扬州,扬州市,江苏省,中国",阴,阴,33,26,<3级,东风,<3级,东风,星期五,,,,0,,,,,0,,,7.75,[7.75],17,1561.13,12098.46,8.09,[8.09],35,819.89,6631.02,8.09,[8.09],43,679.63,5495.94,,,0,,,8.6,[8.60],14,519.52,4467.38,,,0,,
2023-8-26,2023-8-26,103,28944.49,28944.49,0,3578.67,"扬州,扬州市,江苏省,中国",阴,小雨,32,25,<3级,东南风,<3级,东风,星期六,,,,0,,,,,0,,,7.75,[7.75],10,977.28,7573.87,8.09,[8.09],35,948.27,7670.03,8.09,[8.09],41,1007.46,8148.56,,,0,,,8.6,[8.60],17,645.66,5552.03,,,0,,
2023-8-27,2023-8-27,93,26185.87,26185.87,0,3285.78,"扬州,扬州市,江苏省,中国",小雨,大雨,30,25,3~4级,东南风,<3级,西风,星期日,,,,0,,,,,0,,,7.75,[7.75],17,1544.07,11966.4,8.09,[8.09],29,778.77,6298.96,8.09,[8.09],39,702.62,5682.05,,,0,,,8.6,[8.60],8,260.32,2238.46,,,0,,
2023-8-28,2023-8-28,74,18479.99,18479.99,0,2280.25,"扬州,扬州市,江苏省,中国",小雨,阴,25,22,<3级,西风,<3级,北风,星期一,,,,0,,,,,0,,,7.75,[7.75],9,624.44,4839.23,8.09,[8.09],29,684.17,5533.42,8.09,[8.09],23,485.18,3924.14,,,0,,,8.6,[8.60],13,486.46,4183.2,,,0,,
2023-8-29,2023-8-29,111,27410.2,27410.2,0,3424.66,"扬州,扬州市,江苏省,中国",阴,阴,28,23,3~4级,北风,<3级,北风,星期二,,,,0,,,,,0,,,7.75,[7.75],25,1770.72,13722.67,8.09,[8.09],30,542.72,4389.29,8.09,[8.09],39,614.16,5023.92,,,0,,,8.6,[8.60],17,497.06,4274.32,,,0,,
2023-8-30,2023-8-30,100,26368.98,26368.98,0,3274.48,"扬州,扬州市,江苏省,中国",阴,阴,27,21,<3级,东北风,<3级,北风,星期三,,,,0,,,,,0,,,7.75,[7.75],16,1065.98,8261.24,8.09,[8.09],37,957.22,7742.12,8.09,[8.09],33,771.04,6235.98,,,0,,,8.6,[8.60],14,480.24,4129.64,,,0,,
2023-8-31,2023-8-31,112,33235.33,33235.33,0,4149.74,,,,0,0,,,,,,,,,0,,,,,0,,,7.75,[7.75],22,1807.21,14005.38,8.09,[8.09],30,838.45,6781.39,8.09,[8.09],45,949,7675.41,,,0,,,8.6,[8.60],15,555.08,4773.15,,,0,,
2023-9-1,2023-9-1,110,25771.54,25771.54,0,3176.93,"扬州,扬州市,江苏省,中国",阴,多云,30,19,3~4级,东北风,<3级,东北风,星期五,,,,0,,,,,0,,,7.75,[7.75],17,1003.18,7774.45,8.09,[8.09],31,661.39,5349.16,8.09,[8.09],41,698.26,5647.15,,,0,,,8.6,[8.60],21,814.1,7000.78,,,0,,
2023-9-2,2023-9-2,99,28874.48,28874.48,0,3611.36,"扬州,扬州市,江苏省,中国",多云,阴,31,21,<3级,东北风,<3级,东北风,星期六,,,,0,,,,,0,,,7.75,[7.75],18,1885.99,14615.99,8.09,[8.09],23,567.87,4592.91,8.09,[8.09],41,561.83,4543.23,,,0,,,8.6,[8.60],17,595.67,5122.35,,,0,,
2023-9-3,2023-9-3,101,29411.99,29411.99,0,3679.7,"扬州,扬州市,江苏省,中国",阴,多云,29,23,<3级,东北风,<3级,东北风,星期日,,,,0,,,,,0,,,7.75,[7.75],22,1793.98,13903.12,8.09,[8.09],29,699.95,5661.05,8.09,[8.09],38,681.29,5509.75,,,0,,,8.6,[8.60],12,504.48,4338.07,,,0,,
2023-9-4,2023-9-4,106,28805.52,28805.52,0,3584.02,"扬州,扬州市,江苏省,中国",小雨,多云,30,25,<3级,东北风,<3级,东北风,星期一,,,,0,,,,,0,,,7.75,[7.75],16,1433.96,11112.86,8.09,[8.09],38,840.84,6800.8,8.09,[8.09],39,716.48,5794.55,,,0,,,8.6,[8.60],13,592.74,5097.31,,,0,,
2023-9-5,2023-9-5,106,35243.94,35243.94,0,4435.5,"扬州,扬州市,江苏省,中国",阴,多云,31,24,<3级,东北风,<3级,东北风,星期二,,,,0,,,,,0,,,7.75,[7.75],27,2480.39,19222.5,8.09,[8.09],29,725.49,5867.91,8.09,[8.09],39,821.18,6641.42,,,0,,,8.6,[8.60],11,408.44,3512.11,,,0,,
2023-9-6,2023-9-6,133,53897.74,53897.74,0,6775.01,"扬州,扬州市,江苏省,中国",阴,晴,31,23,<3级,东北风,<3级,东北风,星期三,,,,0,,,,,0,,,7.75,[7.75],42,4070.07,31542.68,8.09,[8.09],33,862.25,6974.06,8.09,[8.09],38,909.7,7357.92,,,0,,,8.6,[8.60],20,932.99,8023.08,,,0,,
2023-9-7,2023-9-7,130,46391.63,46391.63,0,5817.15,"扬州,扬州市,江苏省,中国",晴,晴,32,21,<3级,东北风,<3级,东风,星期四,,,,0,,,,,0,,,7.75,[7.75],26,2967.64,22998.76,8.09,[8.09],39,1036.54,8384.05,8.09,[8.09],48,1138.78,9211.16,,,0,,,8.6,[8.60],17,674.19,5797.66,,,0,,
2023-9-8,2023-9-8,114,43292,43292,0,5452.92,"扬州,扬州市,江苏省,中国",多云,多云,31,23,<3级,东北风,<3级,东风,星期五,,,,0,,,,,0,,,7.75,[7.75],31,3545.01,27473.28,8.09,[8.09],27,555.39,4491.63,8.09,[8.09],36,592.86,4794.53,,,0,,,8.6,[8.60],20,759.66,6532.56,,,0,,
2023-9-9,2023-9-9,102,34118.94,34118.94,0,4291.22,"扬州,扬州市,江苏省,中国",多云,晴,38,22,<3级,东南风,<3级,东南风,星期六,,,,0,,,,,0,,,7.75,[7.75],23,2449.95,18986.75,8.09,[8.09],23,507.14,4101.66,8.09,[8.09],43,864.08,6988.55,,,0,,,8.6,[8.60],13,470.05,4041.98,,,0,,
2023-9-10,2023-9-10,109,35845.02,35845.02,0,4492.14,"扬州,扬州市,江苏省,中国",晴,阴,32,24,<3级,南风,<3级,东南风,星期日,,,,0,,,,,0,,,7.75,[7.75],19,2284.37,17703.6,8.09,[8.09],24,595.65,4817.49,8.09,[8.09],48,1054.12,8525.65,,,0,,,8.6,[8.60],18,558,4798.28,,,0,,
2023-9-11,2023-9-11,108,33122.12,33122.12,0,4133.9,"扬州,扬州市,江苏省,中国",阴,小雨,32,24,<3级,东北风,<3级,东北风,星期一,,,,0,,,,,0,,,7.75,[7.75],19,1806.87,14002.96,8.09,[8.09],33,916.28,7410.96,8.09,[8.09],41,827.75,6694.73,,,0,,,8.6,[8.60],15,583,5013.47,,,0,,
2023-9-12,2023-9-12,101,37447.95,37447.95,0,4709.07,"扬州,扬州市,江苏省,中国",小雨,暴雨,29,23,<3级,东北风,<3级,东北风,星期二,,,,0,,,,,0,,,7.75,[7.75],21,2656.29,20585.84,8.09,[8.09],26,683.83,5530.8,8.09,[8.09],38,861.73,6969.71,,,0,,,8.6,[8.60],16,507.22,4361.6,,,0,,
2023-9-13,2023-9-13,94,33181.96,33181.96,0,4139.44,"扬州,扬州市,江苏省,中国",中雨,小雨,22,21,<3级,东北风,<3级,北风,星期三,,,,0,,,,,0,,,7.75,[7.75],20,2057.51,15945.33,8.09,[8.09],25,618.62,5003.41,8.09,[8.09],29,684.82,5538.8,,,0,,,8.6,[8.60],20,778.49,6694.42,,,0,,
2023-9-14,2023-9-14,87,24751.38,24751.38,0,3088.68,"扬州,扬州市,江苏省,中国",阴,多云,26,21,<3级,东北风,<3级,东北风,星期四,,,,0,,,,,0,,,7.75,[7.75],17,1353.35,10488.2,8.09,[8.09],22,547.04,4424.62,8.09,[8.09],35,742.69,6006.86,,,0,,,8.6,[8.60],13,445.6,3831.7,,,0,,
2023-9-15,2023-9-15,99,27086.14,27086.14,0,3362,"扬州,扬州市,江苏省,中国",小雨,阴,26,22,<3级,东风,<3级,东北风,星期五,,,,0,,,,,0,,,7.75,[7.75],17,1109.11,8595.53,8.09,[8.09],34,844.11,6826.92,8.09,[8.09],36,881.5,7129.45,,,0,,,8.6,[8.60],12,527.28,4534.24,,,0,,
2023-9-16,2023-9-16,113,38291.41,38291.41,0,4822.73,"扬州,扬州市,江苏省,中国",小雨,多云,28,21,<3级,东北风,<3级,北风,星期六,,,,0,,,,,0,,,7.75,[7.75],24,2830.9,21939.03,8.09,[8.09],23,564.92,4568.88,8.09,[8.09],53,950.72,7688.69,,,0,,,8.6,[8.60],13,476.19,4094.81,,,0,,
2023-9-17,2023-9-17,76,18880.98,18880.98,0,2334.26,"扬州,扬州市,江苏省,中国",晴,晴,30,22,<3级,南风,<3级,东南风,星期日,,,,0,,,,,0,,,7.75,[7.75],10,791.4,6133.22,8.09,[8.09],19,444.72,3596.73,8.09,[8.09],32,570.29,4612.09,,,0,,,8.6,[8.60],15,527.85,4538.94,,,0,,
2023-9-18,2023-9-18,116,31089.74,31089.74,0,3858.63,"扬州,扬州市,江苏省,中国",多云,阴,33,25,<3级,南风,<3级,东南风,星期一,,,,0,,,,,0,,,7.75,[7.75],19,1412.72,10948.1,8.09,[8.09],34,936.95,7578.03,8.09,[8.09],46,805.8,6516.83,,,0,,,8.6,[8.60],17,703.16,6046.78,,,0,,
2023-9-19,2023-9-19,154,45772.49,45772.49,0,5710.3,"扬州,扬州市,江苏省,中国",小雨,中雨,31,24,<3级,南风,<3级,西风,星期二,,,,0,,,,,0,,,7.75,[7.75],35,2658.21,20600.47,8.09,[8.09],35,870.43,7040.26,8.09,[8.09],58,1229.37,9942.97,,,0,,,8.6,[8.60],26,952.29,8188.79,,,0,,
2023-9-20,2023-9-20,186,100085.75,100085.75,0,12632.9,"扬州,扬州市,江苏省,中国",小雨,阴,27,21,3~4级,东北风,<3级,北风,星期三,,,,0,,,,,0,,,7.75,[7.75],45,8558.36,66326.71,8.09,[8.09],44,1182.84,9567.21,8.09,[8.09],55,1320.13,10677.5,,,0,,,8.6,[8.60],42,1571.57,13514.33,,,0,,
2023-9-21,2023-9-21,98,26160.24,26160.24,0,3129,"扬州,扬州市,江苏省,中国",小雨,阴,22,19,<3级,东北风,<3级,北风,星期四,,,,0,,,,,0,,,8.07,[8.07],17,1217.31,9823.23,8.4,[8.40],30,776.37,6520.8,8.4,[8.40],37,604.34,5075.13,,,0,,,8.93,[8.93],14,530.98,4741.08,,,0,,
2023-9-22,2023-9-22,76,22568.03,22568.03,0,2697.75,"扬州,扬州市,江苏省,中国",小雨,阴,24,19,<3级,东风,<3级,东北风,星期五,,,,0,,,,,0,,,8.07,[8.07],15,1207.11,9741.16,8.4,[8.40],19,516.56,4338.52,8.4,[8.40],27,393.86,3307.43,,,0,,,8.93,[8.93],15,580.22,5180.92,,,0,,
2023-9-23,2023-9-23,61,16203.91,16203.91,0,1931.51,"扬州,扬州市,江苏省,中国",小雨,小雨,23,19,<3级,东风,<3级,东北风,星期六,,,,0,,,,,0,,,8.07,[8.07],6,681.81,5502.16,8.4,[8.40],12,261.18,2193.64,8.4,[8.40],33,599.76,5036.82,,,0,,,8.93,[8.93],10,388.76,3471.29,,,0,,
2023-9-24,2023-9-24,72,20689.32,20689.32,0,2472.12,"扬州,扬州市,江苏省,中国",小雨,阴,24,20,<3级,东风,<3级,西北风,星期日,,,,0,,,,,0,,,8.07,[8.07],10,1020.94,8238.88,8.4,[8.40],14,252.01,2116.44,8.4,[8.40],36,703.87,5911.36,,,0,,,8.93,[8.93],12,495.3,4422.64,,,0,,
2023-9-25,2023-9-25,97,32397.87,32397.87,0,3902.24,"扬州,扬州市,江苏省,中国",阴,晴,25,20,<3级,西北风,<3级,北风,星期一,,,,0,,,,,0,,,8.07,[8.07],30,2194.83,17711.74,8.4,[8.40],23,373.16,3133.68,8.4,[8.40],28,681.11,5720.35,,,0,,,8.93,[8.93],16,653.14,5832.1,,,0,,
2023-9-26,2023-9-26,118,39344.13,39344.13,0,4767.05,"扬州,扬州市,江苏省,中国",多云,多云,28,21,<3级,东北风,<3级,北风,星期二,,,,0,,,,,0,,,8.07,[8.07],30,2682.79,21649.55,8.4,[8.40],25,638.87,5365.76,8.4,[8.40],53,1087.3,9131.41,,,0,,,8.93,[8.93],10,358.09,3197.41,,,0,,
2023-9-27,2023-9-27,124,43910.58,43910.58,0,5288.5,"扬州,扬州市,江苏省,中国",多云,多云,27,21,<3级,西北风,<3级,北风,星期三,,,,0,,,,,0,,,8.07,[8.07],32,2813.86,22707.41,8.4,[8.40],29,901.57,7572.43,8.4,[8.40],43,782.22,6569.02,,,0,,,8.93,[8.93],20,790.85,7061.72,,,0,,
2023-9-28,2023-9-28,159,44907.03,44907.03,0,5364.76,"扬州,扬州市,江苏省,中国",阴,多云,27,21,<3级,东北风,<3级,东风,星期四,,,,0,,,,,0,,,8.07,[8.07],25,2079.82,16783.78,8.4,[8.40],50,1251.33,10509.71,8.4,[8.40],55,1027.1,8626.05,,,0,,,8.93,[8.93],29,1006.51,8987.49,,,0,,
2023-9-29,2023-9-29,99,21708.26,21708.26,0,2588.22,"扬州,扬州市,江苏省,中国",阴,小雨,28,20,<3级,东南风,<3级,北风,星期五,,,,0,,,,,0,,,8.07,[8.07],13,819.79,6615.59,8.4,[8.40],28,597.48,5018.07,8.4,[8.40],45,716.44,6016.15,,,0,,,8.93,[8.93],13,454.51,4058.45,,,0,,
2023-9-30,2023-9-30,87,21414.79,21414.79,0,2563.24,"扬州,扬州市,江苏省,中国",阴,多云,24,17,<3级,北风,<3级,东北风,星期六,,,,0,,,,,0,,,8.07,[8.07],7,905.7,7308.9,8.4,[8.40],26,596.65,5011.05,8.4,[8.40],43,711.62,5976.15,,,0,,,8.93,[8.93],11,349.27,3118.69,,,0,,
2023-10-1,2023-10-1,96,20969.71,20969.71,0,2464.48,"扬州,扬州市,江苏省,中国",多云,阴,27,18,<3级,东北风,<3级,东北风,星期日,,,,0,,,,,0,,,8.07,[8.07],2,207.53,1674.75,8.4,[8.40],33,832.57,6992.57,8.4,[8.40],42,783.31,6578.39,,,0,,,8.93,[8.93],19,641.07,5724,,,0,,
2023-10-2,2023-10-2,90,19978.53,19978.53,0,2350.35,"扬州,扬州市,江苏省,中国",阴,阴,24,19,<3级,东南风,<3级,东风,星期一,,,,0,,,,,0,,,8.07,[8.07],5,231.43,1867.62,8.4,[8.40],26,743.53,6245.01,8.4,[8.40],42,781.2,6560.39,,,0,,,8.93,[8.93],17,594.19,5305.51,,,0,,
2023-10-3,2023-10-3,100,29331.44,29331.44,0,3499.01,"扬州,扬州市,江苏省,中国",小雨,多云,20,16,<3级,东风,<3级,东北风,星期二,,,,0,,,,,0,,,8.07,[8.07],12,1259.26,10162.04,8.4,[8.40],32,895.28,7519.56,8.4,[8.40],37,668.59,5614.87,,,0,,,8.93,[8.93],19,675.88,6034.97,,,0,,
2023-10-4,2023-10-4,92,22034.34,22034.34,0,2630.32,"扬州,扬州市,江苏省,中国",阴,多云,26,18,3~4级,东北风,<3级,东北风,星期三,,,,0,,,,,0,,,8.07,[8.07],13,943.32,7612.41,8.4,[8.40],20,457.75,3844.47,8.4,[8.40],43,750.23,6300.28,,,0,,,8.93,[8.93],16,479.02,4277.18,,,0,,
2023-10-5,2023-10-5,112,35464.39,35464.39,0,4257.17,"扬州,扬州市,江苏省,中国",多云,多云,25,15,3~4级,东风,<3级,东北风,星期四,,,,0,,,,,0,,,8.07,[8.07],18,1903.96,15364.65,8.4,[8.40],32,786.66,6607.25,8.4,[8.40],46,932.74,7833.04,,,0,,,8.93,[8.93],16,633.81,5659.45,,,0,,
2023-10-6,2023-10-6,123,31706.74,31706.74,0,3793.18,"扬州,扬州市,江苏省,中国",阴,小雨,21,17,<3级,东北风,<3级,东北风,星期五,,,,0,,,,,0,,,8.07,[8.07],25,1481.87,11958.23,8.4,[8.40],38,916.23,7695.29,8.4,[8.40],43,759.85,6381.21,,,0,,,8.93,[8.93],17,635.23,5672.01,,,0,,
2023-10-7,2023-10-7,81,24074.28,24074.28,0,2890.79,"扬州,扬州市,江苏省,中国",中雨,小雨,16,13,<3级,东北风,<3级,北风,星期六,,,,0,,,,,0,,,8.07,[8.07],18,1206.83,9738.59,8.4,[8.40],27,642.86,5399.27,8.4,[8.40],28,678.46,5698.29,,,0,,,8.93,[8.93],8,362.64,3238.13,,,0,,
2023-10-8,2023-10-8,97,29954.55,29954.55,0,3622.14,"扬州,扬州市,江苏省,中国",阴,阴,22,16,<3级,东北风,<3级,北风,星期日,,,,0,,,,,0,,,8.07,[8.07],21,2044.12,16495.64,8.4,[8.40],27,568.07,4770.8,8.4,[8.40],37,620.59,5211.53,,,0,,,8.93,[8.93],12,389.36,3476.58,,,0,,
2023-10-9,2023-10-9,108,28632.88,28632.88,0,3427.9,"扬州,扬州市,江苏省,中国",阴,阴,24,13,<3级,东北风,<3级,东北风,星期一,,,,0,,,,,0,,,8.07,[8.07],23,1476.61,11916,8.4,[8.40],23,527.55,4430.79,8.4,[8.40],45,804.02,6752.52,,,0,,,8.93,[8.93],17,619.72,5533.57,,,0,,
2023-10-10,2023-10-10,88,26930.24,26930.24,0,3236.53,"扬州,扬州市,江苏省,中国",多云,晴,22,14,<3级,东北风,<3级,东北风,星期二,,,,0,,,,,0,,,8.07,[8.07],23,1683.8,13587.93,8.4,[8.40],24,610.33,5126.01,8.4,[8.40],27,373.24,3134.12,,,0,,,8.93,[8.93],14,569.16,5082.18,,,0,,
2023-10-11,2023-10-11,95,28725.19,28725.19,0,3467.98,"扬州,扬州市,江苏省,中国",阴,多云,23,14,<3级,东北风,<3级,东北风,星期三,,,,0,,,,,0,,,8,[8.00],18,1605.78,12846.23,8.33,[8.33],23,572.99,4772.26,8.33,[8.33],37,591.04,4921.62,,,0,,,8.86,[8.86],17,698.17,6185.08,,,0,,
2023-10-12,2023-10-12,107,31430.93,31430.93,0,3813.92,"扬州,扬州市,江苏省,中国",阴,阴,24,17,<3级,东风,<3级,东风,星期四,,,,0,,,,,0,,,8,[8.00],22,1750.39,14003.05,8.33,[8.33],28,726.94,6054.52,8.33,[8.33],41,880.51,7333.19,,,0,,,8.86,[8.86],16,456.08,4040.17,,,0,,
2023-10-13,2023-10-13,88,21275.53,21275.53,0,2558.88,"扬州,扬州市,江苏省,中国",多云,多云,24,14,<3级,东北风,<3级,西风,星期五,,,,0,,,,,0,,,8,[8.00],13,738.51,5907.95,8.33,[8.33],18,501,4172.9,8.33,[8.33],45,930.13,7746.53,,,0,,,8.86,[8.86],12,389.24,3448.15,,,0,,
2023-10-14,2023-10-14,106,29800.17,29800.17,0,3620.31,"扬州,扬州市,江苏省,中国",阴,晴,25,14,<3级,西风,<3级,西南风,星期六,,,,0,,,,,0,,,8,[8.00],23,1789.62,14316.91,8.33,[8.33],27,691.82,5761.81,8.33,[8.33],43,691.62,5759.38,,,0,,,8.86,[8.86],13,447.25,3962.07,,,0,,
2023-10-15,2023-10-15,91,26421.12,26421.12,0,3179.75,"扬州,扬州市,江苏省,中国",晴,晴,26,13,<3级,西风,<3级,北风,星期日,,,,0,,,,,0,,,8,[8.00],12,1318.57,10548.42,8.33,[8.33],29,692.42,5766.98,8.33,[8.33],29,465.99,3880.34,,,0,,,8.86,[8.86],21,702.77,6225.38,,,0,,
2023-10-16,2023-10-16,106,38688.01,38688.01,0,4711.94,"扬州,扬州市,江苏省,中国",晴,晴,27,13,<3级,东风,<3级,东南风,星期一,,,,0,,,,,0,,,8,[8.00],28,2744.12,21952.95,8.33,[8.33],27,697.56,5809.93,8.33,[8.33],32,617.23,5140.45,,,0,,,8.86,[8.86],19,653.03,5784.68,,,0,,
2023-10-17,2023-10-17,109,31963.7,31963.7,0,3872.59,"扬州,扬州市,江苏省,中国",多云,晴,27,15,<3级,南风,<3级,东南风,星期二,,,,0,,,,,0,,,8,[8.00],21,1764.1,14112.79,8.33,[8.33],23,768.09,6397.54,8.33,[8.33],46,791.56,6591.55,,,0,,,8.86,[8.86],19,548.84,4861.82,,,0,,
2023-10-18,2023-10-18,99,33016.89,33016.89,0,4011.89,"扬州,扬州市,江苏省,中国",晴,晴,27,15,<3级,南风,<3级,南风,星期三,,,,0,,,,,0,,,8,[8.00],26,2275.19,18201.52,8.33,[8.33],22,534.09,4448.24,8.33,[8.33],33,539.59,4493.51,,,0,,,8.86,[8.86],18,663.02,5873.62,,,0,,
2023-10-19,2023-10-19,89,25582.36,25582.36,0,3096.79,"扬州,扬州市,江苏省,中国",小雨,小雨,26,13,3~4级,北风,<3级,北风,星期四,,,,0,,,,,0,,,8,[8.00],19,1473.15,11785.2,8.33,[8.33],19,513.39,4275.8,8.33,[8.33],37,591.3,4924.01,,,0,,,8.86,[8.86],14,518.95,4597.35,,,0,,
2023-10-20,2023-10-20,115,40190.13,40190.13,0,4881.6,"扬州,扬州市,江苏省,中国",晴,晴,21,9,3~4级,北风,<3级,西北风,星期五,,,,0,,,,,0,,,8,[8.00],23,2436.29,19490.24,8.33,[8.33],29,690.09,5747.36,8.33,[8.33],44,1125.49,9374.01,,,0,,,8.86,[8.86],19,629.73,5578.52,,,0,,
2023-10-21,2023-10-21,101,26612.46,26612.46,0,3205.15,"扬州,扬州市,江苏省,中国",晴,多云,21,10,<3级,东北风,<3级,东南风,星期六,,,,0,,,,,0,,,8,[8.00],13,1131.04,9048.32,8.33,[8.33],30,733.65,6110.42,8.33,[8.33],46,793.22,6605.56,,,0,,,8.86,[8.86],12,547.24,4848.16,,,0,,
2023-10-22,2023-10-22,106,31822.37,31822.37,0,3853.95,"扬州,扬州市,江苏省,中国",晴,晴,23,10,<3级,南风,<3级,西南风,星期日,,,,0,,,,,0,,,8,[8.00],19,1801.94,14415.48,8.33,[8.33],24,739.52,6159.56,8.33,[8.33],44,714.86,5953.25,,,0,,,8.86,[8.86],19,597.63,5294.08,,,0,,
2023-10-23,2023-10-23,88,26457.77,26457.77,0,3198.93,"扬州,扬州市,江苏省,中国",晴,晴,25,10,<3级,西风,<3级,南风,星期一,,,,0,,,,,0,,,8,[8.00],19,1600.79,12806.32,8.33,[8.33],19,482.97,4022.57,8.33,[8.33],39,659.66,5593.61,,,0,,,8.86,[8.86],11,455.51,4035.27,,,0,,
2023-10-24,2023-10-24,110,220983.47,220983.47,0,27521.21,"扬州,扬州市,江苏省,中国",晴,多云,27,16,<3级,西风,<3级,南风,星期二,,,,0,,,,,0,,,8,[8.00],42,25952.51,207620.02,8.33,[8.33],23,468.6,3902.43,8.33,[8.33],30,535.8,4461.93,,,0,,,8.86,[8.86],15,564.3,4999.09,,,0,,
2023-10-25,2023-10-25,124,38044.33,38044.33,0,4647.59,"扬州,扬州市,江苏省,中国",阴,晴,26,13,<3级,西南风,<3级,西南风,星期三,,,,0,,,,,0,,,7.94,[7.94],31,2370.02,18817.87,8.27,[8.27],29,778.88,6440.21,8.27,[8.27],43,754.33,6236.63,,,0,,,8.8,[8.80],21,744.36,6549.62,,,0,,
2023-10-26,2023-10-26,83,19804.66,19804.66,0,2409.63,"扬州,扬州市,江苏省,中国",晴,阴,28,15,<3级,南风,<3级,东风,星期四,,,,0,,,,,0,,,7.94,[7.94],16,918.53,7292.9,8.27,[8.27],22,569.84,4711.62,8.27,[8.27],34,576.24,4764.22,,,0,,,8.8,[8.80],11,345.02,3035.92,,,0,,
2023-10-27,2023-10-27,99,37222.48,37222.48,0,4580.64,"扬州,扬州市,江苏省,中国",阴,阴,25,12,<3级,东南风,<3级,东南风,星期五,,,,0,,,,,0,,,7.94,[7.94],17,2837.09,22526.04,8.27,[8.27],28,606.79,5016.99,8.27,[8.27],39,607.59,5023.34,,,0,,,8.8,[8.80],15,529.17,4656.11,,,0,,
2023-10-28,2023-10-28,106,42566.14,42566.14,0,5271.11,"扬州,扬州市,江苏省,中国",多云,多云,25,13,<3级,南风,<3级,东南风,星期六,,,,0,,,,,0,,,7.94,[7.94],25,3568.49,28333.14,8.27,[8.27],30,624.21,5161.07,8.27,[8.27],43,785.08,6490.87,,,0,,,8.8,[8.80],8,293.33,2581.06,,,0,,
2023-10-29,2023-10-29,101,28379.91,28379.91,0,3461.26,"扬州,扬州市,江苏省,中国",晴,晴,25,14,3~4级,南风,<3级,东南风,星期日,,,,0,,,,,0,,,7.94,[7.94],25,1464.3,11626.4,8.27,[8.27],27,846.72,7001.2,8.27,[8.27],40,694.42,5741.34,,,0,,,8.8,[8.80],9,455.82,4010.97,,,0,,
2023-10-30,2023-10-30,113,30617.63,30617.63,0,3729.31,"扬州,扬州市,江苏省,中国",晴,晴,26,14,<3级,南风,<3级,南风,星期一,,,,0,,,,,0,,,7.94,[7.94],21,1481.32,11761.43,8.27,[8.27],27,736.46,6089.6,8.27,[8.27],53,1004.69,8306.78,,,0,,,8.8,[8.80],12,506.84,4459.82,,,0,,
2023-10-31,2023-10-31,104,31984.44,31984.44,0,3911.71,"扬州,扬州市,江苏省,中国",晴,多云,28,15,<3级,南风,<3级,南风,星期二,,,,0,,,,,0,,,7.94,[7.94],24,1909.73,15162.77,8.27,[8.27],29,660.93,5464.67,8.27,[8.27],37,834.72,6901.87,,,0,,,8.8,[8.80],14,506.33,4455.13,,,0,,
2023-11-1,2023-11-1,102,26968.49,26968.49,0,3262,"扬州,扬州市,江苏省,中国",晴,晴,30,14,3~4级,西南风,<3级,东南风,星期三,,,,0,,,,,0,,,7.94,[7.94],21,1306.45,10372.87,8.27,[8.27],17,432.65,3577.33,8.27,[8.27],44,718.54,5940.62,,,0,,,8.8,[8.80],20,804.36,7077.67,,,0,,
2023-11-2,2023-11-2,98,32750.54,32750.54,0,3972.48,"扬州,扬州市,江苏省,中国",晴,多云,28,17,3~4级,西南风,<3级,南风,星期四,,,,0,,,,,0,,,7.94,[7.94],28,1744.35,13849.75,8.27,[8.27],19,597.73,4942.71,8.27,[8.27],33,731.02,6044.12,,,0,,,8.8,[8.80],18,899.38,7913.96,,,0,,
2023-11-3,2023-11-3,130,38199.1,38199.1,0,4710.48,"扬州,扬州市,江苏省,中国",多云,阴,28,19,<3级,东北风,<3级,东风,星期五,,,,0,,,,,0,,,7.94,[7.94],32,2197.02,17443.83,8.27,[8.27],36,872.88,7217.18,8.27,[8.27],43,1115.99,9227.47,,,0,,,8.8,[8.80],16,477.63,4202.62,,,0,,
2023-11-4,2023-11-4,124,40954.17,40954.17,0,5022.16,"扬州,扬州市,江苏省,中国",小雨,阴,26,18,<3级,东风,<3级,东南风,星期六,,,,0,,,,,0,,,7.94,[7.94],31,2662.21,21137.52,8.27,[8.27],21,463.52,3832.67,8.27,[8.27],48,929.84,7687.93,,,0,,,8.8,[8.80],21,934.4,8222.03,,,0,,
2023-11-5,2023-11-5,86,21830.15,21830.15,0,2626.78,"扬州,扬州市,江苏省,中国",大雨,晴,23,13,3~4级,西风,<3级,西风,星期日,,,,0,,,,,0,,,7.94,[7.94],13,856.27,6798.64,8.27,[8.27],22,563.24,4657.05,8.27,[8.27],29,466.95,3860.33,,,0,,,8.8,[8.80],22,740.32,6514.13,,,0,,
2023-11-6,2023-11-6,99,36314.37,36314.37,0,4471.97,"扬州,扬州市,江苏省,中国",晴,晴,17,5,3~4级,西风,<3级,北风,星期一,,,,0,,,,,0,,,7.94,[7.94],25,2588.66,20553.71,8.27,[8.27],26,669.54,5536.03,8.27,[8.27],34,730.09,6036.59,,,0,,,8.8,[8.80],13,473.24,4164.04,,,0,,
2023-11-7,2023-11-7,99,28592.14,28592.14,0,3513.17,"扬州,扬州市,江苏省,中国",晴,阴,19,10,<3级,南风,<3级,东南风,星期二,,,,0,,,,,0,,,7.94,[7.94],24,1842.75,14630.92,8.27,[8.27],23,497.57,4114.1,8.27,[8.27],37,666.38,5509.49,,,0,,,8.8,[8.80],14,488.2,4295.63,,,0,,
2023-11-8,2023-11-8,109,34484.37,34484.37,0,4330.07,"扬州,扬州市,江苏省,中国",多云,多云,23,13,<3级,南风,<3级,南风,星期三,,,,0,,,,,0,,,7.83,[7.83],23,2294.5,17965.51,8.16,[8.16],38,814.9,6648.74,8.16,[8.16],38,890.36,7264.19,,,0,,,8.68,[8.68],8,289.43,2511.93,,,0,,
2023-11-9,2023-11-9,102,29017.83,29017.83,0,3644.32,"扬州,扬州市,江苏省,中国",小雨,小雨,20,10,<3级,东北风,<3级,北风,星期四,,,,0,,,,,0,,,7.83,[7.83],22,1666.65,13049.6,8.16,[8.16],18,423.08,3451.99,8.16,[8.16],43,967.08,7890.08,,,0,,,8.68,[8.68],15,513.41,4455.78,,,0,,
2023-11-10,2023-11-10,101,33016.11,33016.11,0,4180.27,"扬州,扬州市,江苏省,中国",小雨,多云,13,8,3~4级,东风,<3级,东北风,星期五,,,,0,,,,,0,,,7.83,[7.83],23,2067.51,16188.3,8.16,[8.16],22,555.03,4528.41,8.16,[8.16],30,545.55,4450.62,,,0,,,8.68,[8.68],22,865.51,7511.46,,,0,,
2023-11-11,2023-11-11,96,27504.44,27504.44,0,3464.52,"扬州,扬州市,江苏省,中国",阴,小雨,13,6,3~4级,东北风,<3级,北风,星期六,,,,0,,,,,0,,,7.83,[7.83],18,1716.18,13437.58,8.16,[8.16],26,684.53,5585.01,8.16,[8.16],36,659.14,5377.38,,,0,,,8.68,[8.68],11,340.79,2957.57,,,0,,
2023-11-12,2023-11-12,116,34233.85,34233.85,0,4287.92,"扬州,扬州市,江苏省,中国",多云,小雨,11,6,3~4级,北风,<3级,北风,星期日,,,,0,,,,,0,,,7.83,[7.83],16,1571.72,12306.21,8.16,[8.16],29,624.56,5095.51,8.16,[8.16],40,991.17,8086.85,,,0,,,8.68,[8.68],25,974.17,8454.84,,,0,,
2023-11-13,2023-11-13,106,37771.33,37771.33,0,4722.47,"扬州,扬州市,江苏省,中国",多云,晴,10,1,<3级,东北风,<3级,东北风,星期一,,,,0,,,,,0,,,7.83,[7.83],27,2767.46,21668.67,8.16,[8.16],24,620.21,5060.14,8.16,[8.16],36,666.91,5441.03,,,0,,,8.68,[8.68],16,637.31,5531.17,,,0,,
2023-11-14,2023-11-14,105,33045.05,33045.05,0,4084.98,"扬州,扬州市,江苏省,中国",晴,晴,12,1,<3级,西北风,<3级,东北风,星期二,,,,0,,,,,0,,,7.83,[7.83],23,2014.38,15772.15,8.16,[8.16],16,338.43,2761.23,8.16,[8.16],43,864.9,7056.33,,,0,,,8.68,[8.68],22,856.06,7429.56,,,0,,
2023-11-15,2023-11-15,99,30959.77,30959.77,0,3860.92,"扬州,扬州市,江苏省,中国",阴,小雨,14,7,<3级,南风,<3级,西南风,星期三,,,,0,,,,,0,,,7.83,[7.83],27,1913.61,14983.2,8.16,[8.16],24,622.69,5080.19,8.16,[8.16],29,594.01,4846.05,,,0,,,8.68,[8.68],16,685.04,5945.53,,,0,,
2023-11-16,2023-11-16,102,29137.26,29137.26,0,3697.63,"扬州,扬州市,江苏省,中国",晴,晴,13,2,3~4级,西北风,<3级,西风,星期四,,,,0,,,,,0,,,7.83,[7.83],18,1554.02,12167.78,8.16,[8.16],24,588.34,4800.17,8.16,[8.16],35,709.34,5787.27,,,0,,,8.68,[8.68],19,695.55,6036.2,,,0,,
2023-11-17,2023-11-17,108,30155.86,30155.86,0,3842.14,"扬州,扬州市,江苏省,中国",晴,晴,14,1,3~4级,北风,<3级,西北风,星期五,,,,0,,,,,0,,,7.83,[7.83],23,1716.4,13438.99,8.16,[8.16],23,524.2,4276.93,8.16,[8.16],32,670.06,5466.65,,,0,,,8.68,[8.68],20,757.34,6572.81,,,0,,
2023-11-18,2023-11-18,102,29806.54,29806.54,0,3744.9,"扬州,扬州市,江苏省,中国",多云,晴,14,3,<3级,北风,<3级,南风,星期六,,,,0,,,,,0,,,7.83,[7.83],25,1847.23,14463.42,8.16,[8.16],24,588.18,4799.02,8.16,[8.16],33,673.3,5493,,,0,,,8.68,[8.68],17,562.46,4881.56,,,0,,
2023-11-19,2023-11-19,104,33393.49,33393.49,0,4193.39,"扬州,扬州市,江苏省,中国",晴,晴,20,4,<3级,西风,<3级,东北风,星期日,,,,0,,,,,0,,,7.83,[7.83],20,2090.9,16371.61,8.16,[8.16],30,746.39,6089.83,8.16,[8.16],36,699.96,5710.75,,,0,,,8.68,[8.68],15,581.95,5050.67,,,0,,
2023-11-20,2023-11-20,113,32444.02,32444.02,0,4058.36,"扬州,扬州市,江苏省,中国",多云,晴,21,6,<3级,东南风,<3级,东南风,星期一,,,,0,,,,,0,,,7.83,[7.83],29,1886.92,14774.09,8.16,[8.16],30,803.82,6558.13,8.16,[8.16],38,780.53,6367.92,,,0,,,8.68,[8.68],13,531.98,4617.14,,,0,,
2023-11-21,2023-11-21,99,30706.19,30706.19,0,3900.06,"扬州,扬州市,江苏省,中国",晴,多云,22,8,<3级,南风,<3级,西南风,星期二,,,,0,,,,,0,,,7.83,[7.83],24,1908.99,14946.88,8.16,[8.16],20,672.52,5487.09,8.16,[8.16],34,624.98,5098.63,,,0,,,8.68,[8.68],15,560.97,4868.66,,,0,,
2023-11-22,2023-11-22,119,37719.01,37719.01,0,4924.46,"扬州,扬州市,江苏省,中国",多云,晴,23,9,<3级,西风,<3级,西北风,星期三,,,,0,,,,,0,,,7.55,[7.55],27,2395.55,18085.78,7.89,[7.89],28,780.97,6161.09,7.89,[7.89],36,753.63,5945.22,,,0,,,8.39,[8.39],18,860.49,7219.21,,,0,,
2023-11-23,2023-11-23,90,29441.34,29441.34,0,3793.19,"扬州,扬州市,江苏省,中国",晴,晴,16,0,3~4级,北风,<3级,东北风,星期四,,,,0,,,,,0,,,7.55,[7.55],25,2152.74,16252.55,7.89,[7.89],19,439.77,3469.36,7.89,[7.89],33,705.42,5564.56,,,0,,,8.39,[8.39],13,495.26,4154.87,,,0,,
2023-11-24,2023-11-24,111,38550.65,38550.65,0,5049.26,"扬州,扬州市,江苏省,中国",晴,晴,10,5,<3级,东北风,<3级,东风,星期五,,,,0,,,,,0,,,7.55,[7.55],30,3276.69,24738.52,7.89,[7.89],23,562.35,4436.46,7.89,[7.89],45,846.23,6675.44,,,0,,,8.39,[8.39],9,305.95,2566.75,,,0,,
2023-11-25,2023-11-25,96,29366.45,29366.45,0,3836.79,"扬州,扬州市,江苏省,中国",晴,阴,15,6,3~4级,东南风,<3级,东南风,星期六,,,,0,,,,,0,,,7.55,[7.55],23,2101.92,15868.81,7.89,[7.89],32,818.48,6456.79,7.89,[7.89],27,378.1,2982,,,0,,,8.39,[8.39],11,463.24,3886.25,,,0,,
2023-11-26,2023-11-26,113,29429.55,29429.55,0,3871.35,"扬州,扬州市,江苏省,中国",小雨,晴,11,4,<3级,西风,<3级,西南风,星期日,,,,0,,,,,0,,,7.55,[7.55],17,1353.99,10222.42,7.89,[7.89],34,914.16,7211.87,7.89,[7.89],39,838.48,6614.13,,,0,,,8.39,[8.39],17,594.86,4990.49,,,0,,
2023-11-27,2023-11-27,108,54363.52,54363.52,0,7194.22,"扬州,扬州市,江苏省,中国",晴,晴,18,4,3~4级,西风,<3级,西北风,星期一,,,,0,,,,,0,,,7.55,[7.55],34,5383.09,40641.2,7.89,[7.89],24,693.03,5467.29,7.89,[7.89],37,711.6,5613.37,,,0,,,8.39,[8.39],7,280.27,2351.35,,,0,,
2023-11-28,2023-11-28,110,74888.91,74888.91,0,9805.87,"扬州,扬州市,江苏省,中国",多云,阴,15,9,<3级,东风,<3级,东南风,星期二,,,,0,,,,,0,,,7.55,[7.55],27,7681.92,57997.81,7.89,[7.89],31,901.23,7109.82,7.89,[7.89],39,765.5,6038.48,,,0,,,8.39,[8.39],12,441.97,3707.73,,,0,,
2023-11-29,2023-11-29,125,171279.24,171279.24,0,22557.74,"扬州,扬州市,江苏省,中国",阴,阴,16,1,3~4级,东北风,<3级,北风,星期三,,,,0,,,,,0,,,7.55,[7.55],45,20514.98,154887.38,7.89,[7.89],30,713.21,5626.57,7.89,[7.89],36,776.45,6125.11,,,0,,,8.39,[8.39],14,553.1,4640.18,,,0,,
2023-11-30,2023-11-30,104,27591.59,27591.59,0,3619.83,"扬州,扬州市,江苏省,中国",阴,晴,6,-1,3~4级,北风,<3级,西北风,星期四,,,,0,,,,,0,,,7.55,[7.55],20,1485.79,11217.27,7.89,[7.89],27,674.57,5321.43,7.89,[7.89],38,739.23,5831.3,,,0,,,8.39,[8.39],13,585.43,4911.55,,,0,,
2023-12-1,2023-12-1,111,30741.41,30741.41,0,4009.55,"扬州,扬州市,江苏省,中国",晴,晴,9,-2,<3级,北风,<3级,南风,星期五,,,,0,,,,,0,,,7.55,[7.55],18,1529.34,11546.1,7.89,[7.89],30,796.04,6279.82,7.89,[7.89],39,945.2,7456.4,,,0,,,8.39,[8.39],18,617.39,5179.51,,,0,,
2023-12-2,2023-12-2,104,27460.27,27460.27,0,3573.37,"扬州,扬州市,江苏省,中国",晴,多云,11,-2,<3级,西南风,<3级,东北风,星期六,,,,0,,,,,0,,,7.55,[7.55],24,1671.21,12616.97,7.89,[7.89],28,716.07,5648.94,7.89,[7.89],38,750.13,5917.35,,,0,,,8.39,[8.39],10,373.5,3133.39,,,0,,
2023-12-3,2023-12-3,87,22053.98,22053.98,0,2853.13,"扬州,扬州市,江苏省,中国",多云,阴,13,0,<3级,东风,<3级,东南风,星期日,,,,0,,,,,0,,,7.55,[7.55],14,1097.22,8283.79,7.89,[7.89],23,520.43,4105.56,7.89,[7.89],35,724.81,5717.76,,,0,,,8.39,[8.39],12,455.26,3819.44,,,0,,
2023-12-4,2023-12-4,129,40966.37,40966.37,0,5381.54,"扬州,扬州市,江苏省,中国",多云,多云,14,2,<3级,南风,<3级,西南风,星期一,,,,0,,,,,0,,,7.55,[7.55],36,3090.43,23332.19,7.89,[7.89],29,711.8,5615.45,7.89,[7.89],37,605.18,4773.68,,,0,,,8.39,[8.39],22,821.83,6894.81,,,0,,
2023-12-5,2023-12-5,116,29975.69,29975.69,0,3896.09,"扬州,扬州市,江苏省,中国",多云,阴,18,7,<3级,西风,<3级,西风,星期二,,,,0,,,,,0,,,7.55,[7.55],28,1884.04,14223.87,7.89,[7.89],27,734.69,5795.86,7.89,[7.89],47,750.01,5915.95,,,0,,,8.39,[8.39],11,464.28,3894.98,,,0,,
2023-12-6,2023-12-6,97,34928.78,34928.78,0,4616.08,"扬州,扬州市,江苏省,中国",晴,晴,15,3,3~4级,北风,<3级,南风,星期三,,,,0,,,,,0,,,7.5,[7.50],23,2637.3,19779.48,7.85,[7.85],26,657.34,5159.57,7.85,[7.85],31,654.52,5137.27,,,0,,,8.35,[8.35],13,548.6,4580.36,,,0,,
2023-12-7,2023-12-7,106,29606.04,29606.04,0,3844.89,"扬州,扬州市,江苏省,中国",晴,晴,20,8,3~4级,西南风,<3级,西南风,星期四,,,,0,,,,,0,,,7.5,[7.50],24,1801.65,13511.97,7.85,[7.85],27,613.42,4814.67,7.85,[7.85],35,688.78,5406.27,,,0,,,8.35,[8.35],17,689.12,5753.74,,,0,,
2023-12-8,2023-12-8,99,26948.22,26948.22,0,3538.51,"扬州,扬州市,江苏省,中国",多云,阴,23,9,3~4级,西风,<3级,南风,星期五,,,,0,,,,,0,,,7.5,[7.50],24,1697.14,12728.25,7.85,[7.85],28,692.77,5437.65,7.85,[7.85],31,648.64,5090.93,,,0,,,8.35,[8.35],12,420.15,3507.85,,,0,,
2023-12-9,2023-12-9,106,25712.12,25712.12,0,3346.89,"扬州,扬州市,江苏省,中国",多云,多云,22,11,<3级,南风,<3级,东北风,星期六,,,,0,,,,,0,,,7.5,[7.50],19,1242.85,9321.1,7.85,[7.85],27,672.87,5281.48,7.85,[7.85],39,691.86,5430.23,,,0,,,8.35,[8.35],17,657.76,5491.77,,,0,,
2023-12-10,2023-12-10,87,27383.29,27383.29,0,3592.2,"扬州,扬州市,江苏省,中国",小雨,中雨,14,6,3~4级,东北风,<3级,北风,星期日,,,,0,,,,,0,,,7.5,[7.50],18,1916.19,14371.35,7.85,[7.85],29,752,5902.53,7.85,[7.85],27,500.16,3925.72,,,0,,,8.35,[8.35],10,365.14,3048.68,,,0,,
2023-12-11,2023-12-11,88,29670.54,29670.54,0,3855.13,"扬州,扬州市,江苏省,中国",阵雨,阴,7,1,3~4级,北风,<3级,北风,星期一,,,,0,,,,,0,,,7.5,[7.50],21,1941.56,14561.52,7.85,[7.85],21,608.02,4772.38,7.85,[7.85],23,459.33,3605.09,,,0,,,8.35,[8.35],21,791.05,6604.67,,,0,,
2023-12-12,2023-12-12,116,27423.92,27423.92,0,3615.66,"扬州,扬州市,江苏省,中国",晴,多云,8,2,<3级,北风,<3级,东风,星期二,,,,0,,,,,0,,,7.5,[7.50],19,1389.18,10418.49,7.85,[7.85],40,954.45,7491.52,7.85,[7.85],42,756.44,5937.09,,,0,,,8.35,[8.35],11,395.27,3300.11,,,0,,
2023-12-13,2023-12-13,98,32136.1,32136.1,0,4221.68,"扬州,扬州市,江苏省,中国",小雨,中雨,11,10,3~4级,东南风,<3级,东南风,星期三,,,,0,,,,,0,,,7.5,[7.50],21,2172.39,16292.73,7.85,[7.85],23,675.21,5299.73,7.85,[7.85],36,771.6,6055.93,,,0,,,8.35,[8.35],14,512.79,4281.47,,,0,,
2023-12-14,2023-12-14,97,25108.69,25108.69,0,3294.39,"扬州,扬州市,江苏省,中国",小雨,中雨,13,6,<3级,北风,<3级,西北风,星期四,,,,0,,,,,0,,,7.5,[7.50],20,1227.73,9207.66,7.85,[7.85],19,494.57,3882.01,7.85,[7.85],33,698.92,5485.83,,,0,,,8.35,[8.35],22,748.03,6245.39,,,0,,
2023-12-15,2023-12-15,111,36175.39,36175.39,0,4761.94,"扬州,扬州市,江苏省,中国",雨夹雪,多云,4,-3,3~4级,西北风,<3级,西北风,星期五,,,,0,,,,,0,,,7.5,[7.50],24,2532.79,18995.5,7.85,[7.85],38,908.48,7130.75,7.85,[7.85],29,642.03,5039.23,,,0,,,8.35,[8.35],14,570.14,4760.42,,,0,,
2023-12-16,2023-12-16,112,36137.54,36137.54,0,4773.91,"扬州,扬州市,江苏省,中国",多云,多云,0,-7,3~4级,北风,<3级,北风,星期六,,,,0,,,,,0,,,7.5,[7.50],33,2588.62,19414.31,7.85,[7.85],32,889.25,6979.78,7.85,[7.85],31,723.84,5681.42,,,0,,,8.35,[8.35],11,453.93,3790.02,,,0,,
2023-12-17,2023-12-17,79,20841.7,20841.7,0,2664.14,"扬州,扬州市,江苏省,中国",多云,小雪,0,-4,<3级,东北风,<3级,东北风,星期日,,,,0,,,,,0,,,7.5,[7.50],11,789.9,5924.1,7.85,[7.85],18,515.62,4047,7.85,[7.85],29,593.09,4655.11,,,0,,,8.35,[8.35],20,736.45,6148.61,,,0,,
2023-12-18,2023-12-18,95,24759.02,24759.02,0,3190.34,"扬州,扬州市,江苏省,中国",中雪,小雪,1,-1,<3级,东风,<3级,北风,星期一,,,,0,,,,,0,,,7.5,[7.50],21,1296,9719.67,7.85,[7.85],27,783.83,6152.59,7.85,[7.85],31,567.46,4453.89,,,0,,,8.35,[8.35],15,526.37,4394.51,,,0,,
2023-12-19,2023-12-19,81,21950.86,21950.86,0,2956.61,"扬州,扬州市,江苏省,中国",小雪,多云,3,-4,<3级,北风,<3级,北风,星期二,,,,0,,,,,0,,,7.5,[7.50],10,1298.41,9737.93,7.85,[7.85],27,709.92,5572.4,7.85,[7.85],29,545.08,4278.09,,,0,,,8.35,[8.35],9,237.29,1980.9,,,0,,
2023-12-20,2023-12-20,101,35584.2,35584.2,0,4851.89,"扬州,扬州市,江苏省,中国",晴,晴,1,-7,3~4级,北风,<3级,西北风,星期三,,,,0,,,,,0,,,7.16,[7.16],24,2678.79,19179.71,7.51,[7.51],27,698.54,5245.03,7.51,[7.51],29,657.1,4933.76,,,0,,,7.99,[7.99],18,763.8,6102.3,,,0,,
2023-12-21,2023-12-21,102,28092.13,28092.13,0,3845.77,"扬州,扬州市,江苏省,中国",晴,晴,-2,-8,3~4级,北风,<3级,西北风,星期四,,,,0,,,,,0,,,7.16,[7.16],20,1504.11,10769.26,7.51,[7.51],23,610.53,4584,7.51,[7.51],36,872.47,6550.79,,,0,,,7.99,[7.99],18,740.56,5916.48,,,0,,
2023-12-22,2023-12-22,113,33810.02,33810.02,0,4687.2,"扬州,扬州市,江苏省,中国",多云,阴,-1,-5,3~4级,北风,<3级,北风,星期五,,,,0,,,,,0,,,7.16,[7.16],22,2296.48,16442.32,7.51,[7.51],28,723.61,5433.2,7.51,[7.51],34,732.85,5502.18,,,0,,,7.99,[7.99],19,752.94,6015.34,,,0,,
2023-12-23,2023-12-23,90,28471.7,28471.7,0,3836.27,"扬州,扬州市,江苏省,中国",晴,多云,3,-5,<3级,南风,<3级,西风,星期六,,,,0,,,,,0,,,7.16,[7.16],23,1845.23,13211.46,7.51,[7.51],22,629.98,4730.4,7.51,[7.51],26,612.57,4599.35,,,0,,,7.99,[7.99],18,739.79,5910.49,,,0,,
2023-12-24,2023-12-24,95,20539.88,20539.88,0,2742.53,"扬州,扬州市,江苏省,中国",晴,晴,4,-6,<3级,西风,<3级,西南风,星期日,,,,0,,,,,0,,,7.16,[7.16],10,597.27,4276.44,7.51,[7.51],34,923.16,6931.51,7.51,[7.51],39,803.29,6031.07,,,0,,,7.99,[7.99],11,410.91,3282.69,,,0,,
2023-12-25,2023-12-25,109,34255.07,34255.07,0,4660.66,"扬州,扬州市,江苏省,中国",晴,多云,6,-3,<3级,北风,<3级,东南风,星期一,,,,0,,,,,0,,,7.16,[7.16],29,2403.36,17207.82,7.51,[7.51],29,800.13,6007.73,7.51,[7.51],33,685.97,5150.51,,,0,,,7.99,[7.99],15,723.33,5778.93,,,0,,
2023-12-26,2023-12-26,90,26580.97,26580.97,0,3662.13,"扬州,扬州市,江苏省,中国",阴,多云,9,-1,<3级,东南风,<3级,东风,星期二,,,,0,,,,,0,,,7.16,[7.16],27,2040.04,14606.26,7.51,[7.51],16,410,3078.4,7.51,[7.51],29,619.71,4652.98,,,0,,,7.99,[7.99],13,506.41,4045.61,,,0,,
2023-12-27,2023-12-27,99,26291.17,26291.17,0,3571.36,"扬州,扬州市,江苏省,中国",晴,多云,11,0,<3级,东风,<3级,北风,星期三,,,,0,,,,,0,,,7.16,[7.16],13,1301.26,9316.71,7.51,[7.51],27,710.14,5332.05,7.51,[7.51],35,747.66,5613.74,,,0,,,7.99,[7.99],19,731.3,5842.42,,,0,,
2023-12-28,2023-12-28,114,34168.23,34168.23,0,4794.84,"扬州,扬州市,江苏省,中国",晴,多云,11,1,<3级,东北风,<3级,东风,星期四,,,,0,,,,,0,,,7.16,[7.16],25,2483.07,17778.29,7.51,[7.51],34,1088.13,8170.74,7.51,[7.51],39,632.69,4750.24,,,0,,,7.99,[7.99],9,370.85,2962.78,,,0,,
2023-12-29,2023-12-29,115,25816.61,25816.61,0,3595.49,"扬州,扬州市,江苏省,中国",阴,小雨,10,5,<3级,东南风,<3级,南风,星期五,,,,0,,,,,0,,,7.16,[7.16],20,1144.71,8195.79,7.51,[7.51],29,631.24,4739.45,7.51,[7.51],42,931.11,6991.18,,,0,,,7.99,[7.99],18,676.19,5402.06,,,0,,
2023-12-30,2023-12-30,98,24242.55,24242.55,0,3327.92,"扬州,扬州市,江苏省,中国",晴,晴,15,1,<3级,西风,<3级,西北风,星期六,元旦,,,0,,,,,0,,,7.16,[7.16],20,1278.06,9150.61,7.51,[7.51],26,612.86,4601.45,7.51,[7.51],33,662.18,4972.01,,,0,,,7.99,[7.99],16,656.76,5246.95,,,0,,
2023-12-31,2023-12-31,82,23513.03,23513.03,0,3209,"扬州,扬州市,江苏省,中国",晴,晴,7,-2,<3级,北风,<3级,北风,星期日,元旦,,,0,,,,,0,,,7.16,[7.16],19,1461.75,10465.98,7.51,[7.51],33,879.64,6605.01,7.51,[7.51],21,554.27,4161.81,,,0,,,7.99,[7.99],7,274.12,2190.03,,,0,,
