date,order_cnt,amount,pay_amount,discountAmount,refuelLiters,path,text_day,code_day,text_night,code_night,high,low,wc_day,wd_day,wc_night,encoded_wc_night,wd_night,week,code_week,holidays,code_holidays,encoded_holidays,305_price,encoded_305_price,encode_label_305price,encode_weight_305price,305_order_cnt,305_amount,305_discountAmount,305_refuelLiters,313_price,encoded_313_price,313_order_cnt,313_amount,313_discountAmount,313_refuelLiters
2023-1-1,902538,268544969.5,268544969.5,75.34,35358429.18,"南京,南京市,江苏省,中国",阴,2,阴,2,8,5,<3级,东风,<3级,0,东北风,星期日,7,元旦,0,1,7.54,0,无价格变动,0,546095,123147634.4,10.2,16307411.16,8.03,0,255916,79825818.64,65.14,9925298.38
2023-1-2,1066437,323796828.3,323796828.3,15,42657973.35,"南京,南京市,江苏省,中国",阴,2,多云,1,9,0,<3级,北风,<3级,0,东风,星期一,1,元旦,0,1,7.54,0,涨价前两天,-1,635905,144261568.3,0,19102708.45,8.03,0,303381,94728669.56,15,11776936.82
2023-1-3,1216502,386938985.1,386938998.8,13.73,51190308.39,"南京,南京市,江苏省,中国",多云,1,多云,1,9,0,<3级,东南风,<3级,0,东风,星期二,2,平时,1,4,7.54,0,涨价前一天,-2,700728,160083029.5,4.73,21199890.56,8.03,0,347014,109184015.6,0,13575378.52
2023-1-4,874633,271284119,271284177.6,58.6,35199415.35,"南京,南京市,江苏省,中国",多云,1,多云,1,12,3,3~4级,东南风,<3级,0,东风,星期三,3,平时,1,4,7.74,2,涨价当天,2,499980,114163925.4,31.6,14725749.74,8.24,2.1,243553,80152154.5,27,9711200.43
2023-1-5,901227,283022796,283022840.6,44.66,36791330.48,"南京,南京市,江苏省,中国",多云,1,多云,1,13,2,<3级,南风,<3级,0,西风,星期四,4,平时,1,4,7.74,0,涨价第二天,1.5,514479,117201013.4,20.49,15118148.18,8.24,0,247170,81304114.14,24.17,9851817.63
2023-1-6,1154679,355309546.9,355309623.6,76.65,45997139.16,"南京,南京市,江苏省,中国",晴,0,晴,0,14,1,3~4级,西风,<3级,0,西风,星期五,5,平时,1,4,7.74,0,涨价第三天,1.125,664992,151802322.6,40.7,19589916.68,8.24,0,328650,107643312.9,26.95,13045579.48
2023-1-7,1426030,422864378.1,422864509.5,131.37,54609389.5,"南京,南京市,江苏省,中国",晴,0,晴,0,16,3,3~4级,西南风,<3级,0,东南风,星期六,6,平时,1,4,7.74,0,涨价第四天,0.84375,848516,190866135.6,32.37,24628165.2,8.24,0,395688,127682556,99,15472553.89
2023-1-8,996354,303850021.4,303850117.7,96.3,39507559.53,"南京,南京市,江苏省,中国",晴,0,晴,0,19,4,3~4级,南风,<3级,0,北风,星期日,7,平时,1,4,7.74,0,无价格变动,0,581862,131725473.1,43.36,16993744.51,8.24,0,285639,92507482.43,52.94,11210230.24
2023-1-9,1068087,332675995.9,332676141.1,145.22,42872574.42,"南京,南京市,江苏省,中国",晴,0,多云,1,16,2,3~4级,北风,<3级,0,东北风,星期一,1,平时,1,4,7.74,0,无价格变动,0,614400,142115278,65.19,18331962.96,8.24,0,304722,100931386.9,80.03,12230364.79
2023-1-10,1133381,351609569.4,351609675.1,105.74,45333761.36,"南京,南京市,江苏省,中国",多云,1,多云,1,12,3,3~4级,东南风,3~4级,1,东风,星期二,2,平时,1,4,7.74,0,无价格变动,0,657425,152768490.1,56.81,19708566.56,8.24,0,322878,106981147.1,39.93,12962196.88
2023-1-11,1181269,363007545.6,363007743.3,197.7,46931182.11,"南京,南京市,江苏省,中国",多云,1,多云,1,16,9,3~4级,东风,<3级,0,东南风,星期三,3,平时,1,4,7.74,0,无价格变动,0,687191,159788091.9,83.12,20612063.84,8.24,0,343074,113451230.6,114.58,13747825.23
2023-1-12,1156945,355137082.9,355137301.1,218.18,45907439.24,"南京,南京市,江苏省,中国",阵雨,3,小雨,7,16,11,3~4级,东南风,<3级,0,西风,星期四,4,平时,1,4,7.74,0,无价格变动,0,675754,158163853.4,48.52,20403290.33,8.24,0,337862,112416359.3,169.66,13622537.11
2023-1-13,1567200,457451157,457451390,233.07,59197911.17,"南京,南京市,江苏省,中国",小雨,7,中雨,8,18,7,3~4级,东风,4~5级,2,东北风,星期五,5,平时,1,4,7.74,0,无价格变动,0,946450,219538371.3,94.64,28327241.05,8.24,0,463305,151199280,138.43,18325231.21
2023-1-14,1257478,374612525.7,374612839.4,313.74,48326298.39,"南京,南京市,江苏省,中国",雨夹雪,6,小雪,14,7,-2,4~5级,北风,4~5级,2,北风,星期六,6,平时,1,4,7.74,0,无价格变动,0,753525,179152242.8,80.2,23108234.63,8.24,0,377704,124164878.3,206.54,15037859.71
2023-1-15,1292128,376420960.3,376421264.8,304.56,49069147.73,"南京,南京市,江苏省,中国",阴,2,多云,1,0,-5,3~4级,北风,<3级,0,西北风,星期日,7,平时,1,4,7.74,0,无价格变动,0,775986,182950520.4,147.79,23594117.99,8.24,0,398295,129438909.3,156.77,15679425.16
2023-1-16,1357553,392833106.1,392833331.2,225.11,50279612.57,"南京,南京市,江苏省,中国",晴,0,多云,1,2,-3,<3级,西北风,<3级,0,南风,星期一,1,平时,1,4,7.74,0,降价前两天,0.8,809301,190230627.8,87.05,24534006.41,8.24,0,426004,139157202.1,124.85,16857715.52
2023-1-17,1317814,373745018,373745202.4,184.41,47941643.29,"南京,南京市,江苏省,中国",晴,0,晴,0,5,-3,3~4级,西北风,<3级,0,西风,星期二,2,平时,1,4,7.74,0,降价前一天,1.6,788625,184036071.6,61.33,23739914.3,8.24,0,421306,136491766.3,123.08,16537195.14
2023-1-18,1497278,432844675.1,432845199.3,524.2,56235000.39,"南京,南京市,江苏省,中国",晴,0,多云,1,8,-1,<3级,西北风,<3级,0,南风,星期三,3,平时,1,4,7.58,-1.6,降价当天,-1.6,898569,215528128.8,130.4,28384383.86,8.06,-1.8,491980,161082085.7,360.72,19951338.85
2023-1-19,1415888,398291277.9,398292013.9,736.05,51720343.93,"南京,南京市,江苏省,中国",晴,0,晴,0,11,-1,<3级,东南风,<3级,0,北风,星期四,4,平时,1,4,7.58,0,降价第一天,-1.2,848632,200889040.5,281.7,26460333.24,8.06,0,476596,154070499.9,445.35,19083319.71
2023-1-20,1512962,416236088.6,416236965.3,876.72,54450191.82,"南京,南京市,江苏省,中国",晴,0,多云,1,8,0,3~4级,北风,4~5级,2,东北风,星期五,5,平时,1,4,7.58,0,降价第二天,-0.9,907994,213222410.6,245.24,28091318.65,8.06,0,522603,166659525.7,604.35,20645866.17
2023-1-21,1436048,381503210.1,381503507.9,297.8,49163078.02,"南京,南京市,江苏省,中国",多云,1,小雨,7,10,5,3~4级,东南风,3~4级,1,东风,星期六,6,春节,2,0,7.58,0,降价第三天,-0.675,875775,201094119,52.4,26495004.9,8.06,0,499961,156325365.4,245.4,19366749.44
2023-1-22,543894,147753437.9,147753522.6,84.71,19047192.91,"南京,南京市,江苏省,中国",阴,2,阴,2,8,3,3~4级,北风,3~4级,1,北风,星期日,7,春节,2,0,7.58,0,无价格变动,0,322159,75546290.28,33.26,9949981.66,8.06,0,199437,62365862.66,51.45,7724070.45
2023-1-23,783300,212772932.1,212773106.2,174.17,27362450.05,"南京,南京市,江苏省,中国",小雨,7,雨夹雪,6,7,-5,3~4级,北风,5~6级,3,北风,星期一,1,春节,2,0,7.58,0,无价格变动,0,468725,109715104.5,23.42,14450184.13,8.06,0,278502,87319738.37,150.75,10815489.54
2023-1-24,909693,249285399,249285501.2,102.19,32093983.01,"南京,南京市,江苏省,中国",多云,1,多云,1,-1,-7,3~4级,北风,5~6级,3,北风,星期二,2,春节,2,0,7.58,0,无价格变动,0,542108,127771961.7,40.07,16826872.61,8.06,0,324841,102406375.3,49.41,12683982.25
2023-1-25,1034945,282068419.7,282068618.8,199.1,36426491.44,"南京,南京市,江苏省,中国",多云,1,多云,1,0,-3,3~4级,东南风,<3级,0,东南风,星期三,3,春节,2,0,7.58,0,无价格变动,0,618643,144669928.3,80.88,19050357.21,8.06,0,366277,114520698.5,118.22,14183392.25
2023-1-26,1532384,408548439.4,408548636.8,197.43,52723033.81,"南京,南京市,江苏省,中国",多云,1,多云,1,6,-3,3~4级,北风,<3级,0,北风,星期四,4,春节,2,0,7.58,0,无价格变动,0,941830,217038282,57.07,28586967.72,8.06,0,523061,160411119.2,121.33,19871223.06
2023-1-27,1296471,346636615,346636803.6,188.64,44991807.67,"南京,南京市,江苏省,中国",多云,1,晴,0,3,-6,3~4级,北风,<3级,0,西北风,星期五,5,春节,2,0,7.58,0,无价格变动,0,802309,183066268.6,80.53,24116195.57,8.06,0,428017,129423760.5,108.11,16031732.01
2023-1-28,1151469,318238998.2,318239167.5,169.24,41322252.74,"南京,南京市,江苏省,中国",晴,0,晴,0,7,-2,3~4级,西南风,<3级,0,西南风,星期六,6,平时,1,4,7.58,0,无价格变动,0,702564,160851210.4,53.41,21190850.66,8.06,0,373481,115602254.9,96.13,14319247.54
2023-1-29,1127244,323338994.6,323339180.8,186.21,42135054.14,"南京,南京市,江苏省,中国",晴,0,晴,0,11,-1,3~4级,西风,<3级,0,西南风,星期日,7,平时,1,4,7.58,0,无价格变动,0,682174,155895660,66.04,20535439.23,8.06,0,351859,110816212.4,86.87,13725989.38
2023-1-30,1115829,329852976.2,329853195.8,219.58,43162015.32,"南京,南京市,江苏省,中国",晴,0,晴,0,13,0,3~4级,东南风,<3级,0,东南风,星期一,1,平时,1,4,7.58,0,无价格变动,0,668926,152762290.8,56.12,20120561.74,8.06,0,337178,106987960.7,139.19,13250897.45
2023-1-31,1136740,341844840.5,341845132.2,291.7,44908159.25,"南京,南京市,江苏省,中国",晴,0,多云,1,18,2,<3级,西风,<3级,0,东北风,星期二,2,平时,1,4,7.58,0,无价格变动,0,678487,154697099.8,87.52,20379582.01,8.06,0,335838,106870435.4,194.64,13239206.99
2023-2-1,1143159,352429614.8,352429773.8,159.03,46515104.64,"南京,南京市,江苏省,中国",多云,1,多云,1,14,1,3~4级,东北风,5~6级,3,东北风,星期三,3,平时,1,4,7.58,0,无价格变动,0,676050,155815369.6,49.06,20522054.86,8.06,0,336198,108625253,109.97,13455410.71
2023-2-2,1264053,393981821.2,393981959.7,138.52,51633515.39,"南京,南京市,江苏省,中国",阴,2,阴,2,6,2,3~4级,东风,<3级,0,东北风,星期四,4,平时,1,4,7.58,0,涨价前两天,-0.85,744202,172912364.8,45.3,22773633.09,8.06,0,375411,120708645.9,93.22,14950919.43
2023-2-3,1500923,468015946.1,468016328.3,382.19,61228232.89,"南京,南京市,江苏省,中国",多云,1,多云,1,9,-1,<3级,东南风,<3级,0,东风,星期五,5,平时,1,4,7.58,0,涨价前一天,-1.7,871999,201856099.1,96.62,26595254.4,8.06,0,458183,144391000.5,285.57,17886205.27
2023-2-4,944206,278100000,278100258.4,258.45,35502774.54,"南京,南京市,江苏省,中国",多云,1,阴,2,11,3,3~4级,东风,<3级,0,东风,星期六,6,平时,1,4,7.75,1.7,涨价当天,1.7,557475,125509707.4,55.91,16176603.92,8.24,1.8,276587,89152707.44,202.54,10803375.43
2023-2-5,969887,280032597.8,280032936.8,338.97,35704602.16,"南京,南京市,江苏省,中国",多云,1,小雨,7,12,6,3~4级,东南风,3~4级,1,东南风,星期日,7,平时,1,4,7.75,0,涨价第二天,1.275,583371,130241727.3,106.94,16781653.5,8.24,0,290185,92889621.82,232.03,11256045.8
2023-2-6,1382032,407781763.6,407781938.4,174.8,52128043.84,"南京,南京市,江苏省,中国",小雨,7,小雨,7,9,7,<3级,北风,<3级,0,东北风,星期一,1,平时,1,4,7.75,0,涨价第三天,0.95625,844361,195247600.7,26.61,25152546.26,8.24,0,390967,128249796.2,124.11,15539599.66
2023-2-7,1075067,331553937,331554199.2,262.16,42496323.61,"南京,南京市,江苏省,中国",阴,2,阴,2,9,5,<3级,东南风,3~4级,1,东风,星期二,2,平时,1,4,7.75,0,涨价第四天,0.7171875,632232,145074679.2,73.76,18692355.71,8.24,0,301443,99035048.91,188.4,11999964.68
2023-2-8,1071509,335478510.7,335478722.2,211.53,43098492.14,"南京,南京市,江苏省,中国",阴,2,小雨,7,9,6,3~4级,东风,4~5级,2,东风,星期三,3,平时,1,4,7.75,0,无价格变动,0,624545,144078901.1,39.47,18561889.63,8.24,0,300382,99290107.73,159.62,12030330.77
2023-2-9,1332719,409122285.7,409122503.1,217.43,52345609.67,"南京,南京市,江苏省,中国",中雨,8,阴,2,7,4,3~4级,东南风,<3级,0,北风,星期四,4,平时,1,4,7.75,0,无价格变动,0,794457,187172052.7,29.03,24111381.67,8.24,0,384249,127421256.7,188.4,15437115.55
2023-2-10,1169744,364123637.2,364123874.7,237.51,46671238.11,"南京,南京市,江苏省,中国",小雨,7,小雨,7,8,5,3~4级,东北风,3~4级,1,东风,星期五,5,平时,1,4,7.75,0,无价格变动,0,680625,157767152.2,64.42,20331129.04,8.24,0,337161,111224965.9,143.76,13477183.77
2023-2-11,1051668,324780859.5,324781091.2,231.68,41612115.58,"南京,南京市,江苏省,中国",小雨,7,小雨,7,9,7,3~4级,东风,3~4级,1,东风,星期六,6,平时,1,4,7.75,0,无价格变动,0,620259,144175523,60.61,18578795.03,8.24,0,307015,100470643.2,156.24,12175633.57
2023-2-12,997278,301475488,301475711.8,223.84,38567666.28,"南京,南京市,江苏省,中国",小雨,7,小雨,7,10,4,3~4级,西北风,5~6级,3,北风,星期日,7,平时,1,4,7.75,0,无价格变动,0,597571,139322669.5,102.9,17949575.96,8.24,0,300047,97894021.43,120.94,11861560.89
2023-2-13,1149049,356517273.9,356517483.9,209.97,45628945.33,"南京,南京市,江苏省,中国",小雨,7,阴,2,4,0,3~4级,北风,3~4级,1,北风,星期一,1,平时,1,4,7.75,0,无价格变动,0,670743,157253989.8,77.95,20253235.02,8.24,0,335438,111179282.3,114.02,13468392.75
2023-2-14,1157043,360970268.5,360970520.3,251.76,46448430.19,"南京,南京市,江苏省,中国",多云,1,多云,1,6,-1,3~4级,北风,<3级,0,北风,星期二,2,平时,1,4,7.75,0,无价格变动,0,663350,152354755.1,60.92,19626797.53,8.24,0,334484,109577907.3,164.05,13276620.28
2023-2-15,1127752,355375291.8,355375589.1,297.28,45653598.35,"南京,南京市,江苏省,中国",晴,0,晴,0,9,0,3~4级,北风,<3级,0,东风,星期三,3,平时,1,4,7.75,0,无价格变动,0,642489,147952196.4,74.35,19057371.47,8.24,0,323228,106354262.5,192.55,12885514.61
2023-2-16,1101633,345688432,345688625,193.04,44451636.05,"南京,南京市,江苏省,中国",晴,0,阴,2,11,6,3~4级,东南风,3~4级,1,东风,星期四,4,平时,1,4,7.75,0,无价格变动,0,628237,143946724.7,84.79,18541817.62,8.24,0,313094,103169996.2,91.31,12500870.91
2023-2-17,1151707,360467330,360467588.1,258.13,46345807.63,"南京,南京市,江苏省,中国",阴,2,阴,2,12,8,<3级,东南风,3~4级,1,东南风,星期五,5,平时,1,4,7.75,0,无价格变动,0,651594,150118882.7,125.98,19347136.52,8.24,0,338754,111039565.4,132.15,13456563.22
2023-2-18,1150771,358285461.4,358285797.6,336.17,45929644.32,"南京,南京市,江苏省,中国",阴,2,阴,2,13,3,3~4级,北风,<3级,0,北风,星期六,6,平时,1,4,7.75,0,无价格变动,0,666957,153476872,52.56,19781927.12,8.24,0,335652,108855931.6,241.58,13192756.09
2023-2-19,1136622,341322256.9,341322521.8,264.96,43708132.99,"南京,南京市,江苏省,中国",多云,1,晴,0,11,0,3~4级,北风,<3级,0,东北风,星期日,7,平时,1,4,7.75,0,无价格变动,0,670514,152074790.9,116.33,19594229.85,8.24,0,335435,107817205.9,148.63,13065296.62
2023-2-20,1108763,351045094,351045356.9,262.87,45240126.01,"南京,南京市,江苏省,中国",晴,0,晴,0,12,2,<3级,北风,4~5级,2,东北风,星期一,1,平时,1,4,7.75,0,无价格变动,0,629782,145413830.8,69.77,18733016.73,8.24,0,318399,105466014.2,154.9,12778913.4
2023-2-21,1099546,352361791.8,352361994.4,202.63,45338528.31,"南京,南京市,江苏省,中国",多云,1,多云,1,6,1,3~4级,东风,3~4级,1,东北风,星期二,2,平时,1,4,7.75,0,无价格变动,0,622986,144343777.9,56.63,18596827.97,8.24,0,311827,103569270.9,146,12549848.93
2023-2-22,1077761,347458696.1,347458916.9,220.79,44768391.84,"南京,南京市,江苏省,中国",阴,2,阴,2,6,1,3~4级,东风,3~4级,1,东风,星期三,3,平时,1,4,7.75,0,无价格变动,0,609255,141276100.4,72.01,18198190.24,8.24,0,304919,101553796.7,148.78,12303028.27
2023-2-23,1036948,335326811.6,335327018.8,207.17,43214955.14,"南京,南京市,江苏省,中国",小雨,7,小雨,7,7,3,3~4级,东风,<3级,0,北风,星期四,4,平时,1,4,7.75,0,无价格变动,0,587037,137235584,61.88,17677367.28,8.24,0,296080,98929775.1,89.34,11986382.79
2023-2-24,1177588,371485408.9,371485729,320.05,47868269.68,"南京,南京市,江苏省,中国",阴,2,多云,1,11,2,3~4级,北风,<3级,0,东北风,星期五,5,平时,1,4,7.75,0,无价格变动,0,667971,154877736.4,69.42,19958871.28,8.24,0,346927,114467784,236.06,13871735.33
2023-2-25,1132030,350412942.2,350413296.8,354.65,45027342.49,"南京,南京市,江苏省,中国",多云,1,多云,1,8,-1,3~4级,北风,3~4级,1,东风,星期六,6,平时,1,4,7.75,0,无价格变动,0,653686,149300963.2,116.85,19239409.01,8.24,0,328637,106722534.8,237.8,12931297.67
2023-2-26,1125361,337572326.6,337572609.9,283.26,43345129.69,"南京,南京市,江苏省,中国",晴,0,晴,0,10,0,3~4级,东南风,3~4级,1,东南风,星期日,7,平时,1,4,7.75,0,无价格变动,0,659776,148706599.9,100.64,19158924.48,8.24,0,332271,106499276.3,182.62,12904732.57
2023-2-27,1117161,351161237.9,351161461,223.16,45379913.36,"南京,南京市,江苏省,中国",晴,0,多云,1,13,2,3~4级,东南风,4~5级,2,东南风,星期一,1,平时,1,4,7.75,0,无价格变动,0,635807,145985142.6,44.18,18805397.47,8.24,0,319176,105164395.4,166.98,12743845.41
2023-2-28,1074400,341718211.1,341718518.9,307.82,44553253.58,"南京,南京市,江苏省,中国",阴,2,阴,2,16,7,3~4级,西南风,<3级,0,西北风,星期二,2,平时,1,4,7.75,0,无价格变动,0,606261,138520062.3,100.34,17850084.34,8.24,0,303407,99723531.16,181.61,12084720.68
2023-3-1,1056144,334785937,334786169,1091.63,43132769.78,"南京,南京市,江苏省,中国",多云,1,多云,1,17,4,3~4级,北风,3~4级,1,东北风,星期三,3,平时,1,4,7.75,0,无价格变动,0,597521,136493388.8,175.77,17584559.75,8.24,0,299675,98919490.86,900.85,11987273.99
2023-3-2,1053139,334376077.8,334376358.4,1297.22,42997298.88,"南京,南京市,江苏省,中国",多云,1,多云,1,13,4,3~4级,东南风,<3级,0,东南风,星期四,4,平时,1,4,7.75,0,无价格变动,0,592090,135085918.2,206.28,17402160.68,8.24,0,300479,99123018.52,1055.15,12011585.35
2023-3-3,1123804,353793196.1,353793537.8,1496.92,45482077.51,"南京,南京市,江苏省,中国",多云,1,多云,1,16,5,3~4级,东南风,<3级,0,南风,星期五,5,平时,1,4,7.75,0,无价格变动,0,631220,144375662.3,263.74,18606197.15,8.24,0,328181,107556304.5,1224.18,13034258.34
2023-3-4,1106650,342037188,342037495.9,1364.42,43923590.79,"南京,南京市,江苏省,中国",晴,0,晴,0,21,8,3~4级,西南风,<3级,0,东南风,星期六,6,平时,1,4,7.75,0,无价格变动,0,635405,144213100.5,292.97,18587561.84,8.24,0,321613,103753910,1059.62,12573587.77
2023-3-5,1085189,324561418.9,324561812.4,1745.82,41515924.2,"南京,南京市,江苏省,中国",晴,0,晴,0,22,8,<3级,西北风,<3级,0,南风,星期日,7,平时,1,4,7.75,0,无价格变动,0,635908,142288523,364.78,18332918.2,8.24,0,319562,101922351.7,1372.04,12351044.08
2023-3-6,1063090,335369933.3,335370121.1,998.82,43094271.67,"南京,南京市,江苏省,中国",多云,1,多云,1,24,10,3~4级,南风,<3级,0,南风,星期一,1,平时,1,4,7.75,0,无价格变动,0,599501,136733160.4,228.1,17617163.07,8.24,0,304932,100357929,758.86,12159126.82
2023-3-7,1028887,327633980.9,327634286.3,1446.52,42380270.7,"南京,南京市,江苏省,中国",多云,1,多云,1,25,12,3~4级,南风,<3级,0,西南风,星期二,2,平时,1,4,7.75,0,无价格变动,0,577415,131130640.2,204.08,16897577.73,8.24,0,291765,95960525.58,1242.44,11631031.14
2023-3-8,1036602,329670821,329671060.7,1157.31,42415447.02,"南京,南京市,江苏省,中国",多云,1,多云,1,24,12,3~4级,西南风,3~4级,1,西南风,星期三,3,平时,1,4,7.75,0,无价格变动,0,582385,132014928.8,196.11,17008304.88,8.24,0,295476,97092361.11,961.2,11766917.99
2023-3-9,1032086,327647272.2,327647577.3,1144.95,42175466.81,"南京,南京市,江苏省,中国",晴,0,多云,1,26,13,3~4级,西风,3~4级,1,南风,星期四,4,平时,1,4,7.75,0,无价格变动,0,575160,130007231.3,236.95,16750083.52,8.24,0,296165,97372939.24,871.29,11801151
2023-3-10,1123730,356432950,356433345.9,1436.57,45908121.82,"南京,南京市,江苏省,中国",多云,1,多云,1,28,16,3~4级,西南风,<3级,0,东南风,星期五,5,平时,1,4,7.75,0,无价格变动,0,627367,142900741,225.82,18416625.43,8.24,0,329416,108031414.6,1197.18,13092967.94
2023-3-11,1077767,332644983.1,332645400.8,1737.65,42726324.47,"南京,南京市,江苏省,中国",多云,1,阴,2,23,10,3~4级,西北风,4~5级,2,北风,星期六,6,平时,1,4,7.75,0,无价格变动,0,618998,139275569,406.01,17948870.17,8.24,0,312970,101220357.7,1292.59,12267165.34
2023-3-12,1173114,350722170,350722663.1,2001.51,45023318.5,"南京,南京市,江苏省,中国",多云,1,多云,1,15,5,3~4级,北风,4~5级,2,东南风,星期日,7,平时,1,4,7.75,0,无价格变动,0,692496,155432135.8,312.71,20025192.75,8.24,0,344225,110396383.4,1671.03,13377397.02
2023-3-13,1096421,347744905.2,347745290.5,1400.12,44788906.55,"南京,南京市,江苏省,中国",晴,0,晴,0,16,7,3~4级,南风,3~4级,1,东南风,星期一,1,平时,1,4,7.75,0,无价格变动,0,617268,141384920.6,295.12,18213274.25,8.24,0,314390,103873158.1,1061.27,12586468.14
2023-3-14,1062550,341270011.2,341270327,1175.13,44090096.98,"南京,南京市,江苏省,中国",晴,0,多云,1,23,10,3~4级,南风,4~5级,2,南风,星期二,2,平时,1,4,7.75,0,无价格变动,0,594189,135538223.8,250.04,17466935.26,8.24,0,302427,99738291.77,902.25,12086793.62
2023-3-15,1059696,341777060.6,341777364.9,1212.31,44182210.91,"南京,南京市,江苏省,中国",多云,1,多云,1,21,7,3~4级,北风,4~5级,2,东风,星期三,3,平时,1,4,7.75,0,无价格变动,0,593750,136099948.8,264.78,17531603.05,8.24,0,300294,99460102.17,919.76,12051862.94
2023-3-16,1082309,347814645.7,347814986.2,1085.89,44837657.48,"南京,南京市,江苏省,中国",阴,2,中雨,8,16,6,4~5级,东南风,5~6级,3,东风,星期四,4,平时,1,4,7.75,0,降价前两天,0.4,608443,139991815.6,221.47,18033713.2,8.24,0,308290,102273822.6,864.42,12392532.01
2023-3-17,1086088,337187116.4,337187523.1,1286.64,43279789.42,"南京,南京市,江苏省,中国",小雨,7,阴,2,7,4,3~4级,北风,<3级,0,北风,星期五,5,平时,1,4,7.75,0,降价前一天,0.8,623532,145473504.3,213.95,18744512.88,8.24,0,325033,106825640.1,1044.32,12943389.45
2023-3-18,1190885,368930944.4,368931369.8,1568.13,47815087.64,"南京,南京市,江苏省,中国",阴,2,多云,1,13,7,<3级,东南风,<3级,0,东风,星期六,6,平时,1,4,7.67,-0.8,降价当天,-0.8,685487,156644749,357.8,20396394.21,8.16,-0.8,351411,114012738.9,1198.33,13949831.26
2023-3-19,1138502,340802337.5,340802837.9,1569.04,44067730.06,"南京,南京市,江苏省,中国",多云,1,阴,2,14,8,3~4级,东南风,4~5级,2,东南风,星期日,7,平时,1,4,7.67,0,降价第一天,-0.6,667222,149622559.7,451.78,19479716.25,8.16,0,337347,107631515.5,1103.92,13170850.26
2023-3-20,1107509,350429586,350429963,1408.59,45530167.04,"南京,南京市,江苏省,中国",小雨,7,中雨,8,16,12,3~4级,东南风,<3级,0,东北风,星期一,1,平时,1,4,7.67,0,降价第二天,-0.45,627493,143461767.4,166.3,18676607.8,8.16,0,316427,104029083.8,1213.03,12729433.59
2023-3-21,1051751,334622984.1,334623234.5,1018.34,43479539.92,"南京,南京市,江苏省,中国",阵雨,3,阵雨,3,15,12,3~4级,东风,<3级,0,东北风,星期二,2,平时,1,4,7.67,0,降价第三天,-0.3375,597734,137688467.3,166.43,17928060.21,8.16,0,301444,99632052.41,840.36,12192930.65
2023-3-22,1021967,332419323.4,332419645.8,1086.5,43119017.03,"南京,南京市,江苏省,中国",阵雨,3,阴,2,15,11,3~4级,北风,3~4级,1,北风,星期三,3,平时,1,4,7.67,0,无价格变动,0,575064,135310219.6,343.24,17612550.27,8.16,0,296470,99245267.11,743.26,12141824.98
2023-3-23,1106146,356674078.4,356674466.6,1315.96,46395096,"南京,南京市,江苏省,中国",小雨,7,阴,2,13,8,3~4级,北风,4~5级,2,东北风,星期四,4,平时,1,4,7.67,0,无价格变动,0,620046,143277357.1,403.05,18649286.87,8.16,0,321836,106658222.6,884.29,13047936.2
2023-3-24,1201697,382027837.5,382028172.5,1378.96,49685183.83,"南京,南京市,江苏省,中国",小雨,7,阴,2,9,4,3~4级,东北风,4~5级,2,东北风,星期五,5,平时,1,4,7.67,0,无价格变动,0,670591,154579528.8,297.19,20123695.49,8.16,0,357287,117298588.4,1067.38,14351599.62
2023-3-25,1288093,392488295,392488729.9,1868.76,50998180.34,"南京,南京市,江苏省,中国",阵雨,3,阴,2,10,3,3~4级,北风,<3级,0,北风,星期六,6,平时,1,4,7.67,0,无价格变动,0,737839,166175492.3,268.48,21639618.35,8.16,0,381025,121940624.8,1589.41,14919734.22
2023-3-26,1178553,351099376.4,351099732.2,1150.78,45437853.78,"南京,南京市,江苏省,中国",多云,1,多云,1,16,6,3~4级,东北风,<3级,0,东风,星期日,7,平时,1,4,7.67,0,无价格变动,0,683345,151148893.2,344.66,19678411.54,8.16,0,353021,111927462.4,786.44,13695727.96
2023-3-27,1136674,355884776.1,355885156.5,1345.28,46305063.92,"南京,南京市,江苏省,中国",多云,1,多云,1,17,7,3~4级,东南风,3~4级,1,东南风,星期一,1,平时,1,4,7.67,0,无价格变动,0,634056,142636647.8,237.36,18569237.05,8.16,0,328700,106526341.8,1095.53,13034488.83
2023-3-28,1105855,349113754.8,349114021.2,911.49,45369573.4,"南京,南京市,江苏省,中国",多云,1,多云,1,20,10,3~4级,东南风,<3级,0,东风,星期二,2,平时,1,4,7.67,0,无价格变动,0,609632,135764974.1,171.94,17677156.9,8.16,0,316264,102119050.2,724.55,12496744.95
2023-3-29,1093892,343521224,343521576.7,1131.9,44743528.46,"南京,南京市,江苏省,中国",多云,1,阴,2,16,11,3~4级,东南风,4~5级,2,东南风,星期三,3,平时,1,4,7.67,0,无价格变动,0,603834,133756000.7,384.83,17413478.6,8.16,0,312976,100700696.6,734.4,12322741.35
2023-3-30,1090818,334726597.3,334726898.6,1122.14,43551913.1,"南京,南京市,江苏省,中国",阵雨,3,多云,1,17,9,3~4级,东南风,<3级,0,东风,星期四,4,平时,1,4,7.67,0,降价前两天,1.35,605767,133497912.1,247.1,17379618.87,8.16,0,315609,100816613.6,875.04,12337174.5
2023-3-31,1352417,384774885,384775261.6,1312.35,49835759.45,"南京,南京市,江苏省,中国",多云,1,阴,2,17,11,3~4级,东南风,<3级,0,东风,星期五,5,平时,1,4,7.67,0,降价前一天,2.7,762277,163713262.7,246.78,21322447.4,8.16,0,401213,124043504.4,1038.64,15179833.16
2023-4-1,2308178,687776521.9,687777135.9,614.03,92178323.21,"南京,南京市,江苏省,中国",多云,1,多云,1,20,11,<3级,东风,3~4级,1,东风,星期六,6,平时,1,4,7.4,-2.7,降价当天,-2.7,1352772,304519499.6,174.13,41107692.87,7.87,-2.9,694200,218595628.1,419.58,27738777.55
2023-4-2,1327269,393256732.9,393257271.4,538.55,52681234.37,"南京,南京市,江苏省,中国",多云,1,多云,1,23,14,3~4级,东南风,4~5级,2,东风,星期日,7,平时,1,4,7.4,0,降价第一天,-2.025,772908,171023104.5,203.34,23079295.67,7.87,0,404487,126581731.9,318.06,16061752.13
2023-4-3,1165545,369180162.2,369180328.9,166.69,49683196.4,"南京,南京市,江苏省,中国",中雨,8,中到大雨,22,17,14,4~5级,东南风,5~6级,3,东南风,星期一,1,平时,1,4,7.4,0,降价第二天,-1.51875,664950,152970764.8,26.18,20640439.52,7.87,0,341166,111386464,140.51,14131634.28
2023-4-4,1157858,363241728,363242084,355.94,48806804.28,"南京,南京市,江苏省,中国",小雨,7,阴,2,19,10,3~4级,西北风,4~5级,2,西北风,星期二,2,平时,1,4,7.4,0,降价第三天,-1.1390625,673113,155537014.4,114.7,20989557.07,7.87,0,346594,112367106.8,230.33,14258178.43
2023-4-5,1143482,337034424.5,337034894.6,470.13,45251413.67,"南京,南京市,江苏省,中国",阴,2,阴,2,13,9,3~4级,西风,3~4级,1,西北风,星期三,3,清明节,3,2,7.4,0,无价格变动,0,691132,153110443.6,167.04,20657968.14,7.87,0,338004,105685100.2,275.94,13407927.67
2023-4-6,1122150,355605845.2,355606136.8,291.58,47887570.26,"南京,南京市,江苏省,中国",小雨,7,阴,2,14,8,<3级,西风,<3级,0,西风,星期四,4,平时,1,4,7.4,0,无价格变动,0,633950,143718376.5,86.3,19390223.54,7.87,0,323561,104838365.1,183.81,13301021.14
2023-4-7,1171325,369383514.1,369383837.3,323.22,49773882.29,"南京,南京市,江苏省,中国",晴,0,多云,1,18,6,3~4级,北风,<3级,0,东风,星期五,5,平时,1,4,7.4,0,无价格变动,0,649987,145297548.1,60.77,19609198.95,7.87,0,347691,111003876.7,251.64,14083887.39
2023-4-8,1141804,347529446.1,347529829.1,382.94,46793187.08,"南京,南京市,江苏省,中国",晴,0,多云,1,18,7,3~4级,北风,3~4级,1,东南风,星期六,6,平时,1,4,7.4,0,无价格变动,0,646861,141472451.1,98.29,19095899.18,7.87,0,335957,105128820.8,278.65,13339152.78
2023-4-9,1455437,416421123.9,416421471.2,347.34,55828938.28,"南京,南京市,江苏省,中国",晴,0,多云,1,22,12,3~4级,东南风,<3级,0,南风,星期日,7,平时,1,4,7.4,0,无价格变动,0,854709,184167397.4,127.19,24853084.97,7.87,0,431816,132607374.6,211.15,16824810.74
2023-4-10,1095108,341716803.4,341717051.5,248.02,46049173.94,"南京,南京市,江苏省,中国",多云,1,多云,1,26,16,3~4级,西南风,<3级,0,西南风,星期一,1,平时,1,4,7.4,0,无价格变动,0,611675,135217039,75.18,18244027.59,7.87,0,313333,100022070.8,172.84,12690960.09
2023-4-11,1028582,331681398,331681573.8,175.89,44826749.28,"南京,南京市,江苏省,中国",多云,1,多云,1,27,12,3~4级,北风,4~5级,2,东北风,星期二,2,平时,1,4,7.4,0,无价格变动,0,569211,126756054,43.83,17106247.21,7.87,0,292286,94083850.72,105.74,11938732.03
2023-4-12,1052901,339270976.3,339271311.8,335.48,45885991.21,"南京,南京市,江苏省,中国",多云,1,多云,1,23,14,3~4级,东南风,4~5级,2,东南风,星期三,3,平时,1,4,7.4,0,无价格变动,0,580604,129188367,121.02,17430912.64,7.87,0,301042,96693133.5,202.81,12268614.29
2023-4-13,1055055,341962362.8,341962737.4,374.56,46237575.43,"南京,南京市,江苏省,中国",多云,1,阴,2,24,16,3~4级,东南风,3~4级,1,东南风,星期四,4,平时,1,4,7.4,0,无价格变动,0,579284,129436854.9,64.6,17463161.56,7.87,0,304176,97824887.79,278.64,12411070.44
2023-4-14,1209388,385783957.7,385784512.9,555.22,52069472.77,"南京,南京市,江苏省,中国",小雨,7,多云,1,24,14,3~4级,北风,<3级,0,北风,星期五,5,平时,1,4,7.4,0,无价格变动,0,668637,151295073.4,156.83,20422066.26,7.87,0,362789,115936576.3,360.58,14710261.72
2023-4-15,1240424,388255788.6,388256262.9,474.33,52283934.05,"南京,南京市,江苏省,中国",多云,1,多云,1,25,15,3~4级,西南风,4~5级,2,西风,星期六,6,平时,1,4,7.4,0,无价格变动,0,707209,158192611.5,175.95,21354322.95,7.87,0,367122,115031650,298.38,14595269.37
2023-4-16,1547727,472176214.6,472176804.3,589.67,63393457.36,"南京,南京市,江苏省,中国",晴,0,晴,0,27,16,3~4级,东风,3~4级,1,东风,星期日,7,平时,1,4,7.4,0,涨价前两天,-2.2,894639,198423690.7,146.85,26776313.4,7.87,0,475151,144265281.9,399.8,18305007.94
2023-4-17,2324507,720363247.4,720363712.9,465.51,96848762.24,"南京,南京市,江苏省,中国",晴,0,多云,1,34,21,3~4级,东南风,3~4级,1,西南风,星期一,1,平时,1,4,7.4,0,涨价前一天,-4.4,1316412,292007649.6,141.3,39403796.81,7.87,0,698500,211796832.7,324.21,26874520.82
2023-4-18,1378412,387857369.1,387857498,128.88,49115517.12,"南京,南京市,江苏省,中国",雷阵雨,4,阴,2,30,18,3~4级,西南风,<3级,0,东北风,星期二,2,平时,1,4,7.84,4.4,涨价当天,4.4,804993,174300886.4,45.3,22201521.54,8.34,4.7,389772,126585985.2,83.58,15157169.04
2023-4-19,913650,281039293.4,281039488.6,195.15,35703289.86,"南京,南京市,江苏省,中国",多云,1,多云,1,24,16,3~4级,北风,<3级,0,东南风,星期三,3,平时,1,4,7.84,0,涨价第二天,3.3,511536,113522854.5,79.23,14457921.9,8.34,0,252368,83792173.3,115.92,10032764.57
2023-4-20,1188197,358707609.5,358707839,229.5,45559010.62,"南京,南京市,江苏省,中国",雾,18,多云,1,26,15,3~4级,东南风,4~5级,2,东北风,星期四,4,平时,1,4,7.84,0,涨价第三天,2.475,676058,148872047.1,30.47,18960015.77,8.34,0,328412,107903556.1,199.03,12920528.17
2023-4-21,1015659,323257827.4,323258137.1,309.77,41176661.78,"南京,南京市,江苏省,中国",阴,2,多云,1,23,10,3~4级,东北风,5~6级,3,东北风,星期五,5,平时,1,4,7.84,0,涨价第四天,1.85625,563235,127361923.9,119.62,16223971.82,8.34,0,285868,95189054.49,177.27,11398031.87
2023-4-22,1253845,377323596.8,377324035,438.23,48008195.67,"南京,南京市,江苏省,中国",阴,2,中雨,8,19,12,3~4级,东风,4~5级,2,东风,星期六,6,平时,1,4,7.84,0,无价格变动,0,726394,160485817.8,153.97,20445566.56,8.34,0,352290,114504114.8,246.6,13710698.91
2023-4-23,1244397,380371155.5,380371390.4,234.89,48143102.8,"南京,南京市,江苏省,中国",小雨,7,小雨,7,13,11,3~4级,东南风,3~4级,1,东北风,星期日,7,平时,1,4,7.84,0,无价格变动,0,730942,167881295.4,77.75,21381446.9,8.34,0,354792,117659274.2,142.14,14087198.46
2023-4-24,1164183,367474418,367474791.3,373.36,46824151.59,"南京,南京市,江苏省,中国",阴,2,阴,2,16,11,3~4级,东风,3~4级,1,东风,星期一,1,平时,1,4,7.84,0,无价格变动,0,659119,151204362,61.65,19255039.75,8.34,0,331088,110593767.7,270.94,13240269.59
2023-4-25,1029383,332479002.2,332479187.4,185.13,42601223.89,"南京,南京市,江苏省,中国",阴,2,多云,1,17,9,3~4级,西北风,3~4级,1,西风,星期二,2,平时,1,4,7.84,0,无价格变动,0,571707,130733458.6,42.4,16651471.84,8.34,0,289435,96724490.47,127.73,11582110.8
2023-4-26,1037205,332650380.5,332650638.4,257.86,42358756.75,"南京,南京市,江苏省,中国",多云,1,晴,0,21,12,<3级,东南风,<3级,0,东南风,星期三,3,平时,1,4,7.84,0,无价格变动,0,573689,130911313.9,77.05,16671953.83,8.34,0,296866,98601052.76,174.81,11806438.77
2023-4-27,1093834,345610407.9,345610823,415.19,44096488.99,"南京,南京市,江苏省,中国",多云,1,阴,2,24,15,3~4级,东南风,3~4级,1,东南风,星期四,4,平时,1,4,7.84,0,降价前两天,0.65,607187,138845812,100.14,17684094.35,8.34,0,319457,105740276.4,304.95,12660931.42
2023-4-28,1353026,402745615.7,402745956.2,340.47,51117070.75,"南京,南京市,江苏省,中国",阴,2,小雨,7,25,15,<3级,西南风,5~6级,3,西北风,星期五,5,平时,1,4,7.84,0,降价前一天,1.3,772029,176854893.4,69.08,22530896.56,8.34,0,412442,133425679.5,259.97,15977254.63
2023-4-29,1512858,442822228.1,442822845.8,617.65,56829389.6,"南京,南京市,江苏省,中国",阴,2,晴,0,19,10,3~4级,西北风,<3级,0,西南风,星期六,6,劳动节,4,6,7.71,-1.3,降价当天,-1.3,900581,206815433.6,109.9,26791061.67,8.2,-1.4,458837,145258121.3,497.25,17690302.84
2023-4-30,1612343,450511154.7,450511663.1,508.38,57619387.15,"南京,南京市,江苏省,中国",晴,0,晴,0,25,12,3~4级,西风,3~4级,1,西南风,星期日,7,劳动节,4,6,7.71,0,降价第一天,-0.975,983485,221538627.9,175.77,28692925.55,8.2,0,491605,153600046.6,332.61,18704796.98
2023-5-1,1701805,460528935.9,460529264.8,328.89,58716741.91,"南京,南京市,江苏省,中国",晴,0,多云,1,28,15,3~4级,东南风,4~5级,2,东南风,星期一,1,劳动节,4,6,7.71,0,降价第二天,-0.73125,1062817,237955205.7,109.33,30817378.2,8.2,0,525943,163318793.2,206.06,19888473.21
2023-5-2,2252459,604564550.4,604564988.4,438.06,77051085.13,"南京,南京市,江苏省,中国",多云,1,雷阵雨,4,30,19,3~4级,东南风,4~5级,2,东风,星期二,2,劳动节,4,6,7.71,0,降价第三天,-0.5484375,1404541,312737346.1,112.62,40507484.11,8.2,0,694928,214309403.4,290.41,26100881.24
2023-5-3,1275055,364173244.1,364173807.8,563.69,46625297.79,"南京,南京市,江苏省,中国",中雨,8,大雨,9,22,20,3~4级,东风,4~5级,2,东南风,星期三,3,劳动节,4,6,7.71,0,无价格变动,0,784881,179254815.3,201.02,23213878.96,8.2,0,377705,119465827,347.67,14547914.89
2023-5-4,1350635,403718016.9,403718229.7,212.88,51825809.95,"南京,南京市,江苏省,中国",中雨,8,雷阵雨,4,29,22,3~4级,西南风,3~4级,1,西北风,星期四,4,平时,1,4,7.71,0,无价格变动,0,797512,182417756.4,59.55,23622617.77,8.2,0,393030,128453901.8,138.76,15641969.87
2023-5-5,1062601,332377090.9,332377403.2,312.33,42885845.7,"南京,南京市,江苏省,中国",小雨,7,阴,2,23,17,3~4级,西北风,4~5级,2,东北风,星期五,5,平时,1,4,7.71,0,无价格变动,0,612497,141396090.2,77.9,18314242.83,8.2,0,307481,101637808.2,220.52,12377279.23
2023-5-6,1078438,335235435.4,335235688.8,253.45,43322044.86,"南京,南京市,江苏省,中国",雾,18,小雨,7,20,14,3~4级,北风,4~5级,2,北风,星期六,6,平时,1,4,7.71,0,无价格变动,0,612874,138158455.7,56.78,17896478.9,8.2,0,313316,101961196.2,196.67,12416401.79
2023-5-7,1389491,402870609.9,402871140,530.12,51913808.57,"南京,南京市,江苏省,中国",雾,18,多云,1,21,12,3~4级,北风,3~4级,1,东北风,星期日,7,平时,1,4,7.71,0,无价格变动,0,823027,180382936.3,207.51,23362141.43,8.2,0,405564,127996599.8,306.29,15587759.43
2023-5-8,1354783,404930166,404930535.2,369.17,52277302.41,"南京,南京市,江苏省,中国",多云,1,多云,1,21,9,3~4级,东风,<3级,0,东南风,星期一,1,平时,1,4,7.71,0,无价格变动,0,780473,171726448.8,101.07,22237928.31,8.2,0,384235,123376457.8,210.59,15023149.04
2023-5-9,1054610,331119748.5,331120102.6,354.1,42872475.37,"南京,南京市,江苏省,中国",多云,1,多云,1,22,14,3~4级,东风,3~4级,1,东风,星期二,2,平时,1,4,7.71,0,无价格变动,0,589566,132056990.7,70.09,17103132.65,8.2,0,301538,98122761.68,252.14,11950628.47
2023-5-10,1509491,448474979.6,448475297.2,317.6,57895997.65,"南京,南京市,江苏省,中国",阴,2,小雨,7,22,15,3~4级,东南风,<3级,0,东风,星期三,3,平时,1,4,7.71,0,无价格变动,0,872803,192167615,116.37,24887383.98,8.2,0,426057,136893300.6,194.46,16670712.2
2023-5-11,1222495,371709160.3,371709559.2,398.87,48106878.35,"南京,南京市,江苏省,中国",多云,1,多云,1,22,15,3~4级,东南风,<3级,0,东南风,星期四,4,平时,1,4,7.71,0,无价格变动,0,697242,153781415.9,58.2,19914598.74,8.2,0,344183,110830498.4,321.7,13496720.89
2023-5-12,1095795,335318899,335319224,324.94,43413970.8,"南京,南京市,江苏省,中国",多云,1,晴,0,25,16,<3级,西南风,<3级,0,西南风,星期五,5,平时,1,4,7.71,0,无价格变动,0,612400,135256134,153.9,17521619.91,8.2,0,320608,102334594.5,171.04,12463658.63
2023-5-13,1382967,394943526.8,394944047.8,520.94,50940031.92,"南京,南京市,江苏省,中国",多云,1,多云,1,30,19,3~4级,西南风,<3级,0,西南风,星期六,6,平时,1,4,7.71,0,无价格变动,0,806568,172385383.5,202.52,22336746.59,8.2,0,403221,124754920.4,307.82,15195089.09
2023-5-14,1058822,302005693.2,302006271.5,578.33,38932504.19,"南京,南京市,江苏省,中国",晴,0,晴,0,31,20,3~4级,西南风,3~4级,1,西南风,星期日,7,平时,1,4,7.71,0,无价格变动,0,616850,131136069.6,166.37,16985388.21,8.2,0,311819,96250074.66,402.96,11721582.42
2023-5-15,1040722,308542103.5,308542530,426.44,39864309.32,"南京,南京市,江苏省,中国",晴,0,多云,1,33,19,3~4级,南风,<3级,0,东南风,星期一,1,平时,1,4,7.71,0,降价前两天,1.5,586588,127228585.3,87.69,16475713.59,8.2,0,297996,94307220.76,314.45,11484338.25
2023-5-16,973672,281956323.9,281956683.9,360.03,36460827.07,"南京,南京市,江苏省,中国",多云,1,雷阵雨,4,33,22,3~4级,西南风,4~5级,2,东南风,星期二,2,平时,1,4,7.71,0,降价前一天,3,547128,116623041.9,78.08,15106105.98,8.2,0,274746,85909354.4,227.25,10462786.57
2023-5-17,1184115,387801535.1,387801997.6,462.47,52271430.64,"南京,南京市,江苏省,中国",雷阵雨,4,阴,2,24,19,3~4级,东南风,3~4级,1,北风,星期三,3,平时,1,4,7.41,-3,降价当天,-3,666873,154644095.3,123.22,20835221.31,7.88,-3.2,346007,113840418.1,311.32,14424427.06
2023-5-18,1090236,344948345.5,344948792.3,446.72,46491126.17,"南京,南京市,江苏省,中国",多云,1,多云,1,24,16,3~4级,北风,<3级,0,东北风,星期四,4,平时,1,4,7.41,0,降价第一天,-2.25,611332,137422051,81.07,18514583.54,7.88,0,316567,102068629.5,337.68,12931906.89
2023-5-19,1354360,407508343.2,407508902,558.77,54783337.65,"南京,南京市,江苏省,中国",晴,0,多云,1,27,18,3~4级,东南风,<3级,0,东南风,星期五,5,平时,1,4,7.41,0,降价第二天,-1.6875,766936,169957105.2,132.1,22905762.5,7.88,0,403131,128005286.2,380.82,16220950.98
2023-5-20,1120906,333406814.6,333407288.3,473.73,44824768.44,"南京,南京市,江苏省,中国",多云,1,多云,1,28,18,3~4级,东南风,<3级,0,东风,星期六,6,平时,1,4,7.41,0,降价第三天,-1.265625,640508,139945360.4,95.78,18865205.01,7.88,0,332163,104169593.5,368.95,13199817.62
2023-5-21,1050972,307323319,307323930.1,611.11,41267720.19,"南京,南京市,江苏省,中国",多云,1,雷阵雨,4,28,16,3~4级,北风,3~4级,1,北风,星期日,7,平时,1,4,7.41,0,无价格变动,0,610135,132534471.9,191.06,17859894.5,7.88,0,314133,97969569.91,420.05,12414573.82
2023-5-22,1029203,314267212.9,314267648.7,435.79,42382043.61,"南京,南京市,江苏省,中国",阴,2,多云,1,22,13,3~4级,北风,<3级,0,东北风,星期一,1,平时,1,4,7.41,0,无价格变动,0,588217,132044709.5,150.52,17789430.25,7.88,0,298324,95948900.72,234.37,12157224.08
2023-5-23,1020651,314914431.5,314914814.7,383.19,42450276.07,"南京,南京市,江苏省,中国",多云,1,阵雨,3,24,15,3~4级,东南风,<3级,0,东南风,星期二,2,平时,1,4,7.41,0,无价格变动,0,568441,125231166.6,130.36,16876093.17,7.88,0,293263,93786777.19,215.98,11884512.79
2023-5-24,984644,306126803.1,306127253.2,450.11,41361667.84,"南京,南京市,江苏省,中国",多云,1,多云,1,19,14,3~4级,东南风,<3级,0,东南风,星期三,3,平时,1,4,7.41,0,无价格变动,0,552197,122935711.4,92.04,16562876.91,7.88,0,280241,89967723.28,341.97,11399278.51
2023-5-25,1014479,313443632.7,313444001.5,368.83,42340305.79,"南京,南京市,江苏省,中国",雾,18,阴,2,26,19,<3级,东南风,3~4级,1,东南风,星期四,4,平时,1,4,7.41,0,无价格变动,0,562344,123740837.3,103.39,16671955.57,7.88,0,292002,93283696.61,239.64,11820835.35
2023-5-26,1098024,337914082.2,337914499.1,416.92,45559182.59,"南京,南京市,江苏省,中国",雷阵雨,4,中雨,8,28,22,3~4级,东南风,<3级,0,东南风,星期五,5,平时,1,4,7.41,0,无价格变动,0,612978,136876094,116.38,18448150.53,7.88,0,324744,103875875.3,271.56,13164736.47
2023-5-27,1080989,323343153.2,323343634.3,481.12,43500811.58,"南京,南京市,江苏省,中国",雷阵雨,4,阴,2,27,22,3~4级,南风,<3级,0,南风,星期六,6,平时,1,4,7.41,0,无价格变动,0,623306,138246530.8,166.35,18635701.07,7.88,0,322436,101911720.7,300.64,12913917.11
2023-5-28,1070824,313904263.5,313904905.8,642.32,42103400.07,"南京,南京市,江苏省,中国",雾,18,雷阵雨,4,36,23,4~5级,北风,<3级,0,西北风,星期日,7,平时,1,4,7.41,0,无价格变动,0,622894,137278297.8,227.06,18498067.19,7.88,0,322600,101342509.6,389.76,12841126.4
2023-5-29,1119979,343295857.2,343296345.7,488.51,46150123.39,"南京,南京市,江苏省,中国",阵雨,3,阴,2,32,22,3~4级,北风,<3级,0,东北风,星期一,1,平时,1,4,7.41,0,涨价前两天,-0.4,635659,143265788,102.74,19302461.62,7.88,0,328322,105404564,347.8,13355792.27
2023-5-30,1540774,461693992.2,461694441.1,448.86,62094844.32,"南京,南京市,江苏省,中国",小雨,7,阴,2,22,20,3~4级,北风,<3级,0,东北风,星期二,2,平时,1,4,7.41,0,涨价前一天,-0.8,882062,193791973.6,183.19,26118471.23,7.88,0,444181,139482011.4,224.76,17676516.77
2023-5-31,986784,303701430.6,303701796.1,365.51,40630545.24,"南京,南京市,江苏省,中国",阴,2,多云,1,25,20,<3级,东北风,<3级,0,东风,星期三,3,平时,1,4,7.49,0.8,涨价当天,0.8,550283,121046159.5,116.99,16135217.41,7.97,0.9,279992,89842967.86,220.6,11255604.34
2023-6-1,1014325,313216208.9,313216589.3,24449.92,41812565.39,"南京,南京市,江苏省,中国",多云,1,多云,1,29,19,3~4级,北风,<3级,0,东北风,星期四,4,平时,1,4,7.49,0,涨价第二天,0.6,564129,124417502.6,11277.76,16584922.43,7.97,0,289531,92930684.77,13120.67,11643399.13
2023-6-2,1093223,337564648.1,337564993.1,7598.79,45041959.87,"南京,南京市,江苏省,中国",晴,0,多云,1,32,22,3~4级,西北风,<3级,0,东北风,星期五,5,平时,1,4,7.49,0,涨价第三天,0.45,606237,134581042.1,3553.94,17942206.23,7.97,0,315979,101679036.6,4044.85,12740265.44
2023-6-3,1047815,317473294.8,317473834.9,4874.68,42317550.52,"南京,南京市,江苏省,中国",阴,2,小雨,7,28,20,3~4级,东南风,<3级,0,东北风,星期六,6,平时,1,4,7.49,0,涨价第四天,0.3375,591508,128725328.1,1994.27,17166263.28,7.97,0,300285,94659192.85,2871.41,11860529.89
2023-6-4,977570,290417329.5,290418016.9,5789.41,38618049.63,"南京,南京市,江苏省,中国",阴,2,中雨,8,27,18,3~4级,北风,<3级,0,东风,星期日,7,平时,1,4,7.49,0,无价格变动,0,565791,124121632.4,1694.54,16546496.67,7.97,0,286368,90373853.54,4094.87,11323058.95
2023-6-5,998953,307561591.7,307561931.6,5438.31,40930327.8,"南京,南京市,江苏省,中国",小到中雨,21,阴,2,21,16,3~4级,西北风,3~4级,1,西北风,星期一,1,平时,1,4,7.49,0,无价格变动,0,569645,129141489.3,2091.44,17211260.08,7.97,0,290141,94083087.11,3334.94,11785803.96
2023-6-6,1060667,326915369.6,326915710.5,5043.68,43591990.05,"南京,南京市,江苏省,中国",多云,1,多云,1,27,18,3~4级,南风,<3级,0,南风,星期二,2,平时,1,4,7.49,0,无价格变动,0,590747,129990134.7,2090.07,17330398.36,7.97,0,302972,97158467.9,2953.61,12174532.34
2023-6-7,1372290,409159319.5,409159698.1,7977.13,54441116.62,"南京,南京市,江苏省,中国",多云,1,多云,1,30,20,<3级,南风,<3级,0,西南风,星期三,3,平时,1,4,7.49,0,无价格变动,0,775932,168952821.9,3093.15,22521547.5,7.97,0,392331,125065582.2,4863.32,15670585.98
2023-6-8,1084263,338084860.6,338085326.7,5419.28,45148798.55,"南京,南京市,江苏省,中国",多云,1,多云,1,32,21,3~4级,西南风,<3级,0,西风,星期四,4,平时,1,4,7.49,0,无价格变动,0,596275,130991508.1,2164.37,17460645.16,7.97,0,308065,98977703.33,3236.9,12400680.19
2023-6-9,1157838,359304407.6,359304851.4,5421.61,47923869.72,"南京,南京市,江苏省,中国",多云,1,晴,0,34,23,3~4级,西南风,3~4级,1,西南风,星期五,5,平时,1,4,7.49,0,无价格变动,0,637004,141526963,1926.57,18871439.35,7.97,0,338764,108419217,3457.67,13583946.97
2023-6-10,1090712,334997159.7,334997693.7,17573.18,44693569.35,"南京,南京市,江苏省,中国",雷阵雨,4,多云,1,35,22,3~4级,西南风,3~4级,1,东北风,星期六,6,平时,1,4,7.49,0,无价格变动,0,612538,134776887,2173.12,17972368.18,7.97,0,313555,99354565.15,3351.03,12448051.85
2023-6-11,1091184,322535777.9,322536424.1,25001.08,42951257.84,"南京,南京市,江苏省,中国",多云,1,多云,1,32,20,3~4级,东风,<3级,0,东风,星期日,7,平时,1,4,7.49,0,无价格变动,0,624042,134732518.8,2313.37,17960084.74,7.97,0,320105,99660841.23,3528.91,12486326.58
2023-6-12,1101472,341528474.7,341528914.2,22471.73,45544313.57,"南京,南京市,江苏省,中国",多云,1,多云,1,30,21,3~4级,东风,<3级,0,东风,星期一,1,平时,1,4,7.49,0,降价前两天,0.2,608989,135033291.1,2077.47,17999427.75,7.97,0,316461,101654518.2,3522.06,12736174.29
2023-6-13,1023408,320333494.7,320333965.4,21023.18,42832022.14,"南京,南京市,江苏省,中国",多云,1,多云,1,29,20,<3级,东南风,3~4级,1,西南风,星期二,2,平时,1,4,7.49,0,降价前一天,0.4,561731,124135049.8,1860.22,16548440.51,7.97,0,291258,93535673.88,2905.03,11720244.33
2023-6-14,1149215,359588089.1,359588550.7,21898.49,48229995.4,"南京,南京市,江苏省,中国",多云,1,晴,0,32,21,3~4级,北风,<3级,0,东南风,星期三,3,平时,1,4,7.45,-0.4,降价当天,-0.4,634547,141111461.8,2682.02,18913579.21,7.92,-0.5,334595,107510715.8,3886.88,13556741.96
2023-6-15,1086123,328634072.4,328634602.4,16119.27,43990824.33,"南京,南京市,江苏省,中国",多云,1,多云,1,34,23,3~4级,南风,<3级,0,东南风,星期四,4,平时,1,4,7.45,0,降价第一天,-0.3,604848,133185468.2,2231.49,17851346.9,7.92,0,314562,100056159.5,3408.16,12616733.61
2023-6-16,1130195,337588322.4,337588788.7,16551.07,45100113.35,"南京,南京市,江苏省,中国",多云,1,小雨,7,31,23,3~4级,东南风,3~4级,1,东风,星期五,5,平时,1,4,7.45,0,降价第二天,-0.225,630331,138737676.1,2694.6,18595739.04,7.92,0,334588,105654364.3,3615.61,13323516.76
2023-6-17,1024321,302427178.1,302428238.7,14385.19,40377885.71,"南京,南京市,江苏省,中国",中雨,8,大雨,9,27,22,3~4级,东南风,4~5级,2,东南风,星期六,6,平时,1,4,7.45,0,降价第三天,-0.16875,591165,131212571,2567.43,17585233.01,7.92,0,299275,94511186.1,3594.59,11916755.04
2023-6-18,962413,276767353.7,276768007,10576.11,36804558.29,"南京,南京市,江苏省,中国",大雨,9,暴雨,10,24,23,<3级,东南风,3~4级,1,东南风,星期日,7,平时,1,4,7.45,0,无价格变动,0,570720,127565983.5,2237.37,17094060.08,7.92,0,293406,92106582.18,3277.63,11612118.87
2023-6-19,1039968,306932494.3,306932933.8,10340.52,40859454.16,"南京,南京市,江苏省,中国",中雨,8,多云,1,28,23,3~4级,东南风,<3级,0,西风,星期一,1,平时,1,4,7.45,0,无价格变动,0,603837,137296788,1800.76,18397932.18,7.92,0,309308,99486755.94,3567.47,12543074.33
2023-6-20,1206608,363979933.3,363980579.9,12888.87,48660308.7,"南京,南京市,江苏省,中国",多云,1,多云,1,30,22,3~4级,北风,<3级,0,北风,星期二,2,平时,1,4,7.45,0,无价格变动,0,680688,151565200.9,2474.16,20318163.71,7.92,0,352925,113144259.9,4028.03,14267957.42
2023-6-21,1378440,408201311.5,408202064.8,8843.7,54395277.25,"南京,南京市,江苏省,中国",多云,1,多云,1,32,24,3~4级,东北风,<3级,0,东北风,星期三,3,平时,1,4,7.45,0,无价格变动,0,784194,176001431.4,2614.36,23591189.92,7.92,0,416157,132108513.8,4210.4,16658306.12
2023-6-22,1423317,390574856.5,390575555.4,8580.74,51823997.62,"南京,南京市,江苏省,中国",多云,1,多云,1,32,22,<3级,南风,<3级,0,东风,星期四,4,端午,5,3,7.45,0,无价格变动,0,859015,186560263.1,2837.34,25003991.95,7.92,0,434741,133188144.8,3965.8,16794432.55
2023-6-23,1123593,319125707.9,319126219.9,7407.3,42557990.59,"南京,南京市,江苏省,中国",多云,1,雷阵雨,4,30,21,3~4级,东风,3~4级,1,东风,星期五,5,端午,5,3,7.45,0,无价格变动,0,659205,142140768.9,2313.49,19057828.8,7.92,0,330985,102209896.7,3894.21,12889833.86
2023-6-24,1243901,350331636.5,350332297.6,8035.67,46633525.78,"南京,南京市,江苏省,中国",小雨,7,雷阵雨,4,22,21,3~4级,东风,<3级,0,东风,星期六,6,端午,5,3,7.45,0,无价格变动,0,737766,161524570.4,2376.67,21655662.1,7.92,0,373470,115734773.8,3389.4,14593328.82
2023-6-25,1246311,374358489.2,374359089.8,10286.91,49951664.44,"南京,南京市,江苏省,中国",大雨,9,阴,2,27,23,<3级,西南风,3~4级,1,西南风,星期日,7,平时,1,4,7.45,0,无价格变动,0,724744,164325601.8,3663.96,22026300.71,7.92,0,368147,118132095.3,5645.69,14895416.8
2023-6-26,1205758,359833770.4,359834318.9,6563.1,48109977.85,"南京,南京市,江苏省,中国",多云,1,多云,1,29,23,3~4级,西风,<3级,0,西南风,星期一,1,平时,1,4,7.45,0,无价格变动,0,689459,153213426.2,2933.63,20534437.72,7.92,0,351284,111728162.4,3597.25,14087934.59
2023-6-27,1272190,385429465.2,385430046.5,6511.44,51631334.51,"南京,南京市,江苏省,中国",多云,1,多云,1,32,26,3~4级,西南风,<3级,0,南风,星期二,2,平时,1,4,7.45,0,涨价前两天,-0.25,714883,158244253.1,2337.05,21215084.98,7.92,0,373293,118853438.8,4162.39,14988993.54
2023-6-28,1295434,395777423.1,395777953.7,7263.86,53041980.2,"南京,南京市,江苏省,中国",多云,1,阴,2,34,28,3~4级,西南风,4~5级,2,西南风,星期三,3,平时,1,4,7.45,0,涨价前一天,-0.5,728328,162516392.8,3047.53,21783067.65,7.92,0,380567,121366236.6,4204.02,15304312.38
2023-6-29,1409838,417818412.2,417819144.9,8329.67,55332251.71,"南京,南京市,江苏省,中国",中雨,8,大雨,9,32,25,3~4级,西南风,4~5级,2,西风,星期四,4,平时,1,4,7.5,0.5,涨价当天,0.5,814575,181620824.8,3332.68,24182800.08,7.98,0.6,411200,131530803.2,4956.14,16461173.25
2023-6-30,1274951,383114225.3,383114891.5,6056.53,50766912.8,"南京,南京市,江苏省,中国",阵雨,3,阴,2,27,24,<3级,北风,<3级,0,东南风,星期五,5,平时,1,4,7.5,0,涨价第二天,0.375,731522,166382688,2363.9,22157186.01,7.98,0,382456,122811285,3656.41,15370462.81
2023-7-1,1394906,399489811.6,399490431.9,7417.32,52879299.1,"南京,南京市,江苏省,中国",多云,1,中雨,8,32,26,<3级,东南风,<3级,0,东南风,星期六,6,平时,1,4,7.5,0,涨价第三天,0.28125,821866,180470553.5,2863.39,24035083.48,7.98,0,407555,127717899.5,4538.91,15983814.78
2023-7-2,1102538,319332533.9,319333491.5,7005.43,42272999.35,"南京,南京市,江苏省,中国",中雨,8,阴,2,31,27,3~4级,西风,<3级,0,西南风,星期日,7,平时,1,4,7.5,0,涨价第四天,0.2109375,649318,143831313.9,3069.16,19148849.19,7.98,0,327697,103453825,3922.54,12947232.77
2023-7-3,1324561,408004800.3,408005434.6,6774.79,54171986.56,"南京,南京市,江苏省,中国",雾,18,阴,2,33,28,3~4级,西风,4~5级,2,西南风,星期一,1,平时,1,4,7.5,0,无价格变动,0,749366,171690653.8,2805.35,22859612.87,7.98,0,387295,126350598.4,3969.44,15811744.93
2023-7-4,1663761,499486117.7,499487110.8,7450.66,66396985.1,"南京,南京市,江苏省,中国",多云,1,雷阵雨,4,33,25,3~4级,西南风,<3级,0,西风,星期二,2,平时,1,4,7.5,0,无价格变动,0,955044,212067063.8,3154.9,28243581.21,7.98,0,477294,153049865.2,4226.1,19156558.79
2023-7-5,1180913,356361412.9,356362163.4,7185.78,47420825.87,"南京,南京市,江苏省,中国",多云,1,阴,2,33,25,<3级,南风,<3级,0,西南风,星期三,3,平时,1,4,7.5,0,无价格变动,0,672015,149129068.6,2787.19,19854411.11,7.98,0,338715,108521975.7,4370.91,13581413.28
2023-7-6,1534939,466360557.9,466361485.9,10642.07,62029498.58,"南京,南京市,江苏省,中国",多云,1,中雨,8,35,27,3~4级,西风,4~5级,2,西南风,星期四,4,平时,1,4,7.5,0,无价格变动,0,872148,195883520.9,4227.93,26080446.48,7.98,0,450900,145571934.5,6372.48,18217471.17
2023-7-7,2043936,590650200.2,590650742.1,11263,78241829.97,"南京,南京市,江苏省,中国",大雨,9,中雨,8,31,26,<3级,东南风,4~5级,2,西南风,星期五,5,平时,1,4,7.5,0,无价格变动,0,1200024,268269593.3,4399.15,35725713.41,7.98,0,600688,190079354.8,6799.65,23787455.03
2023-7-8,1495227,440202750.4,440203808.9,8072.8,58450401.28,"南京,南京市,江苏省,中国",阴,2,多云,1,33,27,3~4级,西南风,<3级,0,西南风,星期六,6,平时,1,4,7.5,0,无价格变动,0,875834,194004253.5,3305.25,25838013.56,7.98,0,438105,138820457.4,4689.07,17371799.28
2023-7-9,1422774,439057076.6,439058398.5,7736.88,58517800.86,"南京,南京市,江苏省,中国",多云,1,中雨,8,33,26,3~4级,西南风,4~5级,2,南风,星期日,7,平时,1,4,7.5,0,无价格变动,0,804592,179642153.1,3211.31,23919679.39,7.98,0,423174,135072167,4420.73,16903693.77
2023-7-10,1144090,342427421.7,342428058.9,6713.06,45519933.66,"南京,南京市,江苏省,中国",小雨,7,多云,1,30,27,3~4级,东南风,3~4级,1,南风,星期一,1,平时,1,4,7.5,0,无价格变动,0,658326,147411490.8,2832.04,19627596.44,7.98,0,332162,106430250.6,3837.56,13319113.49
2023-7-11,1607016,470601074.5,470601589.2,11308.15,62481743.25,"南京,南京市,江苏省,中国",多云,1,多云,1,35,27,3~4级,南风,3~4级,1,南风,星期二,2,平时,1,4,7.5,0,涨价前两天,-0.6,938721,208726153.6,4751.57,27795150.86,7.98,0,463327,147470375,6519.62,18456051.81
2023-7-12,1524251,461639712.8,461640492,9501.33,61389693.03,"南京,南京市,江苏省,中国",多云,1,阴,2,35,29,3~4级,西南风,<3级,0,西南风,星期三,3,平时,1,4,7.5,0,涨价前一天,-1.2,876195,196006868.1,3774.74,26095081.1,7.98,0,441937,141094474.9,5697.79,17656851.55
2023-7-13,1113467,336547730,336548389.1,6214.73,44033362.85,"南京,南京市,江苏省,中国",阴,2,阴,2,33,28,3~4级,西南风,<3级,0,西南风,星期四,4,平时,1,4,7.62,1.2,涨价当天,1.2,635867,142893043.3,2378.22,18725195.75,8.11,1.3,320371,103851314.7,3799.63,12788511.91
2023-7-14,1608991,466065546.5,466066104,8366.85,60686033.82,"南京,南京市,江苏省,中国",雷阵雨,4,多云,1,33,27,3~4级,西南风,3~4级,1,西南风,星期五,5,平时,1,4,7.62,0,涨价第二天,0.9,931813,206986470.1,3042.75,27130444.85,8.11,0,479057,152185690.8,5324.1,18740327.64
2023-7-15,1384049,400840728.2,400841550.2,7569.34,52339263.76,"南京,南京市,江苏省,中国",阴,2,雷阵雨,4,31,24,<3级,西风,3~4级,1,南风,星期六,6,平时,1,4,7.62,0,涨价第三天,0.675,815902,178582108,2881.56,23410976.32,8.11,0,395540,125105039.3,4687.78,15404899.3
2023-7-16,1209451,344147763.4,344148668.2,7233.05,44851339.05,"南京,南京市,江苏省,中国",小雨,7,中到大雨,22,26,24,<3级,西风,3~4级,1,东风,星期日,7,平时,1,4,7.62,0,涨价第四天,0.50625,722758,157975812.2,3013.79,20703285.77,8.11,0,354155,111112753.6,4204.04,13682230.99
2023-7-17,1153315,347276374.4,347276871.9,6688.46,45499699.91,"南京,南京市,江苏省,中国",大雨,9,阴,2,28,23,3~4级,东北风,3~4级,1,东风,星期一,1,平时,1,4,7.62,0,无价格变动,0,666324,150655054,2755.77,19743466.85,8.11,0,333911,108264894.4,3879.69,13331522.9
2023-7-18,1201653,367839494.5,367840265.8,8018.59,48145234.97,"南京,南京市,江苏省,中国",多云,1,阴,2,32,25,<3级,东风,<3级,0,东风,星期二,2,平时,1,4,7.62,0,无价格变动,0,680811,153300283.4,2969.53,20094213.94,8.11,0,346831,112596918.9,5001.37,13865087.35
2023-7-19,1128567,348428001.3,348428594.2,6539.71,45601422.44,"南京,南京市,江苏省,中国",中雨,8,中雨,8,28,25,3~4级,东风,3~4级,1,东风,星期三,3,平时,1,4,7.62,0,无价格变动,0,640783,145273004.1,2716.5,19037057.58,8.11,0,325928,106368441.9,3778.87,13097985.52
2023-7-20,1154504,357730317.7,357731287,7377.27,46790656.57,"南京,南京市,江苏省,中国",小雨,7,雷阵雨,4,31,25,3~4级,北风,<3级,0,南风,星期四,4,平时,1,4,7.62,0,无价格变动,0,660529,151113690.4,3134.14,19802823.34,8.11,0,339148,110952567,4235.33,13662540.27
2023-7-21,1326038,400509424.6,400510189.4,7034.01,52303979,"南京,南京市,江苏省,中国",中雨,8,雷阵雨,4,31,26,<3级,西南风,<3级,0,南风,星期五,5,平时,1,4,7.62,0,无价格变动,0,759343,172511394.4,2756.27,22615425.64,8.11,0,394249,127753635.4,4249.12,15732679.68
2023-7-22,1154236,344396424.1,344397348.7,7578.97,44992189.22,"南京,南京市,江苏省,中国",中雨,8,阴,2,31,25,3~4级,西南风,3~4级,1,西南风,星期六,6,平时,1,4,7.62,0,无价格变动,0,671334,150142356.2,2827.65,19682970.11,8.11,0,338847,108329987.8,4749.59,13341556.16
2023-7-23,1316309,381189919.7,381191194.8,11376.05,49695251.09,"南京,南京市,江苏省,中国",阴,2,多云,1,32,26,3~4级,西南风,3~4级,1,西南风,星期日,7,平时,1,4,7.62,0,无价格变动,0,774657,171090372.4,4773.91,22423067.57,8.11,0,396936,125118584.1,6578.28,15407124.49
2023-7-24,1201399,365494753.4,365495435.7,7991.68,47788361.51,"南京,南京市,江苏省,中国",晴,0,阴,2,33,26,3~4级,南风,<3级,0,东南风,星期一,1,平时,1,4,7.62,0,无价格变动,0,687537,154900828.7,3117.56,20300945.54,8.11,0,348935,112839023.9,4821.56,13895425.47
2023-7-25,1372840,427044086.7,427044867.2,9059.98,55879430.86,"南京,南京市,江苏省,中国",雷阵雨,4,阴,2,34,26,3~4级,东南风,3~4级,1,东南风,星期二,2,平时,1,4,7.62,0,涨价前两天,-1.1,778814,178143052.9,3760.99,23350545.7,8.11,0,405820,131802047.7,5287.22,16231990.18
2023-7-26,1357859,437492191.6,437493209.1,10180.61,57359933.45,"南京,南京市,江苏省,中国",阵雨,3,阴,2,32,27,3~4级,东风,<3级,0,东南风,星期三,3,平时,1,4,7.62,0,涨价前一天,-2.2,761269,175343155,3796.33,22978179.26,8.11,0,402969,130320735.1,6372.8,16048399.64
2023-7-27,1343198,403281160.1,403282037.9,6591.13,51163937.84,"南京,南京市,江苏省,中国",雷阵雨,4,雷阵雨,4,32,26,3~4级,东南风,5~6级,3,东风,星期四,4,平时,1,4,7.84,2.2,涨价当天,2.2,772048,174991106.3,2330.12,22267730.15,8.34,2.3,388333,127457431.5,4181.87,15263009.27
2023-7-28,1229699,381276642.4,381277432.8,6734.99,48491140.51,"南京,南京市,江苏省,中国",中雨,8,小雨,7,31,25,3~4级,东南风,4~5级,2,东南风,星期五,5,平时,1,4,7.84,0,涨价第二天,1.65,698335,161652424.4,2961.27,20596880.09,8.34,0,361347,119963010.3,3724.35,14366947.26
2023-7-29,1055465,316719583.5,316720390.9,6865.3,40305408.74,"南京,南京市,江苏省,中国",雷阵雨,4,雷阵雨,4,31,25,3~4级,东南风,5~6级,3,东南风,星期六,6,平时,1,4,7.84,0,涨价第三天,1.2375,613995,138480504.2,2522.69,17644588.54,8.34,0,309377,100646619.9,4271.31,12052806.28
2023-7-30,1069357,314232134.3,314233239.2,6786.7,39856361.85,"南京,南京市,江苏省,中国",小雨,7,多云,1,29,26,3~4级,南风,4~5级,2,东南风,星期日,7,平时,1,4,7.84,0,涨价第四天,0.928125,630214,140393326.4,2816.97,17883603.97,8.34,0,315972,101325977.9,3943.35,12133885.23
2023-7-31,1152078,352142685.8,352143388.4,6617.45,44754898.11,"南京,南京市,江苏省,中国",雷阵雨,4,多云,1,31,26,3~4级,东南风,4~5级,2,东风,星期一,1,平时,1,4,7.84,0,无价格变动,0,660389,149781687.7,2535.49,19079509.65,8.34,0,331612,108764057.2,3935.99,13023423.6
2023-8-1,1226921,389963544.2,389964291.9,6932.45,49657941.22,"南京,南京市,江苏省,中国",雷阵雨,4,多云,1,32,25,3~4级,东南风,<3级,0,东南风,星期二,2,平时,1,4,7.84,0,无价格变动,0,690913,159281559.4,2811.83,20293198.69,8.34,0,352883,117312982.9,4103.18,14050227.11
2023-8-2,1562138,466214358.2,466215039,14456.05,59143492.47,"南京,南京市,江苏省,中国",阴,2,多云,1,33,26,3~4级,东南风,<3级,0,东风,星期三,3,平时,1,4,7.84,0,无价格变动,0,906424,203807753.4,6409.92,25959641.06,8.34,0,454268,147480121.2,7991.75,17658647.74
2023-8-3,1479583,451267469.6,451268459.8,11699.62,57374934.45,"南京,南京市,江苏省,中国",多云,1,晴,0,33,26,3~4级,东南风,<3级,0,东风,星期四,4,平时,1,4,7.84,0,无价格变动,0,849925,192208349,4837.41,24481810.37,8.34,0,424120,138758425,6850.57,16617330.34
2023-8-4,1360022,423460694.4,423461435.3,7877.72,53884783.35,"南京,南京市,江苏省,中国",阴,2,多云,1,34,26,3~4级,东南风,3~4级,1,东风,星期五,5,平时,1,4,7.84,0,无价格变动,0,771362,177407221.9,2800.33,22604049.34,8.34,0,399202,131203592.5,5055.03,15713253.6
2023-8-5,1263211,383271603.5,383272541.3,7965.96,48646792.27,"南京,南京市,江苏省,中国",多云,1,多云,1,35,27,<3级,东南风,<3级,0,东南风,星期六,6,平时,1,4,7.84,0,无价格变动,0,732067,166405140.3,3357.66,21202576.63,8.34,0,374271,121117159.3,4554.91,14504461.02
2023-8-6,1299452,401778747.6,401780584.1,7855.36,50988046.81,"南京,南京市,江苏省,中国",阴,2,雷阵雨,4,35,27,3~4级,北风,<3级,0,东北风,星期日,7,平时,1,4,7.84,0,无价格变动,0,750208,171539939.9,3138.36,21850534.26,8.34,0,393181,128041884.9,4637.9,15332598.73
2023-8-7,1318005,414908626.8,414909477.8,7274.47,52739467.74,"南京,南京市,江苏省,中国",阴,2,多云,1,33,26,3~4级,北风,<3级,0,东北风,星期一,1,平时,1,4,7.84,0,无价格变动,0,749286,172862417.6,2783.28,22019683.29,8.34,0,383414,126594750.5,4482.19,15157588.91
2023-8-8,1519962,488248702.2,488250082.4,9875.08,62184943.22,"南京,南京市,江苏省,中国",多云,1,多云,1,32,24,3~4级,北风,3~4级,1,北风,星期二,2,平时,1,4,7.84,0,无价格变动,0,856440,197859525.3,3522.92,25208734.32,8.34,0,445900,147168709,6232.75,17625601.82
2023-8-9,1772422,565945177.7,565946481,12358.13,71946170.6,"南京,南京市,江苏省,中国",阴,2,阴,2,32,25,3~4级,北风,3~4级,1,北风,星期三,3,平时,1,4,7.84,0,无价格变动,0,1004623,234120667.3,4739.85,29822617.34,8.34,0,529960,173171916.6,7589.61,20738550.54
2023-8-10,1240554,387300711.5,387301598.7,6614.11,48017967.15,"南京,南京市,江苏省,中国",多云,1,多云,1,33,25,3~4级,北风,<3级,0,北风,星期四,4,平时,1,4,8.04,2,无价格变动,0,699586,160791766.3,2697.43,19972857.23,8.55,2.1,360097,120739718.9,3871.9,14103932.43
2023-8-11,1470020,455304466.7,455305433.7,8174.28,56363392.03,"南京,南京市,江苏省,中国",多云,1,多云,1,35,25,3~4级,南风,3~4级,1,东南风,星期五,5,平时,1,4,8.04,0,无价格变动,0,832465,193399484.2,3434.37,24030676.48,8.55,0,438149,146072003.2,4722.68,17064021.41
2023-8-12,1543803,457729987.4,457730880.4,11374.45,56564251.54,"南京,南京市,江苏省,中国",多云,1,多云,1,37,27,3~4级,东南风,3~4级,1,东南风,星期六,6,平时,1,4,8.04,0,无价格变动,0,909522,206179193.1,4295.47,25619212.92,8.55,0,453398,147479246.7,7052.62,17227832.78
2023-8-13,1264213,373247734.5,373249042.7,8300.81,46111540.79,"南京,南京市,江苏省,中国",多云,1,雷阵雨,4,35,26,4~5级,北风,<3级,0,东北风,星期日,7,平时,1,4,8.04,0,无价格变动,0,752611,169565551,3183.64,21061699.57,8.55,0,370251,120083026.8,5079.2,14025398.42
2023-8-14,1453608,442362089.7,442362976.7,7929.61,54733102.12,"南京,南京市,江苏省,中国",多云,1,多云,1,33,25,3~4级,西北风,<3级,0,东北风,星期一,1,平时,1,4,8.04,0,无价格变动,0,846217,193714932.2,2958.09,24061595.31,8.55,0,419620,138840287.6,4952.46,16216682.2
2023-8-15,1227837,386454614.2,386455523.7,7871.16,47912355.16,"南京,南京市,江苏省,中国",多云,1,晴,0,32,25,3~4级,西风,<3级,0,东南风,星期二,2,平时,1,4,8.04,0,无价格变动,0,703128,162986424.7,3149.44,20246192.72,8.55,0,353164,118493620.9,4685.24,13842042.35
2023-8-16,1216282,397674113.5,397674751.7,6850.75,49348453.62,"南京,南京市,江苏省,中国",阴,2,多云,1,33,26,3~4级,西风,<3级,0,东风,星期三,3,平时,1,4,8.04,0,无价格变动,0,680016,159884759.1,2767.07,19859113.42,8.55,0,352978,119839309.2,4034.23,13998497.94
2023-8-17,1209772,384108289.6,384109216.4,7694.01,47600611.15,"南京,南京市,江苏省,中国",多云,1,晴,0,32,24,3~4级,东南风,<3级,0,东风,星期四,4,平时,1,4,8.04,0,无价格变动,0,684740,159556387.1,2985.39,19819090.38,8.55,0,354776,119173831.4,4678.74,13920154.81
2023-8-18,1239868,394976989.2,394978088.5,9049.97,48956078,"南京,南京市,江苏省,中国",雷阵雨,4,多云,1,33,25,3~4级,东南风,<3级,0,东风,星期五,5,平时,1,4,8.04,0,无价格变动,0,696653,163216402,3267.71,20281718.36,8.55,0,370926,124157954.3,5752.49,14504633.39
2023-8-19,1491921,455655186.8,455656334.2,13174.67,56403085.47,"南京,南京市,江苏省,中国",多云,1,多云,1,32,26,3~4级,东南风,3~4级,1,东南风,星期六,6,平时,1,4,8.04,0,无价格变动,0,869856,199513341.9,5019.61,24789953.91,8.55,0,439681,144342142.4,8122.37,16859816.88
2023-8-20,1506853,444181246.4,444182319.1,9077.05,54855032.9,"南京,南京市,江苏省,中国",阴,2,多云,1,32,26,3~4级,东南风,4~5级,2,东南风,星期日,7,平时,1,4,8.04,0,无价格变动,0,897880,203340112.1,3202.44,25259461.76,8.55,0,446025,144761580,5833.51,16909535.45
2023-8-21,1370085,428742520.7,428743415,8739.59,53038517.04,"南京,南京市,江苏省,中国",阴,2,中雨,8,33,25,3~4级,西南风,<3级,0,西南风,星期一,1,平时,1,4,8.04,0,无价格变动,0,785708,183032343.3,3503.24,22735423.99,8.55,0,397862,133371027.8,5219.17,15577206.2
2023-8-22,1340691,421842409.3,421843323.1,8924.38,52202576.66,"南京,南京市,江苏省,中国",多云,1,阴,2,27,24,<3级,西风,<3级,0,北风,星期二,2,平时,1,4,8.04,0,涨价前两天,-0.2,773748,181028290.5,3684.27,22489107.95,8.55,0,394652,131704602.1,5170.63,15386597.6
2023-8-23,1296241,413046992.6,413047922.5,15510.81,51179775.24,"南京,南京市,江苏省,中国",阴,2,多云,1,32,23,3~4级,北风,3~4级,1,东风,星期三,3,平时,1,4,8.04,0,涨价前一天,-0.4,733070,171085361,6050.79,21250411.76,8.55,0,382925,127839702.2,9398.28,14932306.91
2023-8-24,1368321,422165717.5,422166736.2,9333.23,52065419.47,"南京,南京市,江苏省,中国",多云,1,多云,1,32,23,<3级,东南风,3~4级,1,东风,星期四,4,平时,1,4,8.08,0.4,涨价当天,0.4,784328,178790592.4,2710.54,22097421.16,8.59,0.4,392951,130429038.3,6576.72,15164511.97
2023-8-25,1379425,438758613.2,438759760.9,8435.39,54094443.48,"南京,南京市,江苏省,中国",多云,1,阴,2,32,26,3~4级,东南风,<3级,0,东风,星期五,5,平时,1,4,8.08,0,涨价第二天,0.3,772677,181065536.8,3127.04,22388939.04,8.59,0,411772,138122669.4,5202.59,16060781.51
2023-8-26,1276088,394991493.9,394992832.9,9118.42,48654409.79,"南京,南京市,江苏省,中国",多云,1,阴,2,31,25,3~4级,东风,3~4级,1,东南风,星期六,6,平时,1,4,8.08,0,涨价第三天,0.225,733863,169124676.9,3563.99,20913549.96,8.59,0,379763,125298576.8,5514.97,14568276.62
2023-8-27,1224045,371719191.3,371720491.4,8052.59,45684467.78,"南京,南京市,江苏省,中国",阴,2,中雨,8,31,24,3~4级,东南风,5~6级,3,西风,星期日,7,平时,1,4,8.08,0,涨价第四天,0.16875,724280,168220296.7,3271.4,20792837.9,8.59,0,365850,121162740.8,4763.68,14086023.87
2023-8-28,1308659,407771372,407772287.6,8619.31,50193000.13,"南京,南京市,江苏省,中国",阵雨,3,阴,2,25,22,3~4级,西北风,3~4级,1,北风,星期一,1,平时,1,4,8.08,0,无价格变动,0,761674,179049465.5,3323.48,22129244.15,8.59,0,384357,128654252.2,5212.85,14954849.79
2023-8-29,1179237,372120969,372121965.1,8188.89,45931543.56,"南京,南京市,江苏省,中国",阴,2,阴,2,28,22,3~4级,北风,3~4级,1,北风,星期二,2,平时,1,4,8.08,0,无价格变动,0,677115,156834609.3,3188.59,19389026.8,8.59,0,342640,114577106.8,4963.46,13323664.01
2023-8-30,1332375,407295066.3,407295965.2,12019.55,50132674.58,"南京,南京市,江苏省,中国",阴,2,阴,2,24,20,<3级,南风,<3级,0,北风,星期三,3,平时,1,4,8.08,0,无价格变动,0,781070,180170497,4973.55,22269944.53,8.59,0,390475,129499510.9,6993.59,15057070.87
2023-8-31,1414617,428734338,428735242.8,9395.57,52871841.7,"南京,南京市,江苏省,中国",阴,2,多云,1,28,19,3~4级,东南风,3~4级,1,东风,星期四,4,平时,1,4,8.08,0,无价格变动,0,821764,184769404.6,3573.2,22839632.35,8.59,0,400055,131485129.8,5765.95,15288150.34
2023-9-1,1284196,402852339.2,402853311.9,7830.62,49649721.23,"南京,南京市,江苏省,中国",阴,2,多云,1,29,20,3~4级,东风,4~5级,2,东北风,星期五,5,平时,1,4,8.08,0,无价格变动,0,728680,168929543.4,2743.03,20889802.91,8.59,0,380789,127016878.8,5072.59,14770366.12
2023-9-2,1340898,406711623,406712865,8939.97,50061547.52,"南京,南京市,江苏省,中国",多云,1,多云,1,29,22,3~4级,东风,3~4级,1,东风,星期六,6,平时,1,4,8.08,0,无价格变动,0,776911,176187007,3164.19,21791379.45,8.59,0,396185,129588457.9,5684.39,15072354.44
2023-9-3,1125847,339508379.1,339509746.9,8459.12,41821053.31,"南京,南京市,江苏省,中国",阴,2,阴,2,29,23,3~4级,北风,3~4级,1,东北风,星期日,7,平时,1,4,8.08,0,无价格变动,0,657402,148124932,3157.27,18312782.09,8.59,0,333545,108730108,5256.39,12643685.41
2023-9-4,1093178,348665210.7,348666134.8,7397.12,43042260.01,"南京,南京市,江苏省,中国",阵雨,3,多云,1,30,24,3~4级,北风,3~4级,1,东北风,星期一,1,平时,1,4,8.08,0,无价格变动,0,615842,142615625.2,2590.11,17631412.88,8.59,0,314388,105957341.8,4807.01,12322651.87
2023-9-5,1380860,436145922.2,436146831.7,11601.15,53891560.4,"南京,南京市,江苏省,中国",小雨,7,多云,1,31,24,3~4级,东风,3~4级,1,东北风,星期二,2,平时,1,4,8.08,0,无价格变动,0,778373,177954914,4585.62,22001172.41,8.59,0,395338,132132692.6,6978.31,15366434.73
2023-9-6,1226732,401212149.5,401213116.7,8050.56,49616461.73,"南京,南京市,江苏省,中国",阴,2,多云,1,30,23,<3级,东风,<3级,0,东风,星期三,3,平时,1,4,8.08,0,无价格变动,0,679751,158208923.9,2939.95,19555919.77,8.59,0,354389,120003414.6,5038.41,13954480.36
2023-9-7,1471634,460954168.2,460955088.2,11681.3,56837754.08,"南京,南京市,江苏省,中国",多云,1,晴,0,32,23,3~4级,东南风,<3级,0,东风,星期四,4,平时,1,4,8.08,0,无价格变动,0,832321,191549585,4788.58,23678313.54,8.59,0,429179,143813368.3,6851.53,16722021.16
2023-9-8,1224774,394148551.4,394149376.2,8152.36,48461859.27,"南京,南京市,江苏省,中国",阴,2,晴,0,31,23,3~4级,东南风,3~4级,1,东风,星期五,5,平时,1,4,8.08,0,无价格变动,0,674146,156260349.5,3073.68,19323374.99,8.59,0,345443,115466672.5,5078.68,13427646.91
2023-9-9,1135602,358426510.1,358427602.2,7922.2,44261969.91,"南京,南京市,江苏省,中国",晴,0,晴,0,31,22,3~4级,东南风,<3级,0,东风,星期六,6,平时,1,4,8.08,0,无价格变动,0,646698,148486924.5,3172.75,18361650.26,8.59,0,334504,110689101.3,4664.33,12871196.44
2023-9-10,1394117,417495809.1,417497288.9,9650.77,51409501,"南京,南京市,江苏省,中国",多云,1,多云,1,31,24,3~4级,东南风,<3级,0,东风,星期日,7,平时,1,4,8.08,0,无价格变动,0,812069,181775417.7,3790.6,22472492.28,8.59,0,416248,134738347.8,5816.65,15668279.66
2023-9-11,1125503,364538310.2,364539258.1,7300.38,45045259.74,"南京,南京市,江苏省,中国",小雨,7,中雨,8,31,24,3~4级,东南风,<3级,0,东北风,星期一,1,平时,1,4,8.08,0,无价格变动,0,628601,146320162.8,2611.48,18089116.42,8.59,0,323879,109743450.9,4677.86,12760882.29
2023-9-12,1092757,356375500.2,356376249.8,6656.74,44055705.87,"南京,南京市,江苏省,中国",雷阵雨,4,大雨,9,27,23,3~4级,北风,3~4级,1,东北风,星期二,2,平时,1,4,8.08,0,无价格变动,0,618238,145912169.2,2561.13,18040367.29,8.59,0,313836,106989479.6,4074,12441309.48
2023-9-13,1176450,381280934.7,381281897.5,8329.56,47039461.79,"南京,南京市,江苏省,中国",小雨,7,阴,2,22,21,3~4级,北风,4~5级,2,北风,星期三,3,平时,1,4,8.08,0,无价格变动,0,676215,160956943.6,2716.47,19894596.55,8.59,0,343949,116988263.2,5550.25,13601925.56
2023-9-14,1168469,380681734.4,380682751.2,8340.96,47052938.93,"南京,南京市,江苏省,中国",阴,2,阴,2,25,21,3~4级,北风,<3级,0,北风,星期四,4,平时,1,4,8.08,0,无价格变动,0,657937,154143539.6,3216.14,19052365.36,8.59,0,338803,115050982.9,5058.87,13378522.96
2023-9-15,1172685,380001132.8,380002054.4,8913.62,46901559.4,"南京,南京市,江苏省,中国",阴,2,阵雨,3,25,22,<3级,东南风,<3级,0,北风,星期五,5,平时,1,4,8.08,0,无价格变动,0,663208,157601686.4,2979.18,19490787.69,8.59,0,353259,119893060.4,5907.58,13944363.04
2023-9-16,1288454,406027282,406028824.5,9418.25,50099980.7,"南京,南京市,江苏省,中国",中雨,8,多云,1,26,21,<3级,东风,<3级,0,东南风,星期六,6,平时,1,4,8.08,0,无价格变动,0,741348,171714539.1,4185.05,21236561.44,8.59,0,386212,128104738.9,5176.38,14898696.71
2023-9-17,1504248,459337288.5,459338970,14820.62,56562058.45,"南京,南京市,江苏省,中国",多云,1,晴,0,30,23,<3级,南风,<3级,0,东南风,星期日,7,平时,1,4,8.08,0,无价格变动,0,872642,198919643.9,6827.8,24592382.37,8.59,0,453129,147858679.5,7897.31,17195898.06
2023-9-18,1377627,446788387.4,446789507.1,9292.08,55155196.46,"南京,南京市,江苏省,中国",多云,1,多云,1,32,25,3~4级,东南风,3~4级,1,东南风,星期一,1,平时,1,4,8.08,0,无价格变动,0,773524,181691688.2,3846.69,22464451.91,8.59,0,400315,135590352.4,5366.1,15769746.06
2023-9-19,1830826,608562675.5,608563953.8,12587.38,74978146.62,"南京,南京市,江苏省,中国",雷阵雨,4,雷阵雨,4,32,25,<3级,东南风,4~5级,2,西风,星期二,2,平时,1,4,8.08,0,涨价前两天,-1.55,1026791,250131517.3,4376.09,30923272.2,8.59,0,559601,190370045.5,8096.38,22138520.78
2023-9-20,1967133,660760512.7,660762025.9,13504.15,81473486.17,"南京,南京市,江苏省,中国",阵雨,3,阴,2,26,21,3~4级,北风,4~5级,2,北风,星期三,3,平时,1,4,8.08,0,涨价前一天,-3.1,1110168,271220790.2,5294.22,33525765.62,8.59,0,601099,200730309.4,8133.68,23340508.99
2023-9-21,1085841,351332226.3,351333068.9,6112.79,41736494.45,"南京,南京市,江苏省,中国",小雨,7,阴,2,21,19,3~4级,北风,<3级,0,东北风,星期四,4,平时,1,4,8.39,3.1,涨价当天,3.1,599001,142116196.1,2366.88,16917573.64,8.92,3.3,315810,110645547.8,3736.86,12389968.71
2023-9-22,1109409,362095244.7,362096187.7,6584.5,43122990.66,"南京,南京市,江苏省,中国",阵雨,3,阵雨,3,22,18,3~4级,东风,3~4级,1,东北风,星期五,5,平时,1,4,8.39,0,涨价第二天,2.325,614465,145555612.6,2386.55,17333179.12,8.92,0,323563,112742949.3,4186.38,12625570.63
2023-9-23,1200176,383405931.6,383407563.4,12019.06,45560109.71,"南京,南京市,江苏省,中国",小雨,7,小雨,7,19,18,3~4级,东风,4~5级,2,东北风,星期六,6,平时,1,4,8.39,0,涨价第三天,1.74375,685002,161764087.3,4892.58,19264449.38,8.92,0,350362,120414525,7082.15,13483762.23
2023-9-24,1107582,356412637.5,356414023.5,7777.28,42338773.57,"南京,南京市,江苏省,中国",小雨,7,阴,2,23,20,3~4级,东风,<3级,0,北风,星期日,7,平时,1,4,8.39,0,涨价第四天,1.3078125,631044,148822970.1,2845.24,17718694.88,8.92,0,328914,113057759.2,4913.61,12660539.61
2023-9-25,1314652,423011201.9,423012154.8,7423.21,50300396.96,"南京,南京市,江苏省,中国",阴,2,多云,1,26,21,3~4级,北风,<3级,0,北风,星期一,1,平时,1,4,8.39,0,无价格变动,0,741418,174530489.9,2799.18,20779738.95,8.92,0,377184,130212888.3,4573.53,14581283.46
2023-9-26,1336420,449385977.1,449386930,6914.16,53470129.18,"南京,南京市,江苏省,中国",阴,2,阴,2,27,20,<3级,北风,<3级,0,北风,星期二,2,平时,1,4,8.39,0,无价格变动,0,731304,175520268.3,2157.75,20900766.57,8.92,0,387637,135803790.7,4700.63,15210126.05
2023-9-27,1496725,493372443.8,493373640.2,9274.39,58555260.61,"南京,南京市,江苏省,中国",多云,1,多云,1,27,22,<3级,西北风,<3级,0,东北风,星期三,3,平时,1,4,8.39,0,无价格变动,0,831549,201735323.4,3323.85,24014121.95,8.92,0,444817,155048286.5,5903.95,17361707.43
2023-9-28,1818880,576703508.6,576705714,10242.33,67996518.49,"南京,南京市,江苏省,中国",阴,2,阴,2,27,22,3~4级,北风,3~4级,1,东风,星期四,4,平时,1,4,8.39,0,无价格变动,0,1050291,257753155.6,3874.56,30682031.48,8.92,0,564339,193459975.3,6267.77,21663620.36
2023-9-29,1718256,497588770,497590681.5,9213.11,58366211.63,"南京,南京市,江苏省,中国",阴,2,小雨,7,29,20,3~4级,东风,<3级,0,北风,星期五,5,国庆,6,5,8.39,0,无价格变动,0,1074364,258013899.3,3195.06,30717286.78,8.92,0,528693,173427186.1,5925.12,19420540.72
2023-9-30,1299860,387606532.9,387607990,7618.11,45561410.3,"南京,南京市,江苏省,中国",阴,2,多云,1,23,18,3~4级,北风,3~4级,1,东北风,星期六,6,国庆,6,5,8.39,0,无价格变动,0,786100,188465258.6,3052.09,22441000.26,8.92,0,406333,135303231.8,4522.91,15150910.1
2023-10-1,1252976,368000607.6,368001988.1,1380.53,43195813.88,"南京,南京市,江苏省,中国",阴,2,多云,1,26,18,3~4级,东风,3~4级,1,东风,星期日,7,国庆,6,5,8.39,0,无价格变动,0,757286,179309637.2,530.84,21345341.22,8.92,0,399033,132560940.1,839.38,14843810.28
2023-10-2,1462914,430300515.1,430301734.4,1219.32,50546962.88,"南京,南京市,江苏省,中国",阴,2,小雨,7,22,19,3~4级,东南风,3~4级,1,东风,星期一,1,国庆,6,5,8.39,0,无价格变动,0,884370,209653631,487.69,24955781.89,8.92,0,459652,152914367.8,717.44,17122612.15
2023-10-3,1285489,384310466.8,384311661.2,1194.47,45236531.09,"南京,南京市,江苏省,中国",小雨,7,阴,2,18,17,<3级,东风,3~4级,1,东北风,星期二,2,国庆,6,5,8.39,0,无价格变动,0,768684,183674584.8,310.14,21865241.28,8.92,0,404709,134918741.1,852.25,15108830.46
2023-10-4,1664099,505637297.2,505638807.2,1510.01,59555069.89,"南京,南京市,江苏省,中国",阴,2,多云,1,25,18,3~4级,北风,3~4级,1,东北风,星期三,3,国庆,6,5,8.39,0,无价格变动,0,989379,238108359.9,378.74,28343275.85,8.92,0,523174,174904571,1085.44,19584715.92
2023-10-5,1363819,422758114,422759727.9,1613.92,49989348.86,"南京,南京市,江苏省,中国",多云,1,多云,1,24,15,3~4级,东风,3~4级,1,东北风,星期四,4,国庆,6,5,8.39,0,无价格变动,0,793331,187693725.7,402.79,22341791.05,8.92,0,417876,139156487.7,1191.63,15581917.44
2023-10-6,1434265,436158161.2,436159514.4,1353.26,51629618.4,"南京,南京市,江苏省,中国",多云,1,小雨,7,23,16,3~4级,东风,4~5级,2,东北风,星期五,5,国庆,6,5,8.39,0,无价格变动,0,856030,200859046.6,498.05,23914388.99,8.92,0,418373,138473330.1,843.21,15506943.71
2023-10-7,1162856,380280149.9,380281135.5,985.54,45231075.24,"南京,南京市,江苏省,中国",中雨,8,小雨,7,16,13,3~4级,北风,3~4级,1,东北风,星期六,6,平时,1,4,8.39,0,无价格变动,0,663489,159062116.4,361.02,18940038.18,8.92,0,335386,115714936.8,624.52,12956331.52
2023-10-8,1106936,365022484.2,365023317.8,833.52,43511586.96,"南京,南京市,江苏省,中国",阴,2,阴,2,20,14,<3级,北风,3~4级,1,北风,星期日,7,平时,1,4,8.39,0,无价格变动,0,618158,144513064.1,276,17204122.08,8.92,0,318927,108803407.3,548.52,12183555.28
2023-10-9,1187975,381178518.6,381179299.5,780.95,45474641.57,"南京,南京市,江苏省,中国",阴,2,阴,2,24,15,3~4级,北风,<3级,0,北风,星期一,1,平时,1,4,8.39,0,降价前两天,0.35,664453,151528055.7,244.36,18038047.37,8.92,0,332728,112233005.4,500.79,12566729.85
2023-10-10,1161805,373577271.4,373578076.5,805.14,44676627.85,"南京,南京市,江苏省,中国",多云,1,多云,1,21,14,3~4级,北风,3~4级,1,东北风,星期二,2,平时,1,4,8.39,0,降价前一天,0.7,646480,148808733.1,216.54,17715609.59,8.92,0,330170,111683615.4,588.6,12505100.85
2023-10-11,1181751,405233185.5,405234182.6,997.16,48833828.71,"南京,南京市,江苏省,中国",多云,1,多云,1,23,14,<3级,北风,<3级,0,东北风,星期三,3,平时,1,4,8.32,-0.7,降价当天,-0.7,648639,154981262.9,359.8,18605472.87,8.85,-0.7,339507,117942335.5,581.96,13312006.44
2023-10-12,1096382,372459377.2,372460359.9,982.7,44863641.42,"南京,南京市,江苏省,中国",阴,2,阴,2,23,17,3~4级,东南风,<3级,0,东风,星期四,4,平时,1,4,8.32,0,降价第一天,-0.525,600208,142430651.5,212.19,17096895.89,8.85,0,317552,109838530.2,736.71,12397537.94
2023-10-13,1390694,445609060.1,445610095.4,893.7,53541870.79,"南京,南京市,江苏省,中国",阴,2,多云,1,24,14,3~4级,北风,3~4级,1,西风,星期五,5,平时,1,4,8.32,0,降价第二天,-0.39375,783147,181926660.4,392.15,21845655.52,8.85,0,399922,135573512.9,451.88,15301815.52
2023-10-14,1104616,358390373.3,358391813.3,1439.95,43063433.51,"南京,南京市,江苏省,中国",多云,1,晴,0,24,14,<3级,西北风,<3级,0,西南风,星期六,6,平时,1,4,8.32,0,降价第三天,-0.2953125,617363,143867422.8,454.53,17275722.51,8.85,0,324599,109545282.7,947.06,12363924.75
2023-10-15,1053821,331529465.1,331530951.7,1486.64,39743210.86,"南京,南京市,江苏省,中国",晴,0,晴,0,26,15,<3级,西风,<3级,0,东北风,星期日,7,平时,1,4,8.32,0,无价格变动,0,600518,137932360.2,466.56,16557854.33,8.85,0,314259,104671852.5,952.71,11813784.25
2023-10-16,1091604,365789901.9,365790815.2,913.29,43962410.93,"南京,南京市,江苏省,中国",晴,0,晴,0,26,14,<3级,东南风,<3级,0,东风,星期一,1,平时,1,4,8.32,0,无价格变动,0,598131,141670780.3,253.65,17007121.09,8.85,0,315644,108999985.9,635.78,12302058.92
2023-10-17,1075362,354604859,354605689.3,830.25,42654530.35,"南京,南京市,江苏省,中国",晴,0,晴,0,26,15,3~4级,东南风,3~4级,1,东南风,星期二,2,平时,1,4,8.32,0,无价格变动,0,594973,139128888.2,214.86,16707384.22,8.85,0,306649,104865670.7,604.92,11839094.48
2023-10-18,1045483,347100152.8,347101317.2,872.42,41773493.41,"南京,南京市,江苏省,中国",晴,0,晴,0,27,16,<3级,东南风,3~4级,1,东风,星期三,3,平时,1,4,8.32,0,无价格变动,0,576516,134585547.8,289.71,16156324.36,8.85,0,296750,101539227.1,545.98,11460899.96
2023-10-19,1239270,401398720.2,401399528.7,808.58,48199585.74,"南京,南京市,江苏省,中国",小雨,7,小雨,7,26,13,4~5级,北风,4~5级,2,北风,星期四,4,平时,1,4,8.32,0,无价格变动,0,693384,161581260.7,186.42,19397304.85,8.85,0,356281,121491819.2,586.88,13712364.47
2023-10-20,1381203,446238356.6,446239322.9,966.31,53532329.3,"南京,南京市,江苏省,中国",晴,0,晴,0,20,9,3~4级,北风,3~4级,1,北风,星期五,5,平时,1,4,8.32,0,无价格变动,0,772061,180755940.5,251.65,21704276.01,8.85,0,405898,137357286.6,681.63,15503597.6
2023-10-21,1227620,398410538.4,398411830.4,1292,47834202.87,"南京,南京市,江苏省,中国",晴,0,多云,1,21,9,<3级,东风,<3级,0,东风,星期六,6,平时,1,4,8.32,0,无价格变动,0,684928,159890372.3,418.23,19198672.03,8.85,0,362162,121775767.8,847.09,13744483.94
2023-10-22,1099633,345778327.1,345779935,1607.91,41458436.03,"南京,南京市,江苏省,中国",晴,0,晴,0,23,12,<3级,东南风,<3级,0,东风,星期日,7,平时,1,4,8.32,0,无价格变动,0,623497,143055847.3,488.84,17176006.4,8.85,0,329325,109243104.6,1076.43,12331022.69
2023-10-23,1382789,453349568,453350753.2,1185.18,54406186.96,"南京,南京市,江苏省,中国",晴,0,晴,0,24,12,<3级,东南风,3~4级,1,东南风,星期一,1,平时,1,4,8.32,0,降价前两天,0.3,757623,177934843.9,304.85,21363832.33,8.85,0,403827,138262330.7,803.05,15604976.52
2023-10-24,1086712,354953981.8,354954656,670.18,42710977.06,"南京,南京市,江苏省,中国",晴,0,多云,1,26,15,<3级,西风,<3级,0,东南风,星期二,2,平时,1,4,8.32,0,降价前一天,0.6,597474,138200303.6,235.1,16594904.17,8.85,0,309287,105230401.1,423.6,11879392.45
2023-10-25,1440625,478892524.4,478893468.3,943.92,57997099.05,"南京,南京市,江苏省,中国",阴,2,多云,1,24,14,<3级,东南风,<3级,0,西北风,星期三,3,平时,1,4,8.26,-0.6,降价当天,-0.6,798648,186377084,234.59,22536407.97,8.79,-0.6,413628,140529510,675.62,15969040.83
2023-10-26,1132459,379512931.1,379513823.3,892.18,46002855.9,"南京,南京市,江苏省,中国",晴,0,多云,1,27,15,<3级,东南风,<3级,0,东风,星期四,4,平时,1,4,8.26,0,降价第一天,-0.45,621347,146131318.1,200.86,17671742.13,8.79,0,326438,111775866.4,629.69,12702085.92
2023-10-27,1319223,429024376.2,429025504.1,1127.83,51865200.39,"南京,南京市,江苏省,中国",多云,1,阴,2,24,15,3~4级,东风,<3级,0,东风,星期五,5,平时,1,4,8.26,0,降价第二天,-0.3375,730128,171498931.4,257.13,20745638.13,8.79,0,394420,133926715.8,802.53,15220253.4
2023-10-28,1270897,404382421.9,404383713.2,1291.25,48885836.55,"南京,南京市,江苏省,中国",多云,1,多云,1,24,14,3~4级,东南风,3~4级,1,东南风,星期六,6,平时,1,4,8.26,0,降价第三天,-0.253125,717482,165836935.2,470.24,20061904.7,8.79,0,374222,124778039.4,695.08,14179444.2
2023-10-29,1089435,341091420.1,341093057,1636.84,41190701.27,"南京,南京市,江苏省,中国",多云,1,晴,0,25,14,3~4级,东风,<3级,0,东南风,星期日,7,平时,1,4,8.26,0,无价格变动,0,619803,141651670,372.01,17132229,8.79,0,326104,107752011.7,1177.08,12245588.46
2023-10-30,1061295,350328918.8,350329956,1037.25,42410399.8,"南京,南京市,江苏省,中国",阴,2,晴,0,25,15,<3级,南风,<3级,0,东南风,星期一,1,平时,1,4,8.26,0,无价格变动,0,584771,137083808,290.37,16578282.98,8.79,0,308214,105303591.4,746.58,11966937.22
2023-10-31,1230823,398911506.1,398912371.8,865.67,48384431.88,"南京,南京市,江苏省,中国",晴,0,多云,1,28,16,<3级,东南风,<3级,0,南风,星期二,2,平时,1,4,8.26,0,无价格变动,0,684232,158175656,154.84,19131596.22,8.79,0,351607,118821076.9,677.5,13504888.08
2023-11-1,1061270,350358429.9,350359119.9,689.99,42466252.51,"南京,南京市,江苏省,中国",晴,0,晴,0,28,15,3~4级,南风,<3级,0,东南风,星期三,3,平时,1,4,8.26,0,无价格变动,0,585705,136846708.8,250,16547008.95,8.79,0,302843,103356745,439.99,11745537.12
2023-11-2,1207646,390130957.6,390131871.1,913.56,47232653.47,"南京,南京市,江苏省,中国",晴,0,多云,1,27,16,3~4级,西南风,3~4级,1,南风,星期四,4,平时,1,4,8.26,0,无价格变动,0,670454,156553439.3,253.96,18930441.5,8.79,0,345864,117145196.6,616.34,13312446.79
2023-11-3,1152446,377100566.3,377114329.9,13763.61,45594589.7,"南京,南京市,江苏省,中国",多云,1,多云,1,28,17,<3级,东南风,<3级,0,东风,星期五,5,平时,1,4,8.26,0,无价格变动,0,632086,148515221.3,329.94,17967525.1,8.79,0,342532,116064536.2,552.53,13190984.88
2023-11-4,1110151,357828646.1,357834360.9,5714.86,43258803.82,"南京,南京市,江苏省,中国",阴,2,多云,1,25,17,3~4级,东风,3~4级,1,东南风,星期六,6,平时,1,4,8.26,0,无价格变动,0,622397,144848934.1,366.72,17522644.69,8.79,0,327725,110126478.8,955.5,12515253.74
2023-11-5,1220088,372186661.5,372187868.8,1207.34,44748863.34,"南京,南京市,江苏省,中国",中雨,8,小雨,7,24,11,3~4级,西风,5~6级,3,西北风,星期日,7,平时,1,4,8.26,0,无价格变动,0,713338,165036082.1,381.46,19957724.37,8.79,0,371054,123328719.4,797.1,14014202.41
2023-11-6,1226280,398305419.2,398306264.7,845.47,48138081.44,"南京,南京市,江苏省,中国",晴,0,晴,0,16,6,3~4级,西风,3~4级,1,东北风,星期一,1,平时,1,4,8.26,0,降价前两天,0.55,683063,159869819.6,211.73,19329987.88,8.79,0,354875,120650768.6,582.81,13709606.72
2023-11-7,1053666,340654849.4,340655552.9,703.52,41220829.8,"南京,南京市,江苏省,中国",晴,0,多云,1,19,11,3~4级,东南风,3~4级,1,东南风,星期二,2,平时,1,4,8.26,0,降价前一天,1.1,579860,135085407.6,163.44,16337219.98,8.79,0,302513,102741668.1,508.68,11675528.72
2023-11-8,1150579,393027073.3,393028139.6,1066.32,48328651.44,"南京,南京市,江苏省,中国",多云,1,多云,1,22,12,<3级,南风,3~4级,1,东南风,星期三,3,平时,1,4,8.15,-1.1,降价当天,-1.1,624990,148874232.1,254.36,18244672.92,8.67,-1.2,334637,114501673.4,757.41,13192502.01
2023-11-9,1169850,383818567.9,383819670.1,1102.26,47133840.04,"南京,南京市,江苏省,中国",中雨,8,小雨,7,19,11,3~4级,北风,4~5级,2,东北风,星期四,4,平时,1,4,8.15,0,降价第一天,-0.825,653189,153512871.8,365.74,18813993.99,8.67,0,335556,114109420.3,669.96,13146369.97
2023-11-10,1198466,389112152.5,389113426,1273.49,47630607.53,"南京,南京市,江苏省,中国",小雨,7,多云,1,13,10,3~4级,东北风,3~4级,1,东北风,星期五,5,平时,1,4,8.15,0,降价第二天,-0.61875,669925,159787695.4,366.92,19586393.33,8.67,0,360006,121945746.5,877.69,14050020.68
2023-11-11,1126265,356606856.2,356608282.3,1426.09,43653509.85,"南京,南京市,江苏省,中国",阴,2,小雨,7,14,6,3~4级,北风,3~4级,1,北风,星期六,6,平时,1,4,8.15,0,降价第三天,-0.4640625,641951,149979098.9,477.49,18385286.27,8.67,0,331859,110739899.5,939.6,12759295.45
2023-11-12,1333599,402635413.3,402636842.3,1428.95,49095825.88,"南京,南京市,江苏省,中国",阴,2,小雨,7,11,6,3~4级,北风,3~4级,1,北风,星期日,7,平时,1,4,8.15,0,无价格变动,0,779614,179160145.6,363.8,21953530.37,8.67,0,403161,131862225.8,1027.16,15191510.42
2023-11-13,1319282,418258433,418259312.2,879.15,51140351.63,"南京,南京市,江苏省,中国",多云,1,多云,1,11,2,3~4级,西北风,<3级,0,东风,星期一,1,平时,1,4,8.15,0,无价格变动,0,747233,176184715,236.04,21589115.62,8.67,0,381859,128871139.9,643.11,14846235.12
2023-11-14,1093103,356116687.4,356117660.5,973.14,43699889.97,"南京,南京市,江苏省,中国",晴,0,晴,0,12,2,<3级,西风,<3级,0,东风,星期二,2,平时,1,4,8.15,0,无价格变动,0,605527,142079793.3,231.28,17414454.11,8.67,0,314540,106475621.1,693.08,12269389.55
2023-11-15,1074397,350430052.4,350430856.7,804.25,43030875.18,"南京,南京市,江苏省,中国",多云,1,小雨,7,15,7,<3级,东南风,4~5级,2,西风,星期三,3,平时,1,4,8.15,0,无价格变动,0,596151,139087127.3,198.59,17044704.83,8.67,0,307348,103648662.3,605.66,11941183.04
2023-11-16,1140872,379283925.5,379284609.7,684.23,46565588.95,"南京,南京市,江苏省,中国",多云,1,晴,0,14,4,3~4级,西北风,3~4级,1,西风,星期四,4,平时,1,4,8.15,0,无价格变动,0,627839,148820644.4,265.77,18238278.57,8.67,0,330880,112762732.1,383.03,12991507.82
2023-11-17,1354790,427292942,427294091.6,1149.64,52280177.01,"南京,南京市,江苏省,中国",晴,0,晴,0,14,1,3~4级,西北风,3~4级,1,西北风,星期五,5,平时,1,4,8.15,0,无价格变动,0,752679,174465727.5,346.28,21389736.15,8.67,0,405192,134280076.3,789.53,15474589.45
2023-11-18,1183224,372728645.2,372730254,1608.82,45626845.98,"南京,南京市,江苏省,中国",晴,0,晴,0,14,5,<3级,西南风,<3级,0,南风,星期六,6,平时,1,4,8.15,0,无价格变动,0,658699,151019327.6,364.5,18515658.49,8.67,0,354691,116641608,1199.24,13441295.55
2023-11-19,1158292,357352969.1,357354395.8,1426.73,43763235.58,"南京,南京市,江苏省,中国",晴,0,晴,0,20,5,3~4级,西风,<3级,0,西北风,星期日,7,平时,1,4,8.15,0,无价格变动,0,655197,147730616.5,500.27,18108984.66,8.67,0,345487,112031774.6,891.12,12910752.72
2023-11-20,1052080,326676039.4,326676831.4,791.96,40026230.32,"南京,南京市,江苏省,中国",多云,1,晴,0,20,7,<3级,东南风,<3级,0,东南风,星期一,1,平时,1,4,8.15,0,降价前两天,1.35,585107,131963754.7,296.95,16175068.01,8.67,0,303925,99766815.2,466.84,11496771.55
2023-11-21,1026377,311354986.7,311355581.7,594.95,38162502.6,"南京,南京市,江苏省,中国",晴,0,晴,0,22,8,<3级,东南风,3~4级,1,东南风,星期二,2,平时,1,4,8.15,0,降价前一天,2.7,567116,126044409.3,115.77,15452431.13,8.67,0,295834,96384518.11,449.18,11108548.98
2023-11-22,1235751,412903328.7,412904077.2,748.45,52541230.93,"南京,南京市,江苏省,中国",多云,1,多云,1,23,10,3~4级,西南风,3~4级,1,西北风,星期三,3,平时,1,4,7.88,-2.7,降价当天,-2.7,685857,162510303.4,191.39,20603628.95,8.38,-2.9,357924,119944208.3,533.61,14301414.94
2023-11-23,1079058,351786220.7,351787048.5,827.84,44711635.09,"南京,南京市,江苏省,中国",晴,0,晴,0,17,2,3~4级,北风,4~5级,2,北风,星期四,4,平时,1,4,7.88,0,降价第一天,-2.025,597753,139213790,254.06,17648678.61,8.38,0,313538,104664931.2,560.87,12478163.25
2023-11-24,1182476,379296247.7,379296859.1,611.39,48094739.78,"南京,南京市,江苏省,中国",晴,0,多云,1,11,4,3~4级,北风,<3级,0,东风,星期五,5,平时,1,4,7.88,0,降价第二天,-1.51875,657169,154243551.7,169.45,19559177.18,8.38,0,353141,117241524.6,430.68,13977305.98
2023-11-25,1323595,403363489.3,403364566.2,1076.86,51010831.51,"南京,南京市,江苏省,中国",晴,0,阴,2,14,8,3~4级,东南风,3~4级,1,东南风,星期六,6,平时,1,4,7.88,0,降价第三天,-1.1390625,762027,174456752.3,429.78,22122895.56,8.38,0,393058,127343995.6,616.76,15181595.09
2023-11-26,1087531,329213605.9,329214802.3,1196.4,41637825.12,"南京,南京市,江苏省,中国",阴,2,阴,2,11,5,<3级,西北风,<3级,0,西南风,星期日,7,平时,1,4,7.88,0,无价格变动,0,632744,143906501.8,436.81,18246367.95,8.38,0,323461,104522833.6,722.95,12461487.27
2023-11-27,1088349,348542798.8,348543395.8,597.05,44198054.91,"南京,南京市,江苏省,中国",晴,0,晴,0,17,5,3~4级,西北风,4~5级,2,西北风,星期一,1,平时,1,4,7.88,0,无价格变动,0,602496,140336696.3,122.11,17791787.41,8.38,0,319936,106745953.3,442.39,12725822.32
2023-11-28,1036039,331565667,331566405.5,738.43,42093257.13,"南京,南京市,江苏省,中国",多云,1,多云,1,15,7,3~4级,东南风,<3级,0,东南风,星期二,2,平时,1,4,7.88,0,无价格变动,0,575360,132884132.4,194.94,16849841.2,8.38,0,300688,100060161.2,463.26,11931216.37
2023-11-29,1032897,331897948.8,331898728.7,779.83,42153601.87,"南京,南京市,江苏省,中国",阴,2,多云,1,16,2,3~4级,北风,5~6级,3,北风,星期三,3,平时,1,4,7.88,0,无价格变动,0,572227,132260654.3,270.49,16767100.99,8.38,0,299222,99411785.8,477.52,11851511.5
2023-11-30,1104322,357062147.4,357062912,764.65,45309561.32,"南京,南京市,江苏省,中国",阴,2,多云,1,6,-1,3~4级,北风,4~5级,2,北风,星期四,4,平时,1,4,7.88,0,无价格变动,0,612230,142929739.8,234.37,18118178.71,8.38,0,320541,106921178.2,506.44,12744883.61
2023-12-1,1192245,376640122.8,376640966,843.12,47623979.95,"南京,南京市,江苏省,中国",晴,0,多云,1,9,0,<3级,西北风,<3级,0,东南风,星期五,5,平时,1,4,7.88,0,无价格变动,0,668749,156403655.9,238.33,19831269.69,8.38,0,358089,118553332.4,557.65,14134252.52
2023-12-2,1108960,342967110.1,342968194.8,1084.64,43367012.91,"南京,南京市,江苏省,中国",晴,0,多云,1,11,1,<3级,东南风,<3级,0,东风,星期六,6,平时,1,4,7.88,0,无价格变动,0,632877,145644186.3,282.92,18468482.33,8.38,0,330381,107687429.1,743.68,12838940.32
2023-12-3,1085686,325914532.1,325915454.2,922.17,41131680.05,"南京,南京市,江苏省,中国",多云,1,多云,1,12,2,<3级,东南风,<3级,0,东南风,星期日,7,平时,1,4,7.88,0,无价格变动,0,631952,143569055.9,257.76,18200678.79,8.38,0,325149,104905788.7,657.72,12506504.79
2023-12-4,1053251,332239269.3,332239908.4,639.06,42065939.57,"南京,南京市,江苏省,中国",多云,1,晴,0,14,5,<3级,东南风,<3级,0,西南风,星期一,1,平时,1,4,7.88,0,降价前两天,0.2,592358,136905378.5,149.11,17356334.73,8.38,0,304412,101064987.2,463.07,12048867.21
2023-12-5,1068353,346723328.6,346723957.2,628.64,44013596.99,"南京,南京市,江苏省,中国",多云,1,阴,2,18,7,3~4级,西风,3~4级,1,西风,星期二,2,平时,1,4,7.88,0,降价前一天,0.4,587076,136448690.9,194.24,17301337.08,8.38,0,308342,102895643.6,377.97,12269395.88
2023-12-6,1028452,331419514.5,331420048,533.56,42284933.43,"南京,南京市,江苏省,中国",晴,0,晴,0,16,5,3~4级,西北风,3~4级,1,南风,星期三,3,平时,1,4,7.84,-0.4,降价当天,-0.4,568407,131501988.6,134.91,16755935.42,8.34,-0.4,298735,98943033.98,380.22,11852815.2
2023-12-7,1037717,334132866,334133241.3,375.23,42629547.63,"南京,南京市,江苏省,中国",晴,0,晴,0,20,11,3~4级,西南风,3~4级,1,西南风,星期四,4,平时,1,4,7.84,0,降价第一天,-0.3,570340,131570073.7,155.68,16764761.93,8.34,0,302162,100109323.5,206.32,11992684.71
2023-12-8,1126211,360182399.1,360182945.2,546.07,45892606.12,"南京,南京市,江苏省,中国",多云,1,多云,1,22,11,3~4级,西南风,3~4级,1,南风,星期五,5,平时,1,4,7.84,0,降价第二天,-0.225,617161,142277503.6,124.49,18136735.52,8.34,0,338383,111302747.1,391.04,13335221.33
2023-12-9,1037980,321147637.5,321148485.4,847.84,40912560.31,"南京,南京市,江苏省,中国",多云,1,阴,2,21,11,<3级,东南风,4~5级,2,东北风,星期六,6,平时,1,4,7.84,0,降价第三天,-0.16875,585891,132262621.2,249.05,16860272.28,8.34,0,308636,99359342.91,568.12,11903457.32
2023-12-10,1003086,302326616.4,302327342.3,725.95,38371054.2,"南京,南京市,江苏省,中国",小雨,7,中雨,8,14,8,3~4级,北风,4~5级,2,北风,星期日,7,平时,1,4,7.84,0,无价格变动,0,586108,133853640.8,300.8,17058037.73,8.34,0,301936,97617064.47,408.65,11693753.87
2023-12-11,1065067,336853062.4,336853581.2,503.66,42791812.09,"南京,南京市,江苏省,中国",小雨,7,阴,2,8,2,3~4级,北风,4~5级,2,北风,星期一,1,平时,1,4,7.84,0,无价格变动,0,605218,143300967,123.4,18256913.36,8.34,0,317124,105871895.6,315.02,12681965.55
2023-12-12,1114056,352086177.7,352086649.6,471.9,44834302.13,"南京,南京市,江苏省,中国",阴,2,多云,1,7,1,3~4级,东北风,3~4级,1,东风,星期二,2,平时,1,4,7.84,0,无价格变动,0,624956,144926607.9,130.09,18468979.54,8.34,0,325294,107365825.2,330.3,12863311.32
2023-12-13,1042699,335130684.4,335131270.9,586.5,42708377.16,"南京,南京市,江苏省,中国",小雨,7,中雨,8,10,9,3~4级,东南风,<3级,0,东风,星期三,3,平时,1,4,7.84,0,无价格变动,0,577681,134408060.2,147.28,17125752.08,8.34,0,304957,101269503.3,398.8,12131667.98
2023-12-14,1033206,329922361.3,329923062.2,700.95,42026566.92,"南京,南京市,江苏省,中国",阴,2,小到中雨,21,16,5,<3级,西北风,5~6级,3,西北风,星期四,4,平时,1,4,7.84,0,无价格变动,0,570206,132553107.8,222.26,16890557.7,8.34,0,303578,100234143.4,428.21,12007248.57
2023-12-15,1225962,387605429,387606154.8,725.77,49307949.99,"南京,南京市,江苏省,中国",小雨,7,雨夹雪,6,3,-3,3~4级,西北风,5~6级,3,西北风,星期五,5,平时,1,4,7.84,0,无价格变动,0,674767,157730927.9,192.88,20103525.64,8.34,0,362822,119175704.3,499.35,14276149.21
2023-12-16,1228725,369148036.7,369148550.7,513.95,46842147.16,"南京,南京市,江苏省,中国",多云,1,多云,1,0,-5,3~4级,北风,3~4级,1,北风,星期六,6,平时,1,4,7.84,0,无价格变动,0,702737,159906355,210.8,20380541.4,8.34,0,362807,116319205.1,291.24,13932382.84
2023-12-17,1133642,329325919.9,329326476.5,556.65,41728098.65,"南京,南京市,江苏省,中国",多云,1,阴,2,0,-2,3~4级,北风,3~4级,1,东北风,星期日,7,平时,1,4,7.84,0,无价格变动,0,661436,147909904.5,171.54,18847379.52,8.34,0,339317,106988300.9,356.49,12816063.87
2023-12-18,1235805,366059607,366059932,324.95,46383272.24,"南京,南京市,江苏省,中国",大到暴雪,28,中雪,15,1,0,<3级,东风,<3级,0,西北风,星期一,1,平时,1,4,7.84,0,降价前两天,1.7,710355,162570515.1,124.06,20710429.26,8.34,0,363814,116871978.7,200.89,13995994.8
2023-12-19,1011120,298968597.1,298968883.4,283.3,37977566.14,"南京,南京市,江苏省,中国",小雪,14,多云,1,1,-3,3~4级,北风,3~4级,1,北风,星期二,2,平时,1,4,7.84,0,降价前一天,3.4,572212,128194347.3,68.19,16337460.39,8.34,0,293867,93445950.09,192.77,11195338.89
2023-12-20,1406640,448683845,448683845,0,59661890.1,"南京,南京市,江苏省,中国",晴,0,晴,0,2,-6,3~4级,北风,4~5级,2,北风,星期三,3,平时,1,4,7.5,-3.4,降价当天,-3.4,790574,186754985.7,0,24873644.02,7.98,-3.6,416677,135613954.3,0,16977598.96
2023-12-21,1278218,396494586,396494586,0,52644696.94,"南京,南京市,江苏省,中国",晴,0,晴,0,-1,-7,3~4级,北风,3~4级,1,西北风,星期四,4,平时,1,4,7.5,0,降价第一天,-2.55,716276,167129141.2,0,22261091.83,7.98,0,378897,122226423.2,0,15300479.44
2023-12-22,1308745,404853449,404853449.1,0,53716222.81,"南京,南京市,江苏省,中国",多云,1,阴,2,0,-4,3~4级,北风,<3级,0,东北风,星期五,5,平时,1,4,7.5,0,降价第二天,-1.9125,729757,169388637,0,22569163.59,7.98,0,396767,127152801.3,0,15919613.26
2023-12-23,1141009,345768641.1,345768641.1,0.07,45879059.38,"南京,南京市,江苏省,中国",多云,1,多云,1,2,-4,<3级,东南风,<3级,0,西风,星期六,6,平时,1,4,7.5,0,降价第三天,-1.434375,651947,149278407.5,0,19892370.49,7.98,0,345135,109363847.4,0,13692535.92
2023-12-24,1119576,330935704.3,330935707.7,0,43846317.21,"南京,南京市,江苏省,中国",晴,0,晴,0,6,-4,3~4级,西北风,<3级,0,西北风,星期日,7,平时,1,4,7.5,0,无价格变动,0,649307,146681814.6,0,19540947.34,7.98,0,341147,107044078.4,0,13401802.11
2023-12-25,1134511,349357790.1,349357790.1,0,46392936.64,"南京,南京市,江苏省,中国",晴,0,阴,2,7,-2,<3级,南风,3~4级,1,东南风,星期一,1,平时,1,4,7.5,0,无价格变动,0,638155,146197141.5,0,19474026.41,7.98,0,337432,108490039.7,0,13581142.14
2023-12-26,1072045,335929197.6,335929197.6,0,44738960.24,"南京,南京市,江苏省,中国",阴,2,多云,1,9,0,3~4级,东风,3~4级,1,东风,星期二,2,平时,1,4,7.5,0,无价格变动,0,598525,136598166.5,0,18197697.29,7.98,0,312581,100765706.7,0,12615383.66
2023-12-27,1054896,332618128.4,332618128.4,0,44334481.65,"南京,南京市,江苏省,中国",多云,1,晴,0,12,0,<3级,西北风,<3级,0,北风,星期三,3,平时,1,4,7.5,0,无价格变动,0,584640,132897195.7,0,17697523.09,7.98,0,307563,98884552.88,0,12377629.74
2023-12-28,1032115,323028612.7,323028614.7,2,42986493.14,"南京,南京市,江苏省,中国",晴,0,多云,1,12,3,3~4级,北风,<3级,0,东风,星期四,4,平时,1,4,7.5,0,无价格变动,0,579368,132027565.2,0,17582398.1,7.98,0,292904,94087184.05,0,11777352.8
2023-12-29,1218840,372592734.2,372592811.9,77.72,49432247.01,"南京,南京市,江苏省,中国",多云,1,小雨,7,12,5,3~4级,东南风,<3级,0,东南风,星期五,5,平时,1,4,7.5,0,无价格变动,0,682637,156156281.9,0,20804389.52,7.98,0,368280,117589759,2.56,14719688.83
2023-12-30,1126207,341635923.3,341635926.3,3.01,45312200.19,"南京,南京市,江苏省,中国",阴,2,晴,0,14,1,<3级,西南风,4~5级,2,西北风,星期六,6,平时,1,4,7.5,0,无价格变动,0,643768,146443772.7,1.38,19510503.81,7.98,0,344052,109081166.5,1.18,13654153.46
